{
"type": "FeatureCollection",
"name": "Linea_Proyecto_Electrico",
"crs": { "type": "name", "properties": { "name": "urn:ogc:def:crs:OGC:1.3:CRS84" } },
"features": [
{ "type": "Feature", "properties": { "T_LICENCIA": "Licencia Ambiental", "SECTOR": "077000104", "EXPEDIENTE": "LAM3545", "RESOLUCION": "2118", "PROYECTO": "CONSTRUCCIÓN Y OPERACIÓN DE UNA PLANTA CARBOELÉCTRICA CON SU LÍNEA DE TRANSMISIÓN", "TIPO_INFRA": "Línea de Transmisión", "DESCRIP": "De la Carboeléctrica", "FUENTE": "Res. 2118", "CAPACIDAD": null, "LONGITUD_K": 12.458071757500001, "SHAPE_Leng": 0.112815648837 }, "geometry": { "type": "LineString", "coordinates": [ [ -75.632362974999978, 7.882605431000059 ], [ -75.628586204999976, 7.882775804000062 ], [ -75.611512020999953, 7.90266267100003 ], [ -75.602555205999977, 7.915733127000067 ], [ -75.595876440999973, 7.923922323000056 ], [ -75.57705085799995, 7.930245450000029 ], [ -75.55965310299996, 7.934702512000058 ], [ -75.549233736999952, 7.931090410000024 ], [ -75.547891990999972, 7.929073107000022 ], [ -75.547936041999947, 7.925903849000065 ], [ -75.548884581999971, 7.924174036000068 ] ] } },
{ "type": "Feature", "properties": { "T_LICENCIA": "Licencia Ambiental", "SECTOR": "077000104", "EXPEDIENTE": "LAM4284", "RESOLUCION": "251", "PROYECTO": "PROYECTO TERMOELÉCTRICO TERMOCOL", "TIPO_INFRA": "Línea de Transmisión", "DESCRIP": "Modificación Termocol", "FUENTE": "Res. 251", "CAPACIDAD": null, "LONGITUD_K": 0.69007451193299996, "SHAPE_Leng": 0.0062886844239299997 }, "geometry": { "type": "LineString", "coordinates": [ [ -74.103462127999933, 11.25566292700006 ], [ -74.104799296999943, 11.256494509000049 ], [ -74.106594179999945, 11.255301028000076 ], [ -74.108187842999939, 11.256674983000039 ], [ -74.108004634999986, 11.256259152000041 ] ] } },
{ "type": "Feature", "properties": { "T_LICENCIA": "Licencia Ambiental", "SECTOR": "Energía", "EXPEDIENTE": "LAM2320", "RESOLUCION": "278", "PROYECTO": "CABLE SUBMARINO FIBRA DE ÓPTICA ARCOS 1", "TIPO_INFRA": "Línea de Interconexión", "DESCRIP": "Ruta Punto Fijo-Rioacha", "FUENTE": "Empresa", "CAPACIDAD": null, "LONGITUD_K": 372.16558559600003, "SHAPE_Leng": 3.3978438089299998 }, "geometry": { "type": "LineString", "coordinates": [ [ -70.209666666999965, 11.7085 ], [ -70.22555, 11.70855 ], [ -70.244433332999961, 11.712083333000066 ], [ -70.2675, 11.712216667000064 ], [ -70.366666665999958, 11.716666666000037 ], [ -70.841666665999981, 12.1 ], [ -71.116666666999947, 12.308333334000054 ], [ -71.4675, 12.535833333000028 ], [ -71.605166665999946, 12.535166667000055 ], [ -72.228333332999966, 12.28 ], [ -72.5709, 12.0 ], [ -72.836666666999974, 11.858333333000076 ], [ -72.901666666999972, 11.6625 ], [ -72.898166666999941, 11.556666667000059 ] ] } },
{ "type": "Feature", "properties": { "T_LICENCIA": "Licencia Ambiental", "SECTOR": "Energía", "EXPEDIENTE": "LAM2320", "RESOLUCION": "278", "PROYECTO": "CABLE SUBMARINO FIBRA DE ÓPTICA ARCOS 1", "TIPO_INFRA": "Línea de Interconexión", "DESCRIP": "Ruta Rioacha-Cartagena", "FUENTE": "Empresa", "CAPACIDAD": null, "LONGITUD_K": 350.33867916600002, "SHAPE_Leng": 3.1995596430100002 }, "geometry": { "type": "LineString", "coordinates": [ [ -72.898166666999941, 11.556666667000059 ], [ -73.049166666999952, 11.613333333000071 ], [ -73.954366666999988, 11.467883333000032 ], [ -74.2, 11.466666666000037 ], [ -74.788816665999946, 11.175333333000026 ], [ -74.840916666999988, 11.104083333000062 ], [ -74.855083332999982, 11.09705 ], [ -75.021666666999977, 11.075 ], [ -75.458333333999974, 10.821666667000045 ], [ -75.56166666699994, 10.613333333000071 ], [ -75.599666665999962, 10.500983334000068 ], [ -75.535716665999985, 10.44106666600004 ], [ -75.534166666999965, 10.43833333300006 ] ] } },
{ "type": "Feature", "properties": { "T_LICENCIA": "Licencia Ambiental", "SECTOR": "Energía", "EXPEDIENTE": "LAM2320", "RESOLUCION": "278", "PROYECTO": "CABLE SUBMARINO FIBRA DE ÓPTICA ARCOS 1", "TIPO_INFRA": "Línea de Interconexión", "DESCRIP": "Ruta Cartagena-Ustupo", "FUENTE": "Empresa", "CAPACIDAD": null, "LONGITUD_K": 314.45997526899998, "SHAPE_Leng": 2.8573218687000002 }, "geometry": { "type": "LineString", "coordinates": [ [ -75.534166666999965, 10.43833333300006 ], [ -75.53485, 10.438983334000056 ], [ -75.537816665999969, 10.439166667000052 ], [ -75.603566666999939, 10.50076666700005 ], [ -75.8, 10.543333333000021 ], [ -77.735, 9.35 ], [ -77.866666665999958, 9.211666667000031 ], [ -77.883333332999939, 9.182366666000064 ], [ -77.92985, 9.13805 ] ] } },
{ "type": "Feature", "properties": { "T_LICENCIA": "Licencia Ambiental", "SECTOR": "Energía", "EXPEDIENTE": "LAM4372", "RESOLUCION": "2327", "PROYECTO": "LÍNEA DE CONEXIÓN DE LA SUBESTACIÓN PORCE III A LA LÍNEA DE TRANSMISIÓN A 500 KV SAN CARLOS - CERROMATOSO I", "TIPO_INFRA": "Línea de interconexión", "DESCRIP": "Porce III-San Carlos Cerromatoso", "FUENTE": "Empresa", "CAPACIDAD": "500 kV", "LONGITUD_K": 141.40677592599999, "SHAPE_Leng": 1.27854405768 }, "geometry": { "type": "LineString", "coordinates": [ [ -75.102939686999946, 6.981397681000033 ], [ -75.105783863999989, 6.97675801400004 ], [ -75.112547980999977, 6.970963497000071 ], [ -75.123335926999971, 6.973075393000045 ], [ -75.144553994999967, 6.960875215000044 ], [ -75.16826389199997, 6.948748023000064 ], [ -75.188302773999965, 6.943638031000035 ], [ -75.195020846999967, 6.932885833000057 ], [ -75.197894865999956, 6.926958189000061 ], [ -75.200901217999956, 6.923473959000034 ], [ -75.20234852599998, 6.921157402000063 ], [ -75.226441837999971, 6.879017487000056 ], [ -75.227205632999983, 6.878750824000065 ], [ -75.227533499999936, 6.880772843000045 ], [ -75.246838912999976, 6.903550429000063 ], [ -75.25133230299997, 6.914048026000046 ], [ -75.256575638999948, 6.929128348000063 ], [ -75.260848517999989, 6.938676423000061 ], [ -75.265134564999983, 6.947620771000061 ], [ -75.270287995, 6.958781463000037 ], [ -75.28498811299994, 6.998045941000044 ], [ -75.294186063999973, 7.032504276000054 ], [ -75.301642639999955, 7.046769837000056 ], [ -75.308830465999961, 7.064770751000026 ], [ -75.312317018999977, 7.074956450000059 ], [ -75.313495960999944, 7.084574583000062 ], [ -75.31533572799998, 7.100889231000053 ], [ -75.315482652999947, 7.112131649000048 ], [ -75.318316879999941, 7.123831907000067 ], [ -75.319123768999987, 7.129399975000069 ], [ -75.317991366999934, 7.140831652000031 ], [ -75.328014739999958, 7.182626197000047 ], [ -75.330069365999975, 7.206632540000044 ], [ -75.330868543999941, 7.218797765000033 ], [ -75.328236206999975, 7.250514050000049 ], [ -75.328656982999973, 7.259797112000058 ], [ -75.328743234999934, 7.264103870000042 ], [ -75.328544832999967, 7.268669173000035 ], [ -75.330394238999986, 7.278107823000028 ], [ -75.330690312999934, 7.28118209400003 ], [ -75.331107611999983, 7.302923981000049 ], [ -75.332559942999978, 7.323888218000036 ], [ -75.344456462999972, 7.350307906000069 ], [ -75.347040809999953, 7.362974180000037 ], [ -75.353401484999949, 7.392391763000035 ], [ -75.353647045999935, 7.46643754400003 ], [ -75.374413172999937, 7.508601879000025 ], [ -75.380325038999956, 7.525560480000024 ], [ -75.421100821999971, 7.601504484000031 ], [ -75.429762742999969, 7.64749041500005 ], [ -75.43086662199994, 7.653667977000055 ], [ -75.43175477799997, 7.658064216000071 ], [ -75.446539947999952, 7.736518772000068 ], [ -75.467574570999943, 7.816769180000051 ], [ -75.492635190999977, 7.929652010000041 ], [ -75.494676481999988, 7.934485825000024 ] ] } },
{ "type": "Feature", "properties": { "T_LICENCIA": "Licencia Ambiental", "SECTOR": "Energía", "EXPEDIENTE": "LAM4313", "RESOLUCION": "2403", "PROYECTO": "LÍNEA SUBESTACIÓN COMUNEROS – CAMPO 22 A 230 KV Y OBRAS ASOCIADAS", "TIPO_INFRA": "Línea de interconexión", "DESCRIP": "Comuneros-Campo 22", "FUENTE": "Empresa", "CAPACIDAD": "230 kV", "LONGITUD_K": 17.23731371, "SHAPE_Leng": 0.15590848157199999 }, "geometry": { "type": "LineString", "coordinates": [ [ -73.81491823999994, 7.067749287000026 ], [ -73.813538953999966, 7.069219210000028 ], [ -73.810044089999963, 7.069876264000072 ], [ -73.806472829999962, 7.068241315000023 ], [ -73.790945729999976, 7.055974406000075 ], [ -73.785045001999947, 7.044394930000067 ], [ -73.779644288999975, 7.037346582000055 ], [ -73.773368540999968, 7.029755610000052 ], [ -73.764512346999936, 7.012709279000035 ], [ -73.761611276999986, 7.009547594000026 ], [ -73.757562557999961, 7.006309959000021 ], [ -73.753546007999944, 7.002190699000039 ], [ -73.753114179999955, 6.997235360000047 ], [ -73.752791808999973, 6.966146483000045 ], [ -73.752899294999963, 6.961256347000074 ], [ -73.756609203999972, 6.954479245000073 ], [ -73.759412655999938, 6.950340643000061 ], [ -73.761671828999965, 6.94770528600003 ], [ -73.76399846399994, 6.945361394000031 ] ] } },
{ "type": "Feature", "properties": { "T_LICENCIA": "Licencia Ambiental", "SECTOR": "Energía", "EXPEDIENTE": "LAM1252", "RESOLUCION": "879", "PROYECTO": "LÍNEA SUBESTACIÓN COMUNEROS – CAMPO 22 A 230 KV Y OBRAS ASOCIADAS", "TIPO_INFRA": "Línea de Transmisión", "DESCRIP": "Comuneros-Campo", "FUENTE": "Empresa", "CAPACIDAD": "230 kV", "LONGITUD_K": 160.09455549800001, "SHAPE_Leng": 1.4473742443299999 }, "geometry": { "type": "MultiLineString", "coordinates": [ [ [ -74.693693895999957, 5.77833492600007 ], [ -74.693228730999977, 5.776700868000034 ], [ -74.692049733999966, 5.765850416000035 ], [ -74.691414872999985, 5.761006730000076 ], [ -74.690452135999976, 5.75078108200006 ], [ -74.693795186999978, 5.737118150000072 ], [ -74.695977384999935, 5.728586821000022 ], [ -74.695835745999943, 5.724328080000021 ], [ -74.694637013999966, 5.71340076000007 ], [ -74.688635835999946, 5.697284898000021 ], [ -74.686934811999947, 5.684827678000033 ], [ -74.684652881999966, 5.674590907000038 ], [ -74.684899510999969, 5.668184249000035 ], [ -74.686072231999958, 5.650670498000068 ], [ -74.686315014999934, 5.642726697000057 ], [ -74.686779103999982, 5.633325669000044 ], [ -74.686737440999934, 5.621396745000027 ], [ -74.687124798999946, 5.618525461000047 ], [ -74.69284485299994, 5.58567589300003 ], [ -74.696358263999969, 5.572602834000065 ], [ -74.697440429999972, 5.563732411000046 ], [ -74.69875462899995, 5.55776316400005 ], [ -74.699599563999982, 5.553487568000037 ], [ -74.699987087999943, 5.550843447000034 ], [ -74.701037226999972, 5.546441043000073 ], [ -74.701123354999936, 5.539785897000058 ], [ -74.70085217999997, 5.535034488000065 ], [ -74.701243265999949, 5.521171199000037 ], [ -74.704694002999986, 5.501397890000021 ], [ -74.705992170999934, 5.496424430000047 ], [ -74.704748271999961, 5.493366088000073 ], [ -74.703832295999973, 5.490023678000057 ], [ -74.704701829999976, 5.487230978000071 ], [ -74.704594098999962, 5.475268235000044 ], [ -74.701934325999957, 5.47069446200004 ], [ -74.70191742999998, 5.467981813000051 ], [ -74.700600731999941, 5.46039673000007 ], [ -74.699928755999963, 5.457868977000032 ], [ -74.699789350999936, 5.451719264000076 ], [ -74.707088844999987, 5.443588384000066 ], [ -74.715697512999952, 5.434349506000046 ], [ -74.718446107999966, 5.429081806000056 ], [ -74.721453923999945, 5.427443129000039 ], [ -74.721880760999966, 5.426862808000067 ] ], [ [ -74.707033558999967, 5.878780918000075 ], [ -74.706870936999962, 5.877605156000072 ], [ -74.707021262999945, 5.870205172000055 ], [ -74.706715233999944, 5.861442551000039 ], [ -74.707264179999981, 5.855252620000044 ], [ -74.707083921999981, 5.850997364000023 ], [ -74.70689503899996, 5.84654547100007 ], [ -74.706517204999955, 5.837629220000053 ], [ -74.706413495999982, 5.835183442000073 ], [ -74.703488203999939, 5.821892486000024 ], [ -74.702289345999986, 5.817486918000043 ], [ -74.70163152799995, 5.815540165000073 ], [ -74.700953757999969, 5.811375904000045 ], [ -74.699475355999937, 5.805165594000073 ], [ -74.699111211999934, 5.801868992000038 ], [ -74.698381359999985, 5.798499288000073 ], [ -74.696964837999985, 5.793614697000066 ], [ -74.696381156999962, 5.789220876000059 ], [ -74.695095551999941, 5.783258958000033 ], [ -74.693693895999957, 5.77833492600007 ] ], [ [ -74.715211458999988, 5.977140313000064 ], [ -74.715211573999966, 5.97714423900004 ] ], [ [ -74.715211573999966, 5.97714423900004 ], [ -74.714914507999936, 5.970173425000041 ], [ -74.71588871199998, 5.960366183000076 ], [ -74.715005375999965, 5.956403371000022 ], [ -74.714647256999967, 5.952705576000028 ], [ -74.713294251999969, 5.94272694700004 ], [ -74.713518848999968, 5.939228551000042 ], [ -74.713623622999989, 5.934627127000056 ], [ -74.713308634999976, 5.931109015000061 ], [ -74.711913297999956, 5.920522296000058 ], [ -74.709019831999967, 5.893076054000062 ], [ -74.707033558999967, 5.878780918000075 ] ], [ [ -74.715211573999966, 5.97714423900004 ], [ -74.71532418399994, 5.980523762000075 ] ], [ [ -74.715209750999975, 5.983508111000049 ], [ -74.715324609999982, 5.980524187000071 ] ], [ [ -74.691127965999954, 6.036022110000033 ], [ -74.693241272999956, 6.032158862000074 ], [ -74.695691472999954, 6.027679703000047 ], [ -74.695568659999935, 6.018227996000064 ], [ -74.695515277999959, 6.014110815000038 ], [ -74.695761484999935, 6.010153091000063 ], [ -74.714980629999957, 5.989400699000043 ], [ -74.715061403999982, 5.987301741000067 ], [ -74.715209750999975, 5.983508111000049 ] ], [ [ -74.622003518999975, 6.227202625000075 ], [ -74.624265204999972, 6.221422286000063 ], [ -74.625519340999972, 6.218216925000036 ], [ -74.639551992999941, 6.207100711000066 ], [ -74.649637915999961, 6.183806598000047 ], [ -74.652617677999956, 6.171557323000059 ], [ -74.654953506999959, 6.16255403200006 ], [ -74.655899903999966, 6.158906441000056 ], [ -74.654141223999943, 6.130465567000044 ], [ -74.665328759999966, 6.106479507000074 ], [ -74.665828153999939, 6.102864707000037 ], [ -74.667248774999962, 6.092583103000038 ], [ -74.669673735999936, 6.075031165000041 ], [ -74.670198897999967, 6.071229559000074 ], [ -74.674292152999953, 6.066790139000034 ], [ -74.684355147999952, 6.04839535900004 ], [ -74.691127965999954, 6.036022110000033 ] ], [ [ -74.564956548999987, 6.237011814000027 ], [ -74.565017727999987, 6.236630296000044 ] ], [ [ -74.565017727999987, 6.236630296000044 ], [ -74.566433760999985, 6.236690382000063 ], [ -74.569650019999983, 6.237224592000075 ], [ -74.586015259999954, 6.237848821000057 ], [ -74.615553940999973, 6.237414849000061 ], [ -74.619124306999936, 6.234560975000022 ], [ -74.619963248999966, 6.23241710800005 ], [ -74.622003518999975, 6.227202625000075 ] ], [ [ -74.707033558999967, 5.878780918000075 ], [ -74.706870936999962, 5.877605156000072 ], [ -74.706935140999974, 5.874441483000055 ], [ -74.707021262999945, 5.870205172000055 ], [ -74.706852805999972, 5.865385895000031 ], [ -74.706715233999944, 5.861442551000039 ], [ -74.707264179999981, 5.855252620000044 ], [ -74.707083921999981, 5.850997364000023 ], [ -74.70689503899996, 5.84654547100007 ], [ -74.706413495999982, 5.835183442000073 ], [ -74.704240778999974, 5.82531072200004 ], [ -74.703488203999939, 5.821892486000024 ], [ -74.702289345999986, 5.817486918000043 ], [ -74.70163152799995, 5.815540165000073 ], [ -74.700953757999969, 5.811375904000045 ], [ -74.699475355999937, 5.805165594000073 ], [ -74.699111211999934, 5.801868992000038 ], [ -74.698381359999985, 5.798499288000073 ], [ -74.696964837999985, 5.793614697000066 ], [ -74.696381156999962, 5.789220876000059 ], [ -74.696040349999976, 5.787637707000044 ], [ -74.695095551999941, 5.783258958000033 ], [ -74.693693895999957, 5.77833492600007 ] ], [ [ -74.715211573999966, 5.97714423900004 ], [ -74.714994887999978, 5.972810243000026 ], [ -74.714914507999936, 5.970173425000041 ], [ -74.715474796999956, 5.96460174300006 ], [ -74.71588871199998, 5.960366183000076 ], [ -74.715005375999965, 5.956403371000022 ], [ -74.714647256999967, 5.952705576000028 ], [ -74.714083994999953, 5.948288048000052 ], [ -74.713294251999969, 5.94272694700004 ], [ -74.713518848999968, 5.939228551000042 ], [ -74.713623622999989, 5.934627127000056 ], [ -74.713308634999976, 5.931109015000061 ], [ -74.712838758999965, 5.927860037000073 ], [ -74.711913297999956, 5.920522296000058 ], [ -74.710165656999948, 5.903736492000064 ], [ -74.709019831999967, 5.893076054000062 ], [ -74.708296754999935, 5.887909303000072 ], [ -74.707033558999967, 5.878780918000075 ] ], [ [ -74.715211573999966, 5.97714423900004 ], [ -74.715212103999988, 5.977154664000068 ], [ -74.715211573999966, 5.97714423900004 ] ], [ [ -74.715209750999975, 5.983508111000049 ], [ -74.715324406999969, 5.980524410000044 ] ], [ [ -74.691127965999954, 6.036022110000033 ], [ -74.695691472999954, 6.027679703000047 ], [ -74.695515277999959, 6.014110815000038 ], [ -74.695761484999935, 6.010153091000063 ], [ -74.70044982099995, 6.005074187000048 ], [ -74.714980629999957, 5.989400699000043 ], [ -74.715209750999975, 5.983508111000049 ] ], [ [ -74.622003518999975, 6.227202625000075 ], [ -74.625519340999972, 6.218216925000036 ], [ -74.62631758699996, 6.217586018000077 ], [ -74.639551992999941, 6.207100711000066 ], [ -74.646360084999969, 6.191431606000037 ], [ -74.649637915999961, 6.183806598000047 ], [ -74.651616386999933, 6.175673350000068 ], [ -74.652617677999956, 6.171557323000059 ], [ -74.655899903999966, 6.158906441000056 ], [ -74.655063951999978, 6.145338741000046 ], [ -74.654141223999943, 6.130465567000044 ], [ -74.660366413999952, 6.117118971000025 ], [ -74.665328759999966, 6.106479507000074 ], [ -74.667248774999962, 6.092583103000038 ], [ -74.670198897999967, 6.071229559000074 ], [ -74.672520460999976, 6.068711695000047 ], [ -74.674292152999953, 6.066790139000034 ], [ -74.691127965999954, 6.036022110000033 ] ], [ [ -74.56480419899998, 6.236951417000057 ], [ -74.565017727999987, 6.236630296000044 ] ], [ [ -74.565017727999987, 6.236630296000044 ], [ -74.566433760999985, 6.236690382000063 ], [ -74.569650019999983, 6.237224592000075 ], [ -74.582743363999953, 6.237724097000068 ], [ -74.586015259999954, 6.237848821000057 ], [ -74.599953659999983, 6.237647204000041 ], [ -74.615553940999973, 6.237414849000061 ], [ -74.616965506999975, 6.23628659600007 ], [ -74.619124306999936, 6.234560975000022 ], [ -74.622003518999975, 6.227202625000075 ] ] ] } },
{ "type": "Feature", "properties": { "T_LICENCIA": "Licencia Ambiental", "SECTOR": "Energía", "EXPEDIENTE": "LAM0304", "RESOLUCION": "1235", "PROYECTO": "LÍNEA DE INTERCONEXIÓN ELÉCTRICA BETANIA-MIROLINDO", "TIPO_INFRA": "Línea de Interconexión", "DESCRIP": "Betania-Mirolindo", "FUENTE": "Empresa", "CAPACIDAD": null, "LONGITUD_K": 206.08235480600001, "SHAPE_Leng": 1.86185720527 }, "geometry": { "type": "MultiLineString", "coordinates": [ [ [ -75.337592308999945, 2.998089695000033 ], [ -75.336907913999937, 3.002164857000025 ] ], [ [ -75.334853205999934, 3.014399422000054 ], [ -75.334243666999953, 3.01802874200007 ] ], [ [ -75.255924161999985, 3.778548955000076 ], [ -75.257822038999961, 3.783599852000066 ] ], [ [ -75.253428783999937, 3.771907454000029 ], [ -75.255924161999985, 3.778548955000076 ] ], [ [ -75.251794807999943, 3.767558781000048 ], [ -75.253428783999937, 3.771907454000029 ] ], [ [ -75.24922702799995, 3.762846683000021 ], [ -75.251794807999943, 3.767558781000048 ] ], [ [ -75.247087310999973, 3.758919991000027 ], [ -75.24922702799995, 3.762846683000021 ] ], [ [ -75.245928832999937, 3.756793928000036 ], [ -75.247087310999973, 3.758919991000027 ] ], [ [ -75.244286171999988, 3.753779439000027 ], [ -75.245928832999937, 3.756793928000036 ] ], [ [ -75.241701264999961, 3.749035616000072 ], [ -75.244286171999988, 3.753779439000027 ] ], [ [ -75.239779811999938, 3.745452864000072 ], [ -75.241701264999961, 3.749035616000072 ] ], [ [ -75.237730230999944, 3.741672473000051 ], [ -75.239779811999938, 3.745452864000072 ] ], [ [ -75.23556339199996, 3.73777117000003 ], [ -75.237730230999944, 3.741672473000051 ] ], [ [ -75.232050120999986, 3.733601536000037 ], [ -75.23556339199996, 3.73777117000003 ] ], [ [ -75.229380378999963, 3.730432910000047 ], [ -75.232050120999986, 3.733601536000037 ] ], [ [ -75.226588516999982, 3.727119376000076 ], [ -75.229380378999963, 3.730432910000047 ] ], [ [ -75.225518367999939, 3.725849172000039 ], [ -75.226588516999982, 3.727119376000076 ] ], [ [ -75.221458504999987, 3.721030537000047 ], [ -75.225518367999939, 3.725849172000039 ] ], [ [ -75.218655075999948, 3.717703114000074 ], [ -75.221458504999987, 3.721030537000047 ] ], [ [ -75.215921445999982, 3.714458505000039 ], [ -75.218655075999948, 3.717703114000074 ] ], [ [ -75.212716658999966, 3.710654681000051 ], [ -75.215921445999982, 3.714458505000039 ] ], [ [ -75.209605012999987, 3.706961340000021 ], [ -75.212716658999966, 3.710654681000051 ] ], [ [ -75.207645003999971, 3.704634838000061 ], [ -75.209605012999987, 3.706961340000021 ] ], [ [ -75.203332762999935, 3.701145763000056 ], [ -75.207645003999971, 3.704634838000061 ] ], [ [ -75.201187145999938, 3.699409736000064 ], [ -75.203332762999935, 3.701145763000056 ] ], [ [ -75.197954693999975, 3.696794283000031 ], [ -75.201187145999938, 3.699409736000064 ] ], [ [ -75.193663460999971, 3.693322145000025 ], [ -75.197954693999975, 3.696794283000031 ] ], [ [ -75.189218113999971, 3.689725169000042 ], [ -75.193663460999971, 3.693322145000025 ] ], [ [ -75.187452145999941, 3.687768886000072 ], [ -75.189218113999971, 3.689725169000042 ] ], [ [ -75.184011049999981, 3.683956631000058 ], [ -75.187452145999941, 3.687768886000072 ] ], [ [ -75.180672831999971, 3.680258332000051 ], [ -75.184011049999981, 3.683956631000058 ] ], [ [ -75.178888778999976, 3.678281861000073 ], [ -75.180672831999971, 3.680258332000051 ] ], [ [ -75.17428059599996, 3.673176477000027 ], [ -75.178888778999976, 3.678281861000073 ] ], [ [ -75.171903931999964, 3.670543383000052 ], [ -75.17428059599996, 3.673176477000027 ] ], [ [ -75.16869279499997, 3.666985658000044 ], [ -75.171903931999964, 3.670543383000052 ] ], [ [ -75.164774063999971, 3.662644002000036 ], [ -75.16869279499997, 3.666985658000044 ] ], [ [ -75.161720159999959, 3.65926051200006 ], [ -75.164774063999971, 3.662644002000036 ] ], [ [ -75.158974703999945, 3.656218571000068 ], [ -75.161720159999959, 3.65926051200006 ] ], [ [ -75.15589670199995, 3.652808223000022 ], [ -75.158974703999945, 3.656218571000068 ] ], [ [ -75.152074881999965, 3.648573691000024 ], [ -75.15589670199995, 3.652808223000022 ] ], [ [ -75.150307125999973, 3.645834108000031 ], [ -75.152074881999965, 3.648573691000024 ] ], [ [ -75.146424061999937, 3.63981599400006 ], [ -75.150307125999973, 3.645834108000031 ] ], [ [ -75.144489827999962, 3.636818346000041 ], [ -75.146424061999937, 3.63981599400006 ] ], [ [ -75.432646419999969, 2.72129667400003 ], [ -75.432445136999945, 2.72498970700002 ] ], [ [ -75.43297759099994, 2.715219983000054 ], [ -75.432646419999969, 2.72129667400003 ] ], [ [ -75.141585237999948, 3.624777233000032 ], [ -75.142098738999948, 3.62906851300005 ] ], [ [ -75.14119102799998, 3.621482423000032 ], [ -75.141585237999948, 3.624777233000032 ] ], [ [ -75.140995524999937, 3.619848551000075 ], [ -75.14119102799998, 3.621482423000032 ] ], [ [ -75.140472404999969, 3.615476355000055 ], [ -75.140995524999937, 3.619848551000075 ] ], [ [ -75.139995300999942, 3.610935265000023 ], [ -75.140472404999969, 3.615476355000055 ] ], [ [ -75.139452936999987, 3.605773640000052 ], [ -75.139995300999942, 3.610935265000023 ] ], [ [ -75.139247, 3.603813278000075 ], [ -75.139452936999987, 3.605773640000052 ] ], [ [ -75.140311391999944, 3.599197459000038 ], [ -75.139247, 3.603813278000075 ] ], [ [ -75.141101511999977, 3.595770892000075 ], [ -75.140311391999944, 3.599197459000038 ] ], [ [ -75.141981090999934, 3.591956655000047 ], [ -75.141101511999977, 3.595770892000075 ] ], [ [ -75.142771205999964, 3.588530091000052 ], [ -75.141981090999934, 3.591956655000047 ] ], [ [ -75.143624364999937, 3.584830355000065 ], [ -75.142771205999964, 3.588530091000052 ] ], [ [ -75.14436980399995, 3.581597619000036 ], [ -75.143624364999937, 3.584830355000065 ] ], [ [ -75.144960952999952, 3.579034209000042 ], [ -75.14436980399995, 3.581597619000036 ] ], [ [ -75.145682032999957, 3.575907156000028 ], [ -75.144960952999952, 3.579034209000042 ] ], [ [ -75.146284794999985, 3.573832640000035 ], [ -75.145682032999957, 3.575907156000028 ] ], [ [ -75.147729840999943, 3.568859136000071 ], [ -75.146284794999985, 3.573832640000035 ] ], [ [ -75.14876643499997, 3.565291708000075 ], [ -75.147729840999943, 3.568859136000071 ] ], [ [ -75.150662956999952, 3.558764468000049 ], [ -75.14876643499997, 3.565291708000075 ] ], [ [ -75.152438355999948, 3.552653981000049 ], [ -75.150662956999952, 3.558764468000049 ] ], [ [ -75.15319746299997, 3.550041383000064 ], [ -75.152438355999948, 3.552653981000049 ] ], [ [ -75.154057454999986, 3.547081546000072 ], [ -75.15319746299997, 3.550041383000064 ] ], [ [ -75.154768640999976, 3.544633845000021 ], [ -75.154057454999986, 3.547081546000072 ] ], [ [ -75.156281774999968, 3.539426029000026 ], [ -75.154768640999976, 3.544633845000021 ] ], [ [ -75.157256855999947, 3.534901286000036 ], [ -75.156281774999968, 3.539426029000026 ] ], [ [ -75.158533070999965, 3.531202003000033 ], [ -75.157256855999947, 3.534901286000036 ] ], [ [ -75.159408381999981, 3.528664610000021 ], [ -75.158533070999965, 3.531202003000033 ] ], [ [ -75.159800417999975, 3.527528392000022 ], [ -75.159408381999981, 3.528664610000021 ] ], [ [ -75.162915748999978, 3.518498045000058 ], [ -75.161492187999954, 3.522624438000037 ] ], [ [ -75.163522893999982, 3.516738068000052 ], [ -75.162915748999978, 3.518498045000058 ] ], [ [ -75.165751064999938, 3.51027923700002 ], [ -75.163522893999982, 3.516738068000052 ] ], [ [ -75.166935834999947, 3.506844791000049 ], [ -75.165751064999938, 3.51027923700002 ] ], [ [ -75.168453702999955, 3.502444944000047 ], [ -75.166935834999947, 3.506844791000049 ] ], [ [ -75.169912524999972, 3.49821603700002 ], [ -75.168453702999955, 3.502444944000047 ] ], [ [ -75.171120898999959, 3.494713239000021 ], [ -75.169912524999972, 3.49821603700002 ] ], [ [ -75.172140651999939, 3.491757225000072 ], [ -75.171120898999959, 3.494713239000021 ] ], [ [ -75.173882410999965, 3.486708116000045 ], [ -75.172140651999939, 3.491757225000072 ] ], [ [ -75.174978730999953, 3.483530023000071 ], [ -75.173882410999965, 3.486708116000045 ] ], [ [ -75.176555580999946, 3.478959308000071 ], [ -75.174978730999953, 3.483530023000071 ] ], [ [ -75.178085106999958, 3.474525270000072 ], [ -75.176555580999946, 3.478959308000071 ] ], [ [ -75.179561552999985, 3.470245023000075 ], [ -75.178085106999958, 3.474525270000072 ] ], [ [ -75.181312152999965, 3.465170325000031 ], [ -75.179561552999985, 3.470245023000075 ] ], [ [ -75.259680722999974, 3.26302537600003 ], [ -75.258623593999971, 3.266463552000062 ] ], [ [ -75.184256331999961, 3.456635483000071 ], [ -75.182791630999986, 3.460881561000065 ] ], [ [ -75.186469898999974, 3.451936111000066 ], [ -75.184256331999961, 3.456635483000071 ] ], [ [ -75.188240776999976, 3.448176689000036 ], [ -75.186469898999974, 3.451936111000066 ] ], [ [ -75.190446676999954, 3.44349369400004 ], [ -75.188240776999976, 3.448176689000036 ] ], [ [ -75.192571710999971, 3.438982316000022 ], [ -75.190446676999954, 3.44349369400004 ] ], [ [ -75.194450338999957, 3.434993999000028 ], [ -75.192571710999971, 3.438982316000022 ] ], [ [ -75.263654301999964, 3.250101864000044 ], [ -75.262310324999987, 3.254473001000065 ] ], [ [ -75.415688686999943, 2.828221696000071 ], [ -75.41325465999995, 2.832237078000048 ] ], [ [ -75.199189135999973, 3.42493328200004 ], [ -75.197418392999964, 3.428692744000045 ] ], [ [ -75.201572037999938, 3.41987434400005 ], [ -75.199189135999973, 3.42493328200004 ] ], [ [ -75.203608392999968, 3.415550944000074 ], [ -75.201572037999938, 3.41987434400005 ] ], [ [ -75.205486962999942, 3.411562633000074 ], [ -75.203608392999968, 3.415550944000074 ] ], [ [ -75.208516560999954, 3.405130665000058 ], [ -75.205486962999942, 3.411562633000074 ] ], [ [ -75.210957882999935, 3.400079847000029 ], [ -75.208516560999954, 3.405130665000058 ] ], [ [ -75.268624384999953, 3.233608371000059 ], [ -75.267216726999948, 3.238422977000027 ] ], [ [ -75.269964081999944, 3.228905681000072 ], [ -75.268624384999953, 3.233608371000059 ] ], [ [ -75.333310710999967, 3.023584219000043 ], [ -75.332627821999949, 3.027650537000056 ] ], [ [ -75.332627821999949, 3.027650537000056 ], [ -75.331375167999965, 3.031965052000032 ] ], [ [ -75.333803386999989, 3.020650488000058 ], [ -75.333310710999967, 3.023584219000043 ] ], [ [ -75.329893139999967, 3.037069483000039 ], [ -75.328292709999971, 3.042581989000041 ] ], [ [ -75.328292709999971, 3.042581989000041 ], [ -75.327019932999974, 3.04696589100007 ] ], [ [ -75.331375167999965, 3.031965052000032 ], [ -75.329893139999967, 3.037069483000039 ] ], [ [ -75.326064652999946, 3.050256026000056 ], [ -75.32510694399997, 3.053554871000074 ] ], [ [ -75.32510694399997, 3.053554871000074 ], [ -75.324353279999968, 3.056150511000055 ] ], [ [ -75.327019932999974, 3.04696589100007 ], [ -75.326064652999946, 3.050256026000056 ] ], [ [ -75.323355174999961, 3.059588163000058 ], [ -75.322412616999941, 3.06283492600005 ] ], [ [ -75.322412616999941, 3.06283492600005 ], [ -75.321548063999956, 3.065812512000036 ] ], [ [ -75.324353279999968, 3.056150511000055 ], [ -75.323355174999961, 3.059588163000058 ] ], [ [ -75.320527269999957, 3.069328339000037 ], [ -75.319491361999951, 3.072896254000057 ] ], [ [ -75.319491361999951, 3.072896254000057 ], [ -75.318692368999962, 3.075648159000025 ] ], [ [ -75.321548063999956, 3.065812512000036 ], [ -75.320527269999957, 3.069328339000037 ] ], [ [ -75.317414465999946, 3.080049534000068 ], [ -75.316532326999948, 3.083087914000032 ] ], [ [ -75.316532326999948, 3.083087914000032 ], [ -75.315486393999947, 3.086690547000046 ] ], [ [ -75.318692368999962, 3.075648159000025 ], [ -75.317414465999946, 3.080049534000068 ] ], [ [ -75.314445401999933, 3.090275844000075 ], [ -75.313517864999938, 3.093470496000066 ] ], [ [ -75.313517864999938, 3.093470496000066 ], [ -75.31229032899995, 3.097698202000061 ] ], [ [ -75.334243666999953, 3.01802874200007 ], [ -75.333803386999989, 3.020650488000058 ] ], [ [ -75.335588521999966, 3.010021043000052 ], [ -75.334853205999934, 3.014399422000054 ] ], [ [ -75.271053688999984, 3.224977670000044 ], [ -75.269964081999944, 3.228905681000072 ] ], [ [ -75.315486393999947, 3.086690547000046 ], [ -75.314445401999933, 3.090275844000075 ] ], [ [ -75.31229032899995, 3.097698202000061 ], [ -75.311304807999988, 3.101092494000056 ] ], [ [ -75.311304807999988, 3.101092494000056 ], [ -75.310190164999938, 3.104129861000047 ] ], [ [ -75.310190164999938, 3.104129861000047 ], [ -75.308533717999978, 3.108643465000057 ] ], [ [ -75.308533717999978, 3.108643465000057 ], [ -75.306737116999955, 3.113538897000069 ] ], [ [ -75.306737116999955, 3.113538897000069 ], [ -75.305426311999952, 3.117110779000029 ] ], [ [ -75.212546164999935, 3.396794054000054 ], [ -75.210957882999935, 3.400079847000029 ] ], [ [ -75.214893232999941, 3.391938486000072 ], [ -75.212546164999935, 3.396794054000054 ] ], [ [ -75.216528632999939, 3.388554981000027 ], [ -75.214893232999941, 3.391938486000072 ] ], [ [ -75.218230890999962, 3.38503337800006 ], [ -75.216528632999939, 3.388554981000027 ] ], [ [ -75.219524301999968, 3.382357521000074 ], [ -75.218230890999962, 3.38503337800006 ] ], [ [ -75.221088945999952, 3.379120503000024 ], [ -75.219524301999968, 3.382357521000074 ] ], [ [ -75.223762177999959, 3.373589865000042 ], [ -75.221088945999952, 3.379120503000024 ] ], [ [ -75.22469783799994, 3.371654124000031 ], [ -75.223762177999959, 3.373589865000042 ] ], [ [ -75.228617223999947, 3.363545277000071 ], [ -75.22469783799994, 3.371654124000031 ] ], [ [ -75.229611182999975, 3.360333415000071 ], [ -75.228617223999947, 3.363545277000071 ] ], [ [ -75.231110214999944, 3.355489825000063 ], [ -75.229611182999975, 3.360333415000071 ] ], [ [ -75.232657250999978, 3.350490719000049 ], [ -75.231110214999944, 3.355489825000063 ] ], [ [ -75.232969885999978, 3.349480571000072 ], [ -75.232657250999978, 3.350490719000049 ] ], [ [ -75.234284504999948, 3.345232680000038 ], [ -75.232969885999978, 3.349480571000072 ] ], [ [ -75.234765445999983, 3.343678484000066 ], [ -75.234284504999948, 3.345232680000038 ] ], [ [ -75.237143487999958, 3.335994348000042 ], [ -75.234765445999983, 3.343678484000066 ] ], [ [ -75.237568300999953, 3.334621503000051 ], [ -75.237143487999958, 3.335994348000042 ] ], [ [ -75.238204198999938, 3.332566623000048 ], [ -75.237568300999953, 3.334621503000051 ] ], [ [ -75.240098592999971, 3.326445154000055 ], [ -75.238204198999938, 3.332566623000048 ] ], [ [ -75.241052426999943, 3.323362863000057 ], [ -75.240098592999971, 3.326445154000055 ] ], [ [ -75.24242314199995, 3.318933598000058 ], [ -75.241052426999943, 3.323362863000057 ] ], [ [ -75.244114433999982, 3.313468368000031 ], [ -75.24242314199995, 3.318933598000058 ] ], [ [ -75.244945310999981, 3.310783231000073 ], [ -75.244114433999982, 3.313468368000031 ] ], [ [ -75.246887791999939, 3.304506368000034 ], [ -75.244945310999981, 3.310783231000073 ] ], [ [ -75.247451542999954, 3.302684597000052 ], [ -75.246887791999939, 3.304506368000034 ] ], [ [ -75.249116081999944, 3.297305618000053 ], [ -75.247451542999954, 3.302684597000052 ] ], [ [ -75.250363783999944, 3.293273622000072 ], [ -75.249116081999944, 3.297305618000053 ] ], [ [ -75.252028344999985, 3.287894694000045 ], [ -75.250363783999944, 3.293273622000072 ] ], [ [ -75.252923449999969, 3.285002320000046 ], [ -75.252028344999985, 3.287894694000045 ] ], [ [ -75.25413993799998, 3.281045809000034 ], [ -75.252923449999969, 3.285002320000046 ] ], [ [ -75.254671203999976, 3.27931806700002 ], [ -75.25413993799998, 3.281045809000034 ] ], [ [ -75.257093640999983, 3.27143952900002 ], [ -75.254671203999976, 3.27931806700002 ] ], [ [ -75.257933022999964, 3.268709620000038 ], [ -75.257093640999983, 3.27143952900002 ] ], [ [ -75.258623593999971, 3.266463552000062 ], [ -75.257933022999964, 3.268709620000038 ] ], [ [ -75.302412303999972, 3.125323497000068 ], [ -75.301172977999954, 3.128700287000072 ] ], [ [ -75.26097423799996, 3.258818280000071 ], [ -75.259680722999974, 3.26302537600003 ] ], [ [ -75.262310324999987, 3.254473001000065 ], [ -75.26097423799996, 3.258818280000071 ] ], [ [ -75.303719964999971, 3.12176013200002 ], [ -75.302412303999972, 3.125323497000068 ] ], [ [ -75.264870821999978, 3.246145331000037 ], [ -75.263654301999964, 3.250101864000044 ] ], [ [ -75.266089954999984, 3.242180126000051 ], [ -75.264870821999978, 3.246145331000037 ] ], [ [ -75.267216726999948, 3.238422977000027 ], [ -75.266089954999984, 3.242180126000051 ] ], [ [ -75.297939482999936, 3.135582439000075 ], [ -75.296336146999977, 3.138327315000026 ] ], [ [ -75.305426311999952, 3.117110779000029 ], [ -75.303719964999971, 3.12176013200002 ] ], [ [ -75.299843493999958, 3.132322974000033 ], [ -75.297939482999936, 3.135582439000075 ] ], [ [ -75.272384767999938, 3.221077712000067 ], [ -75.271053688999984, 3.224977670000044 ] ], [ [ -75.273492716999954, 3.217750885000044 ], [ -75.272384767999938, 3.221077712000067 ] ], [ [ -75.274738965999973, 3.213908244000038 ], [ -75.273492716999954, 3.217750885000044 ] ], [ [ -75.276309672999957, 3.208935695000037 ], [ -75.274738965999973, 3.213908244000038 ] ], [ [ -75.277228725999976, 3.20594677400004 ], [ -75.276309672999957, 3.208935695000037 ] ], [ [ -75.278570036999952, 3.201584253000021 ], [ -75.277228725999976, 3.20594677400004 ] ], [ [ -75.279536919999941, 3.198439774000065 ], [ -75.278570036999952, 3.201584253000021 ] ], [ [ -75.28055158899997, 3.195139810000057 ], [ -75.279536919999941, 3.198439774000065 ] ], [ [ -75.280616871999939, 3.190483972000038 ], [ -75.28055158899997, 3.195139810000057 ] ], [ [ -75.294413850999945, 3.141617987000075 ], [ -75.292254773999957, 3.145314126000073 ] ], [ [ -75.292254773999957, 3.145314126000073 ], [ -75.290195856999958, 3.148838752000074 ] ], [ [ -75.290195856999958, 3.148838752000074 ], [ -75.287490107999986, 3.153470666000032 ] ], [ [ -75.287490107999986, 3.153470666000032 ], [ -75.284511044999988, 3.158570414000053 ] ], [ [ -75.284511044999988, 3.158570414000053 ], [ -75.283418487999938, 3.16275986100004 ] ], [ [ -75.283418487999938, 3.16275986100004 ], [ -75.282063597999979, 3.167955113000062 ] ], [ [ -75.301172977999954, 3.128700287000072 ], [ -75.299843493999958, 3.132322974000033 ] ], [ [ -75.280868373999965, 3.172538167000027 ], [ -75.280800306999936, 3.177393029000029 ] ], [ [ -75.296336146999977, 3.138327315000026 ], [ -75.294413850999945, 3.141617987000075 ] ], [ [ -75.282063597999979, 3.167955113000062 ], [ -75.280868373999965, 3.172538167000027 ] ], [ [ -75.28071781899996, 3.183278475000066 ], [ -75.280656337999972, 3.187663256000064 ] ], [ [ -75.280656337999972, 3.187663256000064 ], [ -75.280616871999939, 3.190483972000038 ] ], [ [ -75.280800306999936, 3.177393029000029 ], [ -75.280751779999946, 3.180855579000024 ] ], [ [ -75.280751779999946, 3.180855579000024 ], [ -75.28071781899996, 3.183278475000066 ] ], [ [ -75.357923077999942, 2.917670429000054 ], [ -75.356346751, 2.919938861000048 ] ], [ [ -75.161492187999954, 3.522624438000037 ], [ -75.16091159399997, 3.524307539000063 ] ], [ [ -75.16091159399997, 3.524307539000063 ], [ -75.159800417999975, 3.527528392000022 ] ], [ [ -75.142692757999953, 3.634033180000074 ], [ -75.144489827999962, 3.636818346000041 ] ], [ [ -75.142098738999948, 3.62906851300005 ], [ -75.142692757999953, 3.634033180000074 ] ], [ [ -75.433556883999984, 2.708526511000059 ], [ -75.43297759099994, 2.715219983000054 ] ], [ [ -75.173485664999987, 4.402884836000055 ], [ -75.173295963999976, 4.403177907000043 ] ], [ [ -75.17750751799997, 4.400171264000051 ], [ -75.173485664999987, 4.402884836000055 ] ], [ [ -75.179712871999982, 4.398683387000062 ], [ -75.17750751799997, 4.400171264000051 ] ], [ [ -75.183114194999973, 4.396388386000069 ], [ -75.179712871999982, 4.398683387000062 ] ], [ [ -75.186874062999948, 4.393109327000047 ], [ -75.183114194999973, 4.396388386000069 ] ], [ [ -75.188751809999985, 4.390423202000022 ], [ -75.186874062999948, 4.393109327000047 ] ], [ [ -75.189097060999984, 4.388336901000059 ], [ -75.188751809999985, 4.390423202000022 ] ], [ [ -75.189958798999953, 4.383130109000035 ], [ -75.189097060999984, 4.388336901000059 ] ], [ [ -75.192035016999967, 4.376310194000041 ], [ -75.189958798999953, 4.383130109000035 ] ], [ [ -75.192671827999959, 4.374218316000054 ], [ -75.192035016999967, 4.376310194000041 ] ], [ [ -75.194008637999957, 4.369827327000053 ], [ -75.192671827999959, 4.374218316000054 ] ], [ [ -75.195226980999962, 4.365825199000028 ], [ -75.194008637999957, 4.369827327000053 ] ], [ [ -75.196871588999954, 4.360422847000052 ], [ -75.195226980999962, 4.365825199000028 ] ], [ [ -75.197587361999979, 4.358071726000048 ], [ -75.196871588999954, 4.360422847000052 ] ], [ [ -75.198679383999945, 4.35448460200007 ], [ -75.197587361999979, 4.358071726000048 ] ], [ [ -75.199729287999958, 4.351035703000036 ], [ -75.198679383999945, 4.35448460200007 ] ], [ [ -75.200552953999988, 4.348330196000063 ], [ -75.199729287999958, 4.351035703000036 ] ], [ [ -75.201652890999981, 4.344717141000046 ], [ -75.200552953999988, 4.348330196000063 ] ], [ [ -75.202779075999956, 4.341017602000022 ], [ -75.201652890999981, 4.344717141000046 ] ], [ [ -75.203976324999985, 4.337084688000061 ], [ -75.202779075999956, 4.341017602000022 ] ], [ [ -75.205084102999933, 4.333445656000038 ], [ -75.203976324999985, 4.337084688000061 ] ], [ [ -75.206026141999985, 4.330351157000052 ], [ -75.205084102999933, 4.333445656000038 ] ], [ [ -75.207078612999965, 4.326893599000073 ], [ -75.206026141999985, 4.330351157000052 ] ], [ [ -75.208252162999941, 4.323038489000055 ], [ -75.207078612999965, 4.326893599000073 ] ], [ [ -75.209857466999949, 4.317926783000075 ], [ -75.208252162999941, 4.323038489000055 ] ], [ [ -75.211121606999939, 4.313901109000028 ], [ -75.209857466999949, 4.317926783000075 ] ], [ [ -75.21195540399998, 4.311246107000045 ], [ -75.211121606999939, 4.313901109000028 ] ], [ [ -75.213352156999974, 4.306798094000044 ], [ -75.21195540399998, 4.311246107000045 ] ], [ [ -75.214272592999976, 4.303867210000021 ], [ -75.213352156999974, 4.306798094000044 ] ], [ [ -75.21531467799997, 4.300548440000057 ], [ -75.214272592999976, 4.303867210000021 ] ], [ [ -75.21804328099995, 4.29185934700007 ], [ -75.21531467799997, 4.300548440000057 ] ], [ [ -75.218959178999967, 4.290527806000057 ], [ -75.21804328099995, 4.29185934700007 ] ], [ [ -75.222540748999961, 4.285321044000057 ], [ -75.218959178999967, 4.290527806000057 ] ], [ [ -75.225185943999975, 4.281475363000027 ], [ -75.222540748999961, 4.285321044000057 ] ], [ [ -75.226593003999938, 4.27942981700005 ], [ -75.225185943999975, 4.281475363000027 ] ], [ [ -75.227999994999948, 4.277384269000038 ], [ -75.226593003999938, 4.27942981700005 ] ], [ [ -75.229862308999941, 4.274676732000046 ], [ -75.227999994999948, 4.277384269000038 ] ], [ [ -75.232440955999948, 4.270927724000046 ], [ -75.229862308999941, 4.274676732000046 ] ], [ [ -75.234482425999943, 4.267959830000052 ], [ -75.232440955999948, 4.270927724000046 ] ], [ [ -75.235868871999969, 4.265944047000062 ], [ -75.234482425999943, 4.267959830000052 ] ], [ [ -75.240007959999957, 4.259926353000026 ], [ -75.235868871999969, 4.265944047000062 ] ], [ [ -75.241440497999974, 4.257843682000043 ], [ -75.240007959999957, 4.259926353000026 ] ], [ [ -75.24705800299995, 4.249676286000067 ], [ -75.241440497999974, 4.257843682000043 ] ], [ [ -75.251314535999938, 4.243487526000024 ], [ -75.24705800299995, 4.249676286000067 ] ], [ [ -75.253616685999987, 4.240140292000035 ], [ -75.251314535999938, 4.243487526000024 ] ], [ [ -75.255797622999978, 4.236581006000051 ], [ -75.253616685999987, 4.240140292000035 ] ], [ [ -75.258082381999941, 4.232852245000061 ], [ -75.255797622999978, 4.236581006000051 ] ], [ [ -75.260947833999978, 4.228175882000073 ], [ -75.258082381999941, 4.232852245000061 ] ], [ [ -75.263090883999951, 4.22467824000006 ], [ -75.260947833999978, 4.228175882000073 ] ], [ [ -75.265054613999951, 4.221473357000036 ], [ -75.263090883999951, 4.22467824000006 ] ], [ [ -75.26724021299998, 4.217906392000032 ], [ -75.265054613999951, 4.221473357000036 ] ], [ [ -75.270157411999946, 4.213145283000074 ], [ -75.26724021299998, 4.217906392000032 ] ], [ [ -75.271174734999988, 4.209252818000039 ], [ -75.270157411999946, 4.213145283000074 ] ], [ [ -75.272224068999947, 4.205237913000076 ], [ -75.271174734999988, 4.209252818000039 ] ], [ [ -75.273296281999933, 4.201135600000043 ], [ -75.272224068999947, 4.205237913000076 ] ], [ [ -75.274078043999964, 4.198144108000065 ], [ -75.273296281999933, 4.201135600000043 ] ], [ [ -75.274510107999959, 4.196490886000049 ], [ -75.274078043999964, 4.198144108000065 ] ], [ [ -75.275593714999957, 4.19234479000005 ], [ -75.274510107999959, 4.196490886000049 ] ], [ [ -75.276318447999984, 4.189571914000055 ], [ -75.275593714999957, 4.19234479000005 ] ], [ [ -75.27725114499998, 4.186003180000057 ], [ -75.276318447999984, 4.189571914000055 ] ], [ [ -75.277836412999989, 4.183763934000069 ], [ -75.27725114499998, 4.186003180000057 ] ], [ [ -75.279667535999977, 4.176757505000069 ], [ -75.277836412999989, 4.183763934000069 ] ], [ [ -75.280076667999936, 4.175191750000067 ], [ -75.279667535999977, 4.176757505000069 ] ], [ [ -75.281169450999982, 4.171010693000028 ], [ -75.280076667999936, 4.175191750000067 ] ], [ [ -75.281868934999977, 4.168334149000032 ], [ -75.281169450999982, 4.171010693000028 ] ], [ [ -75.28328854199998, 4.162902174000067 ], [ -75.281868934999977, 4.168334149000032 ] ], [ [ -75.280880612999965, 4.15467138300005 ], [ -75.28328854199998, 4.162902174000067 ] ], [ [ -75.27913502499996, 4.14870426400006 ], [ -75.280880612999965, 4.15467138300005 ] ], [ [ -75.278604706999943, 4.146891607000043 ], [ -75.27913502499996, 4.14870426400006 ] ], [ [ -75.277668550999977, 4.143691166000053 ], [ -75.278604706999943, 4.146891607000043 ] ], [ [ -75.276793497999961, 4.140595326000039 ], [ -75.277668550999977, 4.143691166000053 ] ], [ [ -75.275763680999944, 4.136951618000069 ], [ -75.276793497999961, 4.140595326000039 ] ], [ [ -75.274372871999958, 4.132227127000021 ], [ -75.275763680999944, 4.136951618000069 ] ], [ [ -75.273285807999969, 4.128534247000061 ], [ -75.274372871999958, 4.132227127000021 ] ], [ [ -75.269455391999941, 4.12520170800002 ], [ -75.273285807999969, 4.128534247000061 ] ], [ [ -75.263937761999955, 4.120401116000039 ], [ -75.269455391999941, 4.12520170800002 ] ], [ [ -75.260284311999953, 4.117222489000028 ], [ -75.263937761999955, 4.120401116000039 ] ], [ [ -75.259393026999987, 4.116446977000066 ], [ -75.260284311999953, 4.117222489000028 ] ], [ [ -75.256433542999957, 4.113872074000028 ], [ -75.259393026999987, 4.116446977000066 ] ], [ [ -75.254889248999973, 4.112528352000027 ], [ -75.256433542999957, 4.113872074000028 ] ], [ [ -75.253268053999989, 4.11034808200003 ], [ -75.254889248999973, 4.112528352000027 ] ], [ [ -75.246837562999985, 4.101699556000028 ], [ -75.253268053999989, 4.11034808200003 ] ], [ [ -75.241748236999968, 4.09485455500004 ], [ -75.246837562999985, 4.101699556000028 ] ], [ [ -75.241371158999982, 4.091149244000064 ], [ -75.241748236999968, 4.09485455500004 ] ], [ [ -75.240764429999956, 4.085186508000049 ], [ -75.241371158999982, 4.091149244000064 ] ], [ [ -75.240402040999982, 4.081625120000069 ], [ -75.240764429999956, 4.085186508000049 ] ], [ [ -75.182791630999986, 3.460881561000065 ], [ -75.181312152999965, 3.465170325000031 ] ], [ [ -75.239784349999979, 4.075554520000026 ], [ -75.240402040999982, 4.081625120000069 ] ], [ [ -75.241959560999987, 4.071877613000026 ], [ -75.239784349999979, 4.075554520000026 ] ], [ [ -75.244603866999967, 4.067407874000025 ], [ -75.241959560999987, 4.071877613000026 ] ], [ [ -75.246480194999947, 4.06423624200005 ], [ -75.244603866999967, 4.067407874000025 ] ], [ [ -75.248797950999972, 4.060318400000028 ], [ -75.246480194999947, 4.06423624200005 ] ], [ [ -75.252824132999933, 4.053507478000029 ], [ -75.248797950999972, 4.060318400000028 ] ], [ [ -75.25388464599996, 4.049132808000024 ], [ -75.252824132999933, 4.053507478000029 ] ], [ [ -75.255034065999951, 4.044398390000026 ], [ -75.25388464599996, 4.049132808000024 ] ], [ [ -75.255443451999952, 4.042711856000039 ], [ -75.255034065999951, 4.044398390000026 ] ], [ [ -75.256776308999974, 4.037221978000048 ], [ -75.255443451999952, 4.042711856000039 ] ], [ [ -75.257706048999978, 4.033392271000025 ], [ -75.256776308999974, 4.037221978000048 ] ], [ [ -75.258640108999941, 4.02954500900006 ], [ -75.257706048999978, 4.033392271000025 ] ], [ [ -75.260544010999979, 4.022354076000056 ], [ -75.258640108999941, 4.02954500900006 ] ], [ [ -75.261985257999982, 4.016910648000021 ], [ -75.260544010999979, 4.022354076000056 ] ], [ [ -75.196582955999986, 3.430466240000044 ], [ -75.194450338999957, 3.434993999000028 ] ], [ [ -75.197418392999964, 3.428692744000045 ], [ -75.196582955999986, 3.430466240000044 ] ], [ [ -75.432458960999952, 2.728923212000041 ], [ -75.432472688999951, 2.732829630000026 ] ], [ [ -75.432472688999951, 2.732829630000026 ], [ -75.432484593999959, 2.736211548000028 ] ], [ [ -75.432445136999945, 2.72498970700002 ], [ -75.432458960999952, 2.728923212000041 ] ], [ [ -75.432506585999988, 2.742441996000025 ], [ -75.432521961999953, 2.746809582000026 ] ], [ [ -75.432521961999953, 2.746809582000026 ], [ -75.43253367799997, 2.750110167000059 ] ], [ [ -75.432484593999959, 2.736211548000028 ], [ -75.432506585999988, 2.742441996000025 ] ], [ [ -75.432549020999943, 2.754468674000066 ], [ -75.432565841999974, 2.759243190000063 ] ], [ [ -75.432565841999974, 2.759243190000063 ], [ -75.432138531999954, 2.763953120000053 ] ], [ [ -75.43253367799997, 2.750110167000059 ], [ -75.432549020999943, 2.754468674000066 ] ], [ [ -75.431473504999985, 2.771283464000021 ], [ -75.431208024999989, 2.774210244000074 ] ], [ [ -75.431208024999989, 2.774210244000074 ], [ -75.430747166999936, 2.779289340000048 ] ], [ [ -75.432138531999954, 2.763953120000053 ], [ -75.431473504999985, 2.771283464000021 ] ], [ [ -75.43039097999997, 2.783215713000061 ], [ -75.430189964999954, 2.785431069000026 ] ], [ [ -75.430189964999954, 2.785431069000026 ], [ -75.429632771999934, 2.791572764000023 ] ], [ [ -75.430747166999936, 2.779289340000048 ], [ -75.43039097999997, 2.783215713000061 ] ], [ [ -75.429425254999956, 2.796116536000056 ], [ -75.428865890999987, 2.800028040000029 ] ], [ [ -75.428865890999987, 2.800028040000029 ], [ -75.428371565999953, 2.805476315000021 ] ], [ [ -75.429632771999934, 2.791572764000023 ], [ -75.429425254999956, 2.796116536000056 ] ], [ [ -75.428177142999971, 2.807619646000035 ], [ -75.426997612999969, 2.809565518000056 ] ], [ [ -75.426997612999969, 2.809565518000056 ], [ -75.424942742999974, 2.812955464000026 ] ], [ [ -75.428371565999953, 2.805476315000021 ], [ -75.428177142999971, 2.807619646000035 ] ], [ [ -75.421530400999984, 2.818584746000056 ], [ -75.418427010999949, 2.823704333000023 ] ], [ [ -75.418427010999949, 2.823704333000023 ], [ -75.415688686999943, 2.828221696000071 ] ], [ [ -75.424942742999974, 2.812955464000026 ], [ -75.421530400999984, 2.818584746000056 ] ], [ [ -75.41325465999995, 2.832237078000048 ], [ -75.411148222999941, 2.835712009000076 ] ], [ [ -75.411148222999941, 2.835712009000076 ], [ -75.408161803999974, 2.840638584000033 ] ], [ [ -75.263262209999937, 4.012087506000057 ], [ -75.261985257999982, 4.016910648000021 ] ], [ [ -75.265154557999949, 4.004940224000052 ], [ -75.263262209999937, 4.012087506000057 ] ], [ [ -75.265631096999982, 4.003140310000049 ], [ -75.265154557999949, 4.004940224000052 ] ], [ [ -75.268416441999989, 3.998460444000045 ], [ -75.265631096999982, 4.003140310000049 ] ], [ [ -75.270532055999979, 3.994905958000061 ], [ -75.268416441999989, 3.998460444000045 ] ], [ [ -75.273067977999972, 3.990645148000056 ], [ -75.270532055999979, 3.994905958000061 ] ], [ [ -75.274624625999934, 3.988029673000028 ], [ -75.273067977999972, 3.990645148000056 ] ], [ [ -75.276901869999961, 3.984203530000059 ], [ -75.274624625999934, 3.988029673000028 ] ], [ [ -75.279114316999937, 3.980486031000055 ], [ -75.276901869999961, 3.984203530000059 ] ], [ [ -75.280920338999977, 3.977451489000032 ], [ -75.279114316999937, 3.980486031000055 ] ], [ [ -75.282061278999947, 3.975534508000067 ], [ -75.280920338999977, 3.977451489000032 ] ], [ [ -75.283918041999982, 3.972414651000065 ], [ -75.282061278999947, 3.975534508000067 ] ], [ [ -75.284919320999961, 3.96881865000006 ], [ -75.283918041999982, 3.972414651000065 ] ], [ [ -75.285881700999937, 3.96536195300007 ], [ -75.284919320999961, 3.96881865000006 ] ], [ [ -75.286722957999984, 3.962340571000027 ], [ -75.285881700999937, 3.96536195300007 ] ], [ [ -75.287741016999973, 3.958683629000063 ], [ -75.286722957999984, 3.962340571000027 ] ], [ [ -75.289151905999972, 3.953616085000021 ], [ -75.287741016999973, 3.958683629000063 ] ], [ [ -75.290410010999949, 3.949097146000042 ], [ -75.289151905999972, 3.953616085000021 ] ], [ [ -75.291539677999936, 3.945039681000026 ], [ -75.290410010999949, 3.949097146000042 ] ], [ [ -75.292662084999961, 3.94100837600007 ], [ -75.291539677999936, 3.945039681000026 ] ], [ [ -75.293692333999957, 3.937307799000052 ], [ -75.292662084999961, 3.94100837600007 ] ], [ [ -75.29421354599998, 3.935435799000061 ], [ -75.293692333999957, 3.937307799000052 ] ], [ [ -75.295229190999976, 3.931787612000051 ], [ -75.29421354599998, 3.935435799000061 ] ], [ [ -75.295098936999977, 3.929993299000046 ], [ -75.295229190999976, 3.931787612000051 ] ], [ [ -75.294530566999981, 3.92216722400002 ], [ -75.295098936999977, 3.929993299000046 ] ], [ [ -75.294382595999934, 3.920129564000035 ], [ -75.294530566999981, 3.92216722400002 ] ], [ [ -75.295200564999959, 3.914000457000043 ], [ -75.294382595999934, 3.920129564000035 ] ], [ [ -75.295507887999975, 3.911697677000063 ], [ -75.295200564999959, 3.914000457000043 ] ], [ [ -75.295871530999989, 3.908973674000038 ], [ -75.295507887999975, 3.911697677000063 ] ], [ [ -75.296440759999939, 3.904708431000074 ], [ -75.295871530999989, 3.908973674000038 ] ], [ [ -75.296922731999985, 3.901097285000048 ], [ -75.296440759999939, 3.904708431000074 ] ], [ [ -75.297411820999969, 3.897432470000069 ], [ -75.296922731999985, 3.901097285000048 ] ], [ [ -75.297940450999988, 3.893471887000032 ], [ -75.297411820999969, 3.897432470000069 ] ], [ [ -75.298244240999963, 3.891195958000026 ], [ -75.297940450999988, 3.893471887000032 ] ], [ [ -75.298263101999964, 3.888420653000026 ], [ -75.298244240999963, 3.891195958000026 ] ], [ [ -75.298295447999976, 3.883683544000064 ], [ -75.298263101999964, 3.888420653000026 ] ], [ [ -75.298336718999963, 3.877626574000033 ], [ -75.298295447999976, 3.883683544000064 ] ], [ [ -75.298355687999958, 3.874842191000027 ], [ -75.298336718999963, 3.877626574000033 ] ], [ [ -75.29838433599997, 3.870077980000076 ], [ -75.298355687999958, 3.874842191000027 ] ], [ [ -75.297027407999963, 3.865466006000077 ], [ -75.29838433599997, 3.870077980000076 ] ], [ [ -75.296060741999952, 3.862180355000021 ], [ -75.297027407999963, 3.865466006000077 ] ], [ [ -75.294992056999945, 3.858547963000035 ], [ -75.296060741999952, 3.862180355000021 ] ], [ [ -75.29360461999994, 3.853831840000055 ], [ -75.294992056999945, 3.858547963000035 ] ], [ [ -75.29273494499995, 3.850875637000058 ], [ -75.29360461999994, 3.853831840000055 ] ], [ [ -75.291806568999959, 3.847720011000035 ], [ -75.29273494499995, 3.850875637000058 ] ], [ [ -75.287932462999947, 3.840724617000035 ], [ -75.291806568999959, 3.847720011000035 ] ], [ [ -75.286416957999961, 3.837234666000029 ], [ -75.287932462999947, 3.840724617000035 ] ], [ [ -75.284897873999967, 3.833736378000026 ], [ -75.286416957999961, 3.837234666000029 ] ], [ [ -75.280218761999947, 3.831035118000045 ], [ -75.284897873999967, 3.833736378000026 ] ], [ [ -75.278110799, 3.825213584000039 ], [ -75.280218761999947, 3.831035118000045 ] ], [ [ -75.277707937999935, 3.823441700000046 ], [ -75.278110799, 3.825213584000039 ] ], [ [ -75.276756116999934, 3.819254465000029 ], [ -75.277707937999935, 3.823441700000046 ] ], [ [ -75.273497437999936, 3.813950860000034 ], [ -75.276756116999934, 3.819254465000029 ] ], [ [ -75.270219923999946, 3.80861651500004 ], [ -75.273497437999936, 3.813950860000034 ] ], [ [ -75.269013885999982, 3.806653606000054 ], [ -75.270219923999946, 3.80861651500004 ] ], [ [ -75.265353902999948, 3.802052538000055 ], [ -75.269013885999982, 3.806653606000054 ] ], [ [ -75.264240764999954, 3.800653215000068 ], [ -75.265353902999948, 3.802052538000055 ] ], [ [ -75.262727352999946, 3.796635501000026 ], [ -75.264240764999954, 3.800653215000068 ] ], [ [ -75.261308433999943, 3.792842897000071 ], [ -75.262727352999946, 3.796635501000026 ] ], [ [ -75.259843865999983, 3.788980722000076 ], [ -75.261308433999943, 3.792842897000071 ] ], [ [ -75.257822038999961, 3.783599852000066 ], [ -75.259843865999983, 3.788980722000076 ] ], [ [ -75.405648031999988, 2.844785269000056 ], [ -75.403705441999989, 2.847989943000073 ] ], [ [ -75.403705441999989, 2.847989943000073 ], [ -75.400929614999939, 2.852568991000055 ] ], [ [ -75.408161803999974, 2.840638584000033 ], [ -75.405648031999988, 2.844785269000056 ] ], [ [ -75.398584398999958, 2.856437748000076 ], [ -75.397081811999954, 2.858916455000042 ] ], [ [ -75.397081811999954, 2.858916455000042 ], [ -75.394764622999958, 2.86273882100005 ] ], [ [ -75.400929614999939, 2.852568991000055 ], [ -75.398584398999958, 2.856437748000076 ] ], [ [ -75.39302795499998, 2.865603683000074 ], [ -75.391328714999986, 2.868406761000074 ] ], [ [ -75.391328714999986, 2.868406761000074 ], [ -75.389573294999934, 2.871302568000033 ] ], [ [ -75.394764622999958, 2.86273882100005 ], [ -75.39302795499998, 2.865603683000074 ] ], [ [ -75.38627304399995, 2.876746565000076 ], [ -75.385678518999953, 2.877727243000038 ] ], [ [ -75.385678518999953, 2.877727243000038 ], [ -75.383633448999944, 2.880670301000066 ] ], [ [ -75.389573294999934, 2.871302568000033 ], [ -75.38627304399995, 2.876746565000076 ] ], [ [ -75.38175333099997, 2.883376203000068 ], [ -75.37748292699996, 2.889521841000033 ] ], [ [ -75.37748292699996, 2.889521841000033 ], [ -75.375226598999973, 2.892768965000073 ] ], [ [ -75.383633448999944, 2.880670301000066 ], [ -75.38175333099997, 2.883376203000068 ] ], [ [ -75.372882746999949, 2.896141989000057 ], [ -75.370703811999988, 2.899277883000025 ] ], [ [ -75.370703811999988, 2.899277883000025 ], [ -75.368617488999973, 2.902280215000076 ] ], [ [ -75.375226598999973, 2.892768965000073 ], [ -75.372882746999949, 2.896141989000057 ] ], [ [ -75.367226567999978, 2.904281906000051 ], [ -75.36442937299995, 2.908307377000028 ] ], [ [ -75.36442937299995, 2.908307377000028 ], [ -75.360740969999938, 2.913615313000037 ] ], [ [ -75.368617488999973, 2.902280215000076 ], [ -75.367226567999978, 2.904281906000051 ] ], [ [ -75.356346751, 2.919938861000048 ], [ -75.353271262999954, 2.924364720000028 ] ], [ [ -75.353271262999954, 2.924364720000028 ], [ -75.350834558999964, 2.927871255000071 ] ], [ [ -75.360740969999938, 2.913615313000037 ], [ -75.357923077999942, 2.917670429000054 ] ], [ [ -75.348923308999986, 2.930621606000045 ], [ -75.348283825999943, 2.934429245000047 ] ], [ [ -75.348283825999943, 2.934429245000047 ], [ -75.347704199999953, 2.937880221000057 ] ], [ [ -75.350834558999964, 2.927871255000071 ], [ -75.348923308999986, 2.930621606000045 ] ], [ [ -75.347033292999981, 2.941875205000031 ], [ -75.346079261999989, 2.947555439000041 ] ], [ [ -75.346079261999989, 2.947555439000041 ], [ -75.345502676999956, 2.95098860500002 ] ], [ [ -75.347704199999953, 2.937880221000057 ], [ -75.347033292999981, 2.941875205000031 ] ], [ [ -75.344617662999951, 2.956258699000045 ], [ -75.344235691999984, 2.958532629000047 ] ], [ [ -75.344235691999984, 2.958532629000047 ], [ -75.343531820999942, 2.962723708000055 ] ], [ [ -75.345502676999956, 2.95098860500002 ], [ -75.344617662999951, 2.956258699000045 ] ], [ [ -75.342813026999977, 2.967004025000051 ], [ -75.342260375999956, 2.970294480000064 ] ], [ [ -75.342260375999956, 2.970294480000064 ], [ -75.341725688999986, 2.973478003000025 ] ], [ [ -75.343531820999942, 2.962723708000055 ], [ -75.342813026999977, 2.967004025000051 ] ], [ [ -75.341104260999941, 2.977178640000034 ], [ -75.340458715999944, 2.981021996000038 ] ], [ [ -75.340458715999944, 2.981021996000038 ], [ -75.339702499999987, 2.985525266000025 ] ], [ [ -75.341725688999986, 2.973478003000025 ], [ -75.341104260999941, 2.977178640000034 ] ], [ [ -75.339048023999965, 2.989422069000057 ], [ -75.338251238999987, 2.99416603100002 ] ], [ [ -75.338251238999987, 2.99416603100002 ], [ -75.337592308999945, 2.998089695000033 ] ], [ [ -75.339702499999987, 2.985525266000025 ], [ -75.339048023999965, 2.989422069000057 ] ], [ [ -75.336907913999937, 3.002164857000025 ], [ -75.336368767999943, 3.005375092000065 ] ], [ [ -75.336368767999943, 3.005375092000065 ], [ -75.335588521999966, 3.010021043000052 ] ] ] } },
{ "type": "Feature", "properties": { "T_LICENCIA": "Licencia Ambiental", "SECTOR": "Energía", "EXPEDIENTE": "LAM0421", "RESOLUCION": "1313", "PROYECTO": "LÍNEA DE TRANSMISIÓN A 500 KV. SAN CARLOS-SAN MARCOS INCLUYENDO LA SUBESTACIÓN LA VIRGINIA", "TIPO_INFRA": "Línea de Transmisión", "DESCRIP": "San Carlos-San marco (Virginia)", "FUENTE": "Empresa", "CAPACIDAD": "500 kV", "LONGITUD_K": 212.44014741199999, "SHAPE_Leng": 1.91951356888 }, "geometry": { "type": "MultiLineString", "coordinates": [ [ [ -74.810886467999978, 6.212856051000074 ], [ -74.810712790999958, 6.212964623000062 ], [ -74.809755593999967, 6.213085609000075 ], [ -74.807919954999988, 6.211948857000039 ], [ -74.807781774999967, 6.210050229000046 ], [ -74.809106294999935, 6.207399130000056 ], [ -74.809375552999938, 6.206132882000077 ], [ -74.808388265999952, 6.197779555000068 ], [ -74.816393007999977, 6.178147502000058 ], [ -74.821014314999957, 6.174985450000065 ], [ -74.835235359999956, 6.175553141000023 ], [ -74.863573051999936, 6.185548440000048 ], [ -74.905654554999956, 6.19050261700005 ], [ -74.917211494999947, 6.191605658000071 ], [ -74.924711966999951, 6.192751073000068 ], [ -74.931118703999971, 6.193518379000068 ], [ -74.96051609899996, 6.18752997100006 ], [ -74.963288574999979, 6.18686529200005 ], [ -74.970719492999933, 6.184285081000041 ], [ -74.974141850999956, 6.183293762000062 ], [ -75.02519031099996, 6.165854679000063 ], [ -75.031891838999968, 6.164956662000066 ], [ -75.037265364999939, 6.164079057000038 ], [ -75.044337399999961, 6.163279687000056 ], [ -75.066058078999959, 6.160337592000076 ], [ -75.070660879999934, 6.158005397000068 ], [ -75.073766297999953, 6.156842321000056 ], [ -75.079624493999972, 6.154417347000049 ], [ -75.085436349999952, 6.15136854800005 ], [ -75.105514110999934, 6.14011011100007 ], [ -75.137819994999973, 6.114316010000039 ], [ -75.155037996999965, 6.101633261000075 ], [ -75.160227032999956, 6.099353550000046 ], [ -75.179003549999948, 6.089650597000059 ], [ -75.195987008999964, 6.086758723000059 ], [ -75.220703690999983, 6.080622393000056 ], [ -75.232689750999953, 6.076772629000061 ], [ -75.245417745999987, 6.073635219000039 ], [ -75.257438302999958, 6.069206283000028 ], [ -75.263286800999936, 6.067403420000062 ], [ -75.290412479999986, 6.053104267000037 ], [ -75.301628450999942, 6.044743591000042 ], [ -75.317347946999973, 6.035269553000035 ], [ -75.323341227999947, 6.025980234000031 ], [ -75.332347959999936, 6.011630285000024 ], [ -75.334815226999979, 6.004618181000069 ], [ -75.336571533999972, 5.998692580000068 ], [ -75.343093170999964, 5.979891289000022 ], [ -75.343298607999941, 5.967125594000038 ], [ -75.345429177999961, 5.963007247000064 ], [ -75.351895278999962, 5.951682641000048 ], [ -75.364151579999941, 5.902555378000045 ], [ -75.381464674999961, 5.862321275000056 ], [ -75.383236481999973, 5.85945134800005 ], [ -75.388031376999947, 5.852198771000076 ], [ -75.391601788999935, 5.846413626000071 ], [ -75.393669754999962, 5.842846847000033 ], [ -75.397971181999935, 5.837014728000042 ], [ -75.401752219999935, 5.832557984000061 ], [ -75.41024632899996, 5.824708988000054 ], [ -75.413718672999948, 5.81959299500005 ], [ -75.422654588999933, 5.811652415000026 ], [ -75.433675610999956, 5.800063597000076 ], [ -75.459057746999974, 5.781298083000024 ], [ -75.473157992999973, 5.763427396000054 ], [ -75.477162663999934, 5.758590154000046 ], [ -75.48107612299998, 5.753400569000064 ], [ -75.486951533999957, 5.74594608600006 ], [ -75.500929359999986, 5.730326427000023 ], [ -75.503226007999956, 5.728395144000046 ], [ -75.506368315999964, 5.725386058000026 ], [ -75.512079204999964, 5.720951229000036 ], [ -75.536304872999949, 5.700586517000033 ], [ -75.552527787999963, 5.663843393000036 ], [ -75.562512410999943, 5.626456331000043 ], [ -75.573767587999953, 5.556649426000035 ], [ -75.574051686999951, 5.551242907000074 ], [ -75.576432906999969, 5.540262595000058 ], [ -75.576886017999982, 5.537486242000057 ], [ -75.574088023999934, 5.46845627700003 ], [ -75.575688585999956, 5.448221162000038 ], [ -75.583757368999954, 5.420927952000056 ], [ -75.584813978999989, 5.403225451000026 ], [ -75.600754111999947, 5.349634266000066 ], [ -75.606078103999948, 5.33620604400005 ], [ -75.625994848999937, 5.294194125000047 ], [ -75.638827651999975, 5.287029626000049 ], [ -75.663840864999941, 5.243368685000064 ], [ -75.676246818999971, 5.21781870500007 ] ], [ [ -75.675723104999975, 5.219318319000024 ], [ -75.679547968999941, 5.211112040000046 ], [ -75.683611608999968, 5.202866795000034 ], [ -75.689276009999958, 5.18946494100004 ], [ -75.694047568999963, 5.179581726000038 ], [ -75.69950210199994, 5.172399570000039 ], [ -75.706432984999935, 5.160856644000035 ], [ -75.708140190999984, 5.151514640000073 ], [ -75.717952193999963, 5.135046934000059 ], [ -75.721184255999958, 5.126261494000062 ], [ -75.723615460999952, 5.121581926000033 ], [ -75.730510154999934, 5.103250642000035 ], [ -75.736779936999937, 5.08740677000003 ], [ -75.754000578999978, 5.07099230700004 ], [ -75.767495653999958, 5.050384162000057 ], [ -75.786276011999973, 5.017451077000032 ], [ -75.803048501999967, 4.97552055400007 ], [ -75.806734086999938, 4.968352027000037 ], [ -75.812029828999982, 4.953116592000072 ], [ -75.818277602999956, 4.936676514000055 ], [ -75.819417328999975, 4.934811551000053 ], [ -75.821439569999939, 4.932709215000045 ], [ -75.828217494999933, 4.922667348000061 ], [ -75.830948713999987, 4.916016593000052 ], [ -75.833456865999949, 4.910207042000025 ], [ -75.843540975999986, 4.886146368000027 ], [ -75.853279019999945, 4.864301133000026 ], [ -75.854181107999977, 4.857799908000061 ], [ -75.854013817999942, 4.85584796400002 ], [ -75.853354428999978, 4.853078407000055 ], [ -75.853046536999955, 4.852855671000043 ] ] ] } },
{ "type": "Feature", "properties": { "T_LICENCIA": "Licencia Ambiental", "SECTOR": "Energía", "EXPEDIENTE": "LAM0421", "RESOLUCION": "1313", "PROYECTO": "LÍNEA DE TRANSMISIÓN A 500 KV. SAN CARLOS-SAN MARCOS INCLUYENDO LA SUBESTACIÓN LA VIRGINIA", "TIPO_INFRA": "Línea de Transmisión", "DESCRIP": "San Carlos-San marco (Virginia)", "FUENTE": "Empresa", "CAPACIDAD": "230 kV", "LONGITUD_K": 162.184790596, "SHAPE_Leng": 1.46429684274 }, "geometry": { "type": "MultiLineString", "coordinates": [ [ [ -75.85168611499995, 4.850678389000052 ], [ -75.852182242999959, 4.850200120000068 ], [ -75.853286121999986, 4.848549972000058 ] ], [ [ -76.483880641999974, 3.613491555000053 ], [ -76.486587488999987, 3.607851646000029 ], [ -76.48644857499994, 3.607063057000062 ] ], [ [ -75.853286121999986, 4.848549972000058 ], [ -75.856411202999936, 4.844807095000021 ], [ -75.885438932999989, 4.777751638000041 ], [ -75.888698333999969, 4.763769550000063 ], [ -75.890212470999984, 4.752993564000064 ], [ -75.895468345999973, 4.734407603000022 ], [ -75.904165697999986, 4.71551587600004 ], [ -75.910574234999956, 4.677525032000062 ], [ -75.91640156699998, 4.639111529000047 ], [ -75.946348102999934, 4.606959005000022 ], [ -75.970409042999961, 4.568830651000042 ], [ -76.002396344999966, 4.504951686000027 ], [ -76.029989206999971, 4.424396334000051 ], [ -76.039759929999946, 4.394456805000061 ], [ -76.060429427999964, 4.335814372000073 ], [ -76.075803355999938, 4.295776898000042 ], [ -76.095466038999973, 4.268670099000076 ], [ -76.106621573999973, 4.251132186000063 ], [ -76.119269568999982, 4.236110822000057 ], [ -76.141757689999963, 4.205308999000067 ], [ -76.148861685999975, 4.171442911000042 ], [ -76.157877308999957, 4.143290239000066 ], [ -76.166250901999945, 4.106055302000073 ], [ -76.173184579999941, 4.079113439000025 ], [ -76.176055016999953, 4.071841213000027 ], [ -76.208403373999943, 4.015200364000066 ], [ -76.222621514999958, 3.989458111000033 ], [ -76.226523576999966, 3.982128802000034 ], [ -76.233788347999962, 3.973234292000029 ], [ -76.253336150999985, 3.954037165000045 ], [ -76.261051946999942, 3.952181651000046 ], [ -76.331175720999966, 3.951745473000074 ], [ -76.354091565999965, 3.923173155000029 ], [ -76.380862654999987, 3.891806599000063 ], [ -76.386298826999962, 3.878028931000074 ], [ -76.392868241999963, 3.859396392000065 ], [ -76.397499924999977, 3.799608850000027 ], [ -76.409509348999961, 3.783609609000052 ], [ -76.420761131999939, 3.760721883000031 ], [ -76.418869400999938, 3.747648309000056 ], [ -76.420635725999944, 3.729541890000064 ], [ -76.422702034999986, 3.725525466000022 ], [ -76.425669497999934, 3.719444170000031 ], [ -76.431919204999986, 3.707954357000062 ], [ -76.441352285999983, 3.689263838000045 ], [ -76.446913461999941, 3.682291948000056 ], [ -76.449336378999988, 3.679430692000039 ], [ -76.464190903999963, 3.647576647000051 ], [ -76.476360691999957, 3.628026681000051 ], [ -76.482522853999967, 3.616327758000068 ], [ -76.483880641999974, 3.613491555000053 ] ] ] } },
{ "type": "Feature", "properties": { "T_LICENCIA": "Licencia Ambiental", "SECTOR": "Energía", "EXPEDIENTE": "LAM0421", "RESOLUCION": "1313", "PROYECTO": "LÍNEA DE TRANSMISIÓN A 500 KV. SAN CARLOS-SAN MARCOS INCLUYENDO LA SUBESTACIÓN LA VIRGINIA", "TIPO_INFRA": "Línea de Transmisión", "DESCRIP": "San Carlos-San marco (Virginia)", "FUENTE": "Empresa", "CAPACIDAD": "500 kV", "LONGITUD_K": 166.04444365099999, "SHAPE_Leng": 1.4991602582200001 }, "geometry": { "type": "MultiLineString", "coordinates": [ [ [ -75.853312123999956, 4.852610212000059 ], [ -75.853603335999935, 4.852794821000032 ], [ -75.858753000999968, 4.853482013000075 ], [ -75.862277057999961, 4.853570438000077 ], [ -75.867076132999955, 4.854711868000038 ], [ -75.869442171999935, 4.856240461000027 ], [ -75.873988530999952, 4.855954958000041 ], [ -75.877649964999989, 4.854542503000062 ], [ -75.883126543999936, 4.852933697000026 ], [ -75.890432842999985, 4.84943990000005 ], [ -75.89280460599997, 4.848483362000024 ], [ -75.901790891999951, 4.846727732000033 ], [ -75.920579523999947, 4.844388907000052 ], [ -75.941661733999979, 4.838209931000051 ], [ -75.94402744599995, 4.838807857000063 ], [ -75.946682330999977, 4.839304975000061 ], [ -75.959934930999964, 4.841393888000027 ], [ -75.974556772999961, 4.836509764000027 ], [ -75.985301671999935, 4.82899096400007 ], [ -75.997418718999938, 4.805634164000026 ], [ -76.000147331999983, 4.80175706700004 ], [ -76.003119606999974, 4.796424194000053 ], [ -76.036326616999986, 4.73845717100005 ], [ -76.050432169999965, 4.711163704000057 ], [ -76.075240724999958, 4.66933842800006 ], [ -76.08884235499994, 4.640573654000036 ], [ -76.108335438999973, 4.601360760000034 ], [ -76.114512419999983, 4.569097524000028 ], [ -76.133722412999987, 4.515012360000071 ], [ -76.13940489099997, 4.499929339000062 ], [ -76.144234982999933, 4.487569548000067 ], [ -76.14783198799995, 4.479623493000076 ], [ -76.151123698999982, 4.47400936300005 ], [ -76.160314758999959, 4.456348840000032 ], [ -76.181843042999958, 4.427874876000033 ], [ -76.188872766999964, 4.406598016000032 ], [ -76.192232281999964, 4.383671081000045 ], [ -76.211907684999971, 4.329640912000059 ], [ -76.218249149999963, 4.320348877000072 ], [ -76.219682447999958, 4.318428434000054 ], [ -76.240370797999958, 4.288575966000053 ], [ -76.278498346999982, 4.244821535000028 ], [ -76.28130393899994, 4.241071251000051 ], [ -76.298227237999981, 4.217692890000023 ], [ -76.315936552999972, 4.195866114000069 ], [ -76.337067637999951, 4.139232262000064 ], [ -76.343312519999984, 4.118936035000047 ], [ -76.356291932999966, 4.068348683000067 ], [ -76.372913711999956, 4.025755335000042 ], [ -76.385965811999938, 3.968465502000072 ], [ -76.386786, 3.961080842000058 ], [ -76.387699495999982, 3.958141635000061 ], [ -76.388448300999983, 3.918737772000043 ], [ -76.393144873999972, 3.899577101000034 ], [ -76.399140924999983, 3.885787572000027 ], [ -76.400786309999944, 3.880722973000047 ], [ -76.402469155999938, 3.874537219000047 ], [ -76.407151763999934, 3.858521305000068 ], [ -76.422137084999974, 3.835396487000025 ], [ -76.431517474999964, 3.82992662700002 ], [ -76.436374457999989, 3.824363091000066 ], [ -76.455294823999964, 3.757399186000043 ], [ -76.457168085999967, 3.750174103000063 ], [ -76.460145250999972, 3.740190231000042 ], [ -76.467693422999957, 3.731952973000034 ], [ -76.467697353999938, 3.726125670000044 ], [ -76.468645099999947, 3.715073877000066 ], [ -76.473678403999941, 3.697954990000028 ], [ -76.479110211999966, 3.68480111100007 ], [ -76.483880705999979, 3.674910817000068 ], [ -76.492635114999985, 3.655115013000056 ], [ -76.494577469999967, 3.649371811000037 ], [ -76.496489812999982, 3.644170765000069 ], [ -76.496521705999953, 3.633374665000076 ], [ -76.497915378999949, 3.62969356800005 ], [ -76.500864772999989, 3.609916486000031 ], [ -76.498552109999935, 3.607015033000039 ], [ -76.494522543999949, 3.605022776000055 ], [ -76.490175110999985, 3.606681354000045 ], [ -76.489771315999974, 3.606703563000053 ] ], [ [ -74.561762982999937, 6.232792500000073 ], [ -74.56135378099998, 6.23378503400005 ] ] ] } },
{ "type": "Feature", "properties": { "T_LICENCIA": "Licencia Ambiental", "SECTOR": "Energía", "EXPEDIENTE": "LAM2216", "RESOLUCION": "1111", "PROYECTO": "LÍNEA DE TRANSMISIÓN A 230 KV PRIMAVERA-GUATIGUARÁ-TASAJERO", "TIPO_INFRA": "Línea de Transmisión", "DESCRIP": "Primavera- Guatiguará", "FUENTE": "Empresa", "CAPACIDAD": "230 kV", "LONGITUD_K": 132.295341949, "SHAPE_Leng": 1.19659323839 }, "geometry": { "type": "MultiLineString", "coordinates": [ [ [ -74.08212459799995, 6.518785047000051 ], [ -74.077006145999974, 6.519883726000046 ], [ -74.071864407999954, 6.527425149000067 ], [ -74.058057713999972, 6.540540978000024 ], [ -74.054891767999948, 6.545958452000036 ], [ -74.052084764999961, 6.548565952000047 ], [ -74.039642899999933, 6.561709586000063 ], [ -74.028040603999955, 6.570278600000051 ], [ -74.012326427999938, 6.583825880000063 ], [ -73.966130186999976, 6.621076126000048 ], [ -73.941643598999974, 6.640626604000033 ], [ -73.896049648999963, 6.685279320000063 ], [ -73.884439717999953, 6.689679689000059 ], [ -73.849067959999957, 6.715587938000056 ], [ -73.843644796999968, 6.719790068000066 ], [ -73.835947214999976, 6.725259264000044 ], [ -73.793664691999936, 6.75628679700003 ], [ -73.775761964999958, 6.760119030000055 ], [ -73.734090761999937, 6.769427572000041 ], [ -73.693899023999961, 6.779902321000066 ], [ -73.679940034999959, 6.782894228000032 ], [ -73.670686972999988, 6.785299698000074 ], [ -73.636521365999954, 6.808227927000075 ], [ -73.625880178999978, 6.814869695000027 ], [ -73.600546700999985, 6.830003334000025 ], [ -73.555848502999936, 6.832198320000032 ], [ -73.534855214999936, 6.843814464000047 ], [ -73.513702098999943, 6.85492079900007 ], [ -73.505327288999979, 6.860258102000046 ], [ -73.496653781999953, 6.865585793000037 ], [ -73.475042941999959, 6.879561679000062 ], [ -73.453226909999955, 6.902477419000036 ], [ -73.443232807999948, 6.911607823000054 ], [ -73.429404045999945, 6.921679884000071 ], [ -73.418976532999977, 6.926277999000035 ], [ -73.407153069999936, 6.929315314000064 ], [ -73.396520878999979, 6.928142854000043 ], [ -73.386680573999968, 6.924569629000075 ], [ -73.37310348699998, 6.924110031000055 ], [ -73.368611121999947, 6.922597931000041 ], [ -73.343537905999938, 6.919015586000057 ], [ -73.342371455999967, 6.91783156300005 ], [ -73.338618870999937, 6.909813726000039 ], [ -73.333644929999934, 6.900381220000043 ], [ -73.330121648999977, 6.892703898000036 ], [ -73.330084847999956, 6.890194787000041 ], [ -73.324126931999956, 6.882488739000053 ], [ -73.303380822999941, 6.866348013000049 ], [ -73.293372787999942, 6.867727570000056 ], [ -73.282639118999953, 6.876367153000047 ], [ -73.280648718999942, 6.87980753100004 ], [ -73.277192720999949, 6.887921083000037 ], [ -73.272858925999969, 6.899451920000047 ], [ -73.269571972999984, 6.904403362000039 ], [ -73.261798613999986, 6.914585534000025 ], [ -73.259090267999966, 6.915726903000063 ], [ -73.250928678999969, 6.918699876000062 ], [ -73.242256320999957, 6.921991623000054 ], [ -73.240722131999973, 6.921695062000026 ], [ -73.229875719999939, 6.920061978000035 ], [ -73.216138593999972, 6.914737922000029 ], [ -73.195406117999937, 6.921491173000049 ], [ -73.184398915999964, 6.926725866000027 ], [ -73.179737086999978, 6.933909429000039 ], [ -73.178448243999981, 6.934854075000032 ], [ -73.174541887999965, 6.936618734000035 ], [ -73.170644914999968, 6.938190172000077 ], [ -73.166075877999958, 6.941045218000056 ], [ -73.135715970999968, 6.956841885000074 ], [ -73.119818262999956, 6.970299321000027 ], [ -73.10876570299996, 6.970316379000053 ], [ -73.106676346999961, 6.971013887000026 ], [ -73.102992577999942, 6.970454778000033 ], [ -73.102137145999961, 6.969542134000051 ], [ -73.10193927499995, 6.968948432000047 ] ], [ [ -73.219379861999982, 6.915992624000069 ], [ -73.218028199999935, 6.915468046000058 ] ], [ [ -73.203681730999961, 6.918796265000026 ], [ -73.199805933999983, 6.920058339000036 ] ] ] } },
{ "type": "Feature", "properties": { "T_LICENCIA": "Licencia Ambiental", "SECTOR": "Energía", "EXPEDIENTE": "LAM2216", "RESOLUCION": "1111", "PROYECTO": "LÍNEA DE TRANSMISIÓN A 230 KV PRIMAVERA-GUATIGUARÁ-TASAJERO", "TIPO_INFRA": "Línea de Transmisión", "DESCRIP": "Guatiguará-Tasajero", "FUENTE": "Empresa", "CAPACIDAD": "230 kV", "LONGITUD_K": 127.841360049, "SHAPE_Leng": 1.1561717383400001 }, "geometry": { "type": "MultiLineString", "coordinates": [ [ [ -73.101687970999933, 6.967957888000058 ], [ -73.101444556999979, 6.967541514000061 ], [ -73.096156583999971, 6.963381846000061 ], [ -73.085690517999979, 6.962114592000034 ], [ -73.078641957999935, 6.960556006000047 ], [ -73.068411639999965, 6.959677671000065 ], [ -73.065336926999976, 6.958920693000039 ], [ -73.062994377999985, 6.956394402000058 ], [ -73.057508265999957, 6.954141557000071 ], [ -73.052671387999965, 6.950868470000046 ], [ -73.050229348999949, 6.949426800000026 ], [ -73.043852611999966, 6.947488355000075 ], [ -73.035033885999951, 6.950851469000042 ], [ -73.033897709999962, 6.952177952000056 ], [ -73.032664365999949, 6.961667077000072 ], [ -73.029865578999988, 6.968088954000052 ], [ -73.026288410999939, 6.97054011900002 ], [ -73.021849925999959, 6.980809675000046 ], [ -73.021506302999967, 6.981215736000024 ], [ -73.019492709999952, 6.981373977000032 ], [ -73.013596210999935, 6.982555226000045 ], [ -73.01112461799994, 6.984674237000036 ], [ -73.00917257499998, 6.987101807000045 ], [ -73.008883011999956, 6.991585367000027 ], [ -73.008678304999933, 6.993075515000044 ], [ -73.004627917999983, 6.996078013000044 ], [ -72.998098930999959, 7.003178189000039 ], [ -72.996223470999951, 7.007160861000045 ], [ -72.991056198999956, 7.036112118000062 ], [ -72.992829559999961, 7.056671488000063 ], [ -72.991964612999936, 7.076376040000071 ], [ -72.987129648999939, 7.083579223000072 ], [ -72.983055568999987, 7.08613721200004 ], [ -72.981744005999985, 7.087752408000028 ], [ -72.981759195999985, 7.088493799000048 ], [ -72.980828889999941, 7.090109880000057 ], [ -72.973834930999942, 7.094533402000025 ], [ -72.966475565999986, 7.104080858000032 ], [ -72.964636929999983, 7.106065399000045 ], [ -72.962081568999963, 7.107822163000037 ], [ -72.947807574999956, 7.140222962000053 ], [ -72.935514123999951, 7.162414346000048 ], [ -72.915950890999966, 7.184957482000073 ], [ -72.883967392999978, 7.201739019000058 ], [ -72.876432831999978, 7.214095495000038 ], [ -72.791605552999954, 7.267859593000026 ], [ -72.781978211999956, 7.270772456000032 ], [ -72.768378079999934, 7.278563083000051 ], [ -72.765380472999937, 7.281221167000069 ], [ -72.762956075999966, 7.287560172000042 ], [ -72.761311033999959, 7.301357074000066 ], [ -72.756629558999975, 7.313529148000043 ], [ -72.755348036999976, 7.316353760000027 ], [ -72.752961773999971, 7.323054314000046 ], [ -72.738547620999952, 7.343486858000063 ], [ -72.725749846999975, 7.359692921000033 ], [ -72.70539916499996, 7.412545904000069 ], [ -72.659369844999958, 7.462662149000039 ], [ -72.647167034999939, 7.476264442000058 ], [ -72.639238854999974, 7.503534205000051 ], [ -72.640712324999981, 7.549470346000021 ], [ -72.655798473999937, 7.61076848600004 ], [ -72.654977936999956, 7.630171115000053 ], [ -72.655107072999954, 7.630162465000069 ], [ -72.654872399999988, 7.635376306000069 ], [ -72.654350444999977, 7.659931206000067 ], [ -72.654367210999965, 7.671934407000037 ], [ -72.659802636999984, 7.686990488000049 ], [ -72.669831841999951, 7.71702872700007 ], [ -72.663593046999949, 7.726445226000067 ], [ -72.658372715999974, 7.75130989400003 ], [ -72.659402169999964, 7.78685153400005 ], [ -72.658174239999937, 7.790164834000052 ], [ -72.647309625999981, 7.821392970000034 ], [ -72.645311468999978, 7.82490133400006 ], [ -72.641316149999966, 7.835563114000024 ], [ -72.64020332299998, 7.843530824000027 ], [ -72.637625975999981, 7.847689067000033 ], [ -72.631858766999983, 7.84828512200005 ], [ -72.631217210999978, 7.847695332000058 ], [ -72.631469668999955, 7.846765179000045 ] ], [ [ -73.101752919999967, 6.968342756000027 ], [ -73.101688043999957, 6.96795785200004 ] ] ] } },
{ "type": "Feature", "properties": { "T_LICENCIA": "Licencia Ambiental", "SECTOR": "Energía", "EXPEDIENTE": "LAM2253", "RESOLUCION": "1080", "PROYECTO": "LÍNEA DE TRANSMISIÓN A 230 KV. CIRCUITO SENCILLO SABANALARGA-CARTAGENA", "TIPO_INFRA": "Línea de Transmisión", "DESCRIP": "Sabanalarga-Cartagena", "FUENTE": "Empresa", "CAPACIDAD": "230 kV", "LONGITUD_K": 81.524171084599999, "SHAPE_Leng": 0.74229470485899995 }, "geometry": { "type": "LineString", "coordinates": [ [ -74.911880165999946, 10.649412045000076 ], [ -74.911788275999982, 10.649263857000051 ], [ -74.911618386999976, 10.648359038000024 ], [ -74.911671565999939, 10.647969973000045 ], [ -74.912289468999973, 10.64767340800006 ], [ -74.915318261999971, 10.647159584000065 ], [ -74.924659660999964, 10.65190067900005 ], [ -74.934841492999965, 10.650692581000044 ], [ -74.937554025999987, 10.650532713000075 ], [ -74.949453989999938, 10.652079771000047 ], [ -74.97511032999995, 10.654462630000069 ], [ -74.978933451999978, 10.654901298000027 ], [ -75.009597234999944, 10.662124279000068 ], [ -75.031737734999979, 10.669490021000058 ], [ -75.044585708999989, 10.670155269000077 ], [ -75.067634295999937, 10.662253400000054 ], [ -75.120793001999971, 10.658096146000048 ], [ -75.132923164999966, 10.655416031000073 ], [ -75.150017054999978, 10.652256488000035 ], [ -75.187929284999939, 10.642899955000075 ], [ -75.196196542999985, 10.635049726000034 ], [ -75.22452507099996, 10.627400722000061 ], [ -75.240623505999963, 10.609502965000047 ], [ -75.247210044999974, 10.60252248300003 ], [ -75.260396976999971, 10.592393199000071 ], [ -75.294523445999971, 10.573477309000054 ], [ -75.297173133999934, 10.572134971000025 ], [ -75.319277994999936, 10.550056479000034 ], [ -75.327354173999936, 10.529461501000071 ], [ -75.371665551999968, 10.481963660000076 ], [ -75.395886727999937, 10.442342732000043 ], [ -75.415199401999985, 10.417282664000027 ], [ -75.416143087999956, 10.415930513000035 ], [ -75.433045686999947, 10.394162795000057 ], [ -75.434539815999983, 10.390563469000028 ], [ -75.436768711999946, 10.383994940000036 ], [ -75.446640910999974, 10.370094741000059 ], [ -75.447440754999946, 10.367144136000036 ], [ -75.44928804999995, 10.365005260000032 ], [ -75.453684837999958, 10.364214214000071 ], [ -75.46241252599998, 10.360457871000051 ], [ -75.469514067999967, 10.357020318000025 ], [ -75.477894105999951, 10.356273765000026 ], [ -75.483481645999973, 10.361160389000077 ], [ -75.495616363999943, 10.357740458000023 ], [ -75.501839072999985, 10.357058758000051 ], [ -75.504988083999933, 10.357041841000068 ], [ -75.507944279999947, 10.355878425000071 ], [ -75.509588022999935, 10.355022284000029 ], [ -75.510152561999973, 10.355218275000027 ] ] } },
{ "type": "Feature", "properties": { "T_LICENCIA": "Licencia Ambiental", "SECTOR": "Energía", "EXPEDIENTE": "LAM2941", "RESOLUCION": "1514", "PROYECTO": "LÍNEA DE  TRANSMISIÓN A 500 KV. CIRCUITO SENCILLO BOLÍVAR, COPEY, OCAÑA, PRIMAVERA Y OBRAS ASOCIADAS", "TIPO_INFRA": "Línea de Transmisión", "DESCRIP": "Ocaña-Primavera", "FUENTE": "Empresa", "CAPACIDAD": "500 kV", "LONGITUD_K": 245.925728072, "SHAPE_Leng": 2.2243284211100001 }, "geometry": { "type": "LineString", "coordinates": [ [ -74.352010160999953, 6.500961344000075 ], [ -74.34404614999994, 6.504162301000065 ], [ -74.336134469999934, 6.505539142000032 ], [ -74.328099871999939, 6.50451793700006 ], [ -74.313301072999934, 6.50152765200005 ], [ -74.302508401999944, 6.503321609000068 ], [ -74.291097140999966, 6.501951858000041 ], [ -74.260347924999962, 6.497586049000063 ], [ -74.237948650999954, 6.505048477000059 ], [ -74.186559819999957, 6.497095164000029 ], [ -74.17413785399998, 6.498610690000021 ], [ -74.16309152599996, 6.502810027000066 ], [ -74.13085665899996, 6.517444651000062 ], [ -74.109274253999956, 6.527473253000039 ], [ -74.100874966999982, 6.531086642000048 ], [ -74.069748563999951, 6.547339240000042 ], [ -74.057887970999957, 6.557106024000063 ], [ -74.040005783999959, 6.574001750000036 ], [ -74.021887646999971, 6.591787190000048 ], [ -73.978849385999979, 6.635485434000032 ], [ -73.959740646999933, 6.653247800000031 ], [ -73.930120611999939, 6.681325945000026 ], [ -73.920842289999939, 6.690460376000033 ], [ -73.891356797999947, 6.721469373000048 ], [ -73.846971097999983, 6.762231574000054 ], [ -73.819783752999967, 6.797079522000047 ], [ -73.792595424999945, 6.839039831000036 ], [ -73.768124581999984, 6.866445889000033 ], [ -73.758285579999949, 6.885112684000035 ], [ -73.746678721999956, 6.901730300000054 ], [ -73.73325719099995, 6.924603588000025 ], [ -73.732130798999947, 6.929353758000047 ], [ -73.721573466999985, 6.944283302000031 ], [ -73.70658074499994, 7.013728338000021 ], [ -73.705077673999938, 7.025244508000071 ], [ -73.692902233999973, 7.086720681000031 ], [ -73.69215083399996, 7.091661202000068 ], [ -73.690936568999973, 7.098356499000033 ], [ -73.690946596999936, 7.101622353000039 ], [ -73.688565085999983, 7.111539910000033 ], [ -73.681557443999964, 7.160246911000058 ], [ -73.657359785999972, 7.220048917000042 ], [ -73.654682083999944, 7.232139954000047 ], [ -73.653626119999956, 7.256897550000076 ], [ -73.639170499999977, 7.335714710000047 ], [ -73.633850507999966, 7.351888807000023 ], [ -73.628720164999947, 7.368008555000074 ], [ -73.631789284999968, 7.375522656000044 ], [ -73.628952507999941, 7.391109527000026 ], [ -73.626520416999938, 7.405129126000077 ], [ -73.623539175999952, 7.413187944000072 ], [ -73.620281385999988, 7.439016947000027 ], [ -73.618555085999958, 7.450507114000061 ], [ -73.593236287999957, 7.577625156000067 ], [ -73.591190426999958, 7.588339937000057 ], [ -73.580074028999945, 7.640221594000025 ], [ -73.573285487999954, 7.681448609000029 ], [ -73.572899346999975, 7.703479301000073 ], [ -73.563189866999949, 7.792127946000051 ], [ -73.565821062999987, 7.857966926000074 ], [ -73.555283793999934, 7.88785028500007 ], [ -73.551316957999973, 7.899689198000033 ], [ -73.542994906999979, 7.938548075000028 ], [ -73.537888179999982, 8.021171338000045 ], [ -73.490835224999955, 8.075772578000056 ], [ -73.487417681999943, 8.080004762000044 ], [ -73.481959004999965, 8.084828752000021 ], [ -73.470057359999942, 8.095073695000053 ], [ -73.45010261799996, 8.117547022000053 ], [ -73.439935328999979, 8.126552145000062 ], [ -73.43450831499996, 8.133689877000052 ], [ -73.419315132999941, 8.144470863000038 ], [ -73.415107233999947, 8.147228056000074 ], [ -73.405005803999984, 8.154261529000053 ], [ -73.396458338999935, 8.16293618900005 ], [ -73.388723320999986, 8.173033715000031 ], [ -73.385983179999982, 8.176234714000032 ], [ -73.380073945999982, 8.184088960000054 ], [ -73.377840506999974, 8.186213741000074 ], [ -73.348432744999968, 8.199592637000023 ], [ -73.332032913999967, 8.210725133000039 ], [ -73.32076286299997, 8.215574368000034 ], [ -73.320013833999951, 8.216184326000075 ], [ -73.320137810999938, 8.216507515000046 ] ] } },
{ "type": "Feature", "properties": { "T_LICENCIA": "Licencia Ambiental", "SECTOR": "Energía", "EXPEDIENTE": "LAM2941", "RESOLUCION": "1514", "PROYECTO": "LÍNEA DE  TRANSMISIÓN A 500 KV. CIRCUITO SENCILLO BOLÍVAR, COPEY, OCAÑA, PRIMAVERA Y OBRAS ASOCIADAS", "TIPO_INFRA": "Línea de Transmisión", "DESCRIP": "Copey-Ocaña", "FUENTE": "Empresa", "CAPACIDAD": "500 kV", "LONGITUD_K": 241.103097779, "SHAPE_Leng": 2.18261494423 }, "geometry": { "type": "LineString", "coordinates": [ [ -73.320137810999938, 8.216507515000046 ], [ -73.31929013599995, 8.218363679000049 ], [ -73.318525665999971, 8.223567897000066 ], [ -73.316488471999946, 8.231909962000032 ], [ -73.313426414999981, 8.243570906000059 ], [ -73.313002528999959, 8.25942580800006 ], [ -73.317226838999943, 8.311741074000054 ], [ -73.318367365999961, 8.321983501000034 ], [ -73.325304980999988, 8.340957455000023 ], [ -73.33046600299997, 8.346971891000067 ], [ -73.338200833999963, 8.360205952000058 ], [ -73.34479010299998, 8.366672731000051 ], [ -73.353432992999956, 8.38007873600003 ], [ -73.359120154999971, 8.38741351300007 ], [ -73.370261837999976, 8.40070507300004 ], [ -73.382755247999967, 8.413232147000031 ], [ -73.386694260999946, 8.416194537000024 ], [ -73.395064284999989, 8.422090575000027 ], [ -73.40014036499997, 8.426621474000058 ], [ -73.402884678999953, 8.428446461000021 ], [ -73.410564859999965, 8.432023896000032 ], [ -73.419149320999963, 8.435676920000049 ], [ -73.423584467999945, 8.439067898000076 ], [ -73.424570336999977, 8.441922465000061 ], [ -73.430099140999971, 8.454781041000047 ], [ -73.43322352499996, 8.458931153000037 ], [ -73.434834802999944, 8.461242641000069 ], [ -73.440233704999969, 8.468038615000069 ], [ -73.442532032999964, 8.471301976000063 ], [ -73.448846036999953, 8.484243984000045 ], [ -73.451018900999941, 8.491250076000028 ], [ -73.463369374999957, 8.514849361000074 ], [ -73.48281598799997, 8.535493361000022 ], [ -73.498529301999952, 8.552415238000037 ], [ -73.499676890999979, 8.554253302000063 ], [ -73.501804786999969, 8.558438420000073 ], [ -73.508709004999957, 8.571106099000076 ], [ -73.516335717999937, 8.582472904000042 ], [ -73.520106115999965, 8.591008247000048 ], [ -73.522311717999969, 8.594624671000076 ], [ -73.526626276999934, 8.605769176000024 ], [ -73.531276171999934, 8.616295217000072 ], [ -73.534161168999958, 8.626099431000057 ], [ -73.552019503999986, 8.664514183000051 ], [ -73.55442237699998, 8.670207792000042 ], [ -73.556581962999985, 8.674327479000056 ], [ -73.571626300999981, 8.697586173000047 ], [ -73.573870629999988, 8.711419855000031 ], [ -73.573148697999954, 8.743619300000034 ], [ -73.574226793999969, 8.766610478000075 ], [ -73.574275768999939, 8.783204377000061 ], [ -73.574843666999982, 8.792155773000047 ], [ -73.575576158999979, 8.799628619000032 ], [ -73.57586891699998, 8.806850172000054 ], [ -73.577224162999983, 8.829255864000061 ], [ -73.580896978999988, 8.867836366000063 ], [ -73.582502321999982, 8.883122859000025 ], [ -73.588851269999964, 8.907345746000033 ], [ -73.590427569999974, 8.915044480000063 ], [ -73.591981850999957, 8.919324466000035 ], [ -73.607538111999986, 8.978503255000021 ], [ -73.625095803999955, 9.00651619000007 ], [ -73.637519341999962, 9.042025058000036 ], [ -73.648398536999935, 9.085858911000059 ], [ -73.645868131999976, 9.099761436000051 ], [ -73.642135809999957, 9.119553902000064 ], [ -73.637175489999947, 9.133910827000022 ], [ -73.629941913999971, 9.175190387000043 ], [ -73.617785376999961, 9.216288804000044 ], [ -73.616540010999984, 9.222957425000061 ], [ -73.611948950999988, 9.233541514000024 ], [ -73.608603033999941, 9.244371081000054 ], [ -73.57573853599996, 9.279190337000045 ], [ -73.545073149999951, 9.370110854000075 ], [ -73.553677867999966, 9.385614678000024 ], [ -73.595356358999936, 9.450833503000069 ], [ -73.609529259999988, 9.505508512000063 ], [ -73.619320592999941, 9.599586090000059 ], [ -73.619915786999968, 9.603244001000064 ], [ -73.664690281999981, 9.66346965300005 ], [ -73.67654054999997, 9.676362934000053 ], [ -73.751089645999969, 9.77240237500007 ], [ -73.76412690899997, 9.800750473000051 ], [ -73.794170335999979, 9.887585428000023 ], [ -73.835289131999957, 9.949098807000041 ], [ -73.864736929999935, 9.98902144300007 ], [ -73.878211676999967, 10.006772670000032 ], [ -73.919030004999968, 10.057051284000067 ], [ -73.934878101999971, 10.092592640000021 ], [ -73.938099799999975, 10.101612917000068 ], [ -73.942991537999944, 10.13118593400003 ], [ -73.944212781999966, 10.137929431000032 ], [ -73.939991838999958, 10.153073949000031 ], [ -73.939121852999961, 10.158338249000053 ], [ -73.939836257999957, 10.159427420000043 ] ] } },
{ "type": "Feature", "properties": { "T_LICENCIA": "Licencia Ambiental", "SECTOR": "Energía", "EXPEDIENTE": "LAM2941", "RESOLUCION": "1514", "PROYECTO": "LÍNEA DE  TRANSMISIÓN A 500 KV. CIRCUITO SENCILLO BOLÍVAR, COPEY, OCAÑA, PRIMAVERA Y OBRAS ASOCIADAS", "TIPO_INFRA": "Línea de Transmisión", "DESCRIP": "Bolivar-Copey", "FUENTE": "Empresa", "CAPACIDAD": "500 kV", "LONGITUD_K": 166.847955955, "SHAPE_Leng": 1.5220196553000001 }, "geometry": { "type": "LineString", "coordinates": [ [ -73.939836257999957, 10.159427420000043 ], [ -73.941811516999962, 10.162019359000055 ], [ -73.944576943999948, 10.168662356000027 ], [ -73.946609433999981, 10.172101940000061 ], [ -73.965519423999979, 10.176278934000038 ], [ -73.972488175999956, 10.182297682000069 ], [ -74.041316104999964, 10.235334589000047 ], [ -74.120337602999939, 10.240149396000049 ], [ -74.170940635999955, 10.243145512000069 ], [ -74.178925603999971, 10.244246281000073 ], [ -74.190084711999987, 10.245456600000068 ], [ -74.22257473999997, 10.249866388000044 ], [ -74.335954430999948, 10.26241254100006 ], [ -74.371558027999981, 10.267245976000027 ], [ -74.388695689999963, 10.269789586000059 ], [ -74.403448899999944, 10.271572125000034 ], [ -74.442341589999955, 10.276727014000073 ], [ -74.558262677999949, 10.292728429000022 ], [ -74.576154654999982, 10.295101641000031 ], [ -74.621558594999954, 10.301327568000033 ], [ -74.670617679999964, 10.307849318000024 ], [ -74.689580856999953, 10.310654077000038 ], [ -74.731280369999979, 10.316240716000038 ], [ -74.745096992999947, 10.317929667000044 ], [ -74.843083244999946, 10.331322057000023 ], [ -74.851239550999935, 10.336383709000074 ], [ -74.855135153999981, 10.338895003000061 ], [ -74.858842382999967, 10.341101332000051 ], [ -74.863856713999951, 10.342970219000051 ], [ -74.87110000499996, 10.345496153000056 ], [ -74.875764151999988, 10.346999173000029 ], [ -74.955687633999958, 10.357649167000034 ], [ -74.965532507999967, 10.359871158000033 ], [ -74.967494175999946, 10.35876937200004 ], [ -74.994113317999961, 10.364928687000031 ], [ -75.012003939999943, 10.369538925000029 ], [ -75.033356681999976, 10.378111290000049 ], [ -75.052317451999954, 10.383459487000039 ], [ -75.077439746999971, 10.386408626000048 ], [ -75.097753308999984, 10.38948201200003 ], [ -75.117816133999952, 10.397425389000034 ], [ -75.134930981999958, 10.404892233000055 ], [ -75.147376229999963, 10.414718353000069 ], [ -75.192275855999981, 10.434627824000074 ], [ -75.274511877999942, 10.461539293000044 ], [ -75.371411240999976, 10.463318357000048 ], [ -75.391074525999954, 10.445921230000067 ], [ -75.394506132999936, 10.447022771000036 ], [ -75.396405181999967, 10.446439098000042 ] ] } },
{ "type": "Feature", "properties": { "T_LICENCIA": "Licencia Ambiental", "SECTOR": "Energía", "EXPEDIENTE": "LAM0991", "RESOLUCION": "175", "PROYECTO": "SUBESTACIÓN MALENA Y CONEXIONES ANEXAS A 230 Kv", "TIPO_INFRA": "Línea de Transmisión", "DESCRIP": "Malena-Primavera", "FUENTE": "Empresa", "CAPACIDAD": "230 kV", "LONGITUD_K": 7.3032155325400003, "SHAPE_Leng": 0.066028066469599994 }, "geometry": { "type": "LineString", "coordinates": [ [ -74.352549960999966, 6.499332202000062 ], [ -74.35291609099994, 6.499260821000064 ], [ -74.356581034999977, 6.497797259000038 ], [ -74.36670825899995, 6.491194224000026 ], [ -74.371980888999985, 6.488952963000031 ], [ -74.395821220999949, 6.47813737000007 ], [ -74.410416187999942, 6.488170277000052 ] ] } },
{ "type": "Feature", "properties": { "T_LICENCIA": "Licencia Ambiental", "SECTOR": "Energía", "EXPEDIENTE": "LAM1251", "RESOLUCION": "660", "PROYECTO": "LÍNEA DE TRANSMISIÓN SEGUNDO CIRCUITO GUATAPÉ – JAGUAS A 230 KV.", "TIPO_INFRA": "Línea de Transmisión", "DESCRIP": "Guatapé-Jaguas", "FUENTE": "Empresa", "CAPACIDAD": "230 kV", "LONGITUD_K": 18.826819788600002, "SHAPE_Leng": 0.17014781788 }, "geometry": { "type": "MultiLineString", "coordinates": [ [ [ -75.004150651999964, 6.347700728000063 ], [ -75.002233194999974, 6.344312381000066 ], [ -74.995035320999989, 6.338959691000071 ], [ -74.992369697999948, 6.336094135000053 ], [ -74.988211623999973, 6.331854700000065 ], [ -74.980852132999985, 6.32482877700005 ], [ -74.980791963999934, 6.324686559000043 ] ], [ [ -75.004152804999933, 6.34770175500006 ], [ -75.004023063999966, 6.348113363000039 ] ], [ [ -74.98079218099997, 6.324686559000043 ], [ -74.988192882999954, 6.319858393000061 ], [ -75.030180604999941, 6.301149993000024 ], [ -75.059034594999957, 6.301849942000047 ], [ -75.064386203999959, 6.301789295000049 ], [ -75.072280288999934, 6.297376521000047 ], [ -75.078837938999982, 6.294290873000023 ], [ -75.086563961999957, 6.289401334000047 ], [ -75.092849806999936, 6.285904036000034 ], [ -75.094066277999957, 6.284368112000038 ], [ -75.100707696999962, 6.277744894000023 ], [ -75.10285593499998, 6.27523409500003 ], [ -75.10298817499995, 6.274876248000055 ] ] ] } },
{ "type": "Feature", "properties": { "T_LICENCIA": "Licencia Ambiental", "SECTOR": "Energía", "EXPEDIENTE": "LAM1251", "RESOLUCION": "660", "PROYECTO": "LÍNEA DE TRANSMISIÓN SEGUNDO CIRCUITO GUATAPÉ – JAGUAS A 230 KV", "TIPO_INFRA": "Línea de Transmisión", "DESCRIP": "Guatapé-Jaguas", "FUENTE": "Empresa", "CAPACIDAD": "230 kV", "LONGITUD_K": 14.455816089300001, "SHAPE_Leng": 0.130652690706 }, "geometry": { "type": "LineString", "coordinates": [ [ -75.103314994999948, 6.27413076800002 ], [ -75.103626357999985, 6.273696254000072 ], [ -75.104060462999939, 6.273938367000028 ], [ -75.104726400999937, 6.277391101000035 ], [ -75.100117309999973, 6.284377573000029 ], [ -75.09562520999998, 6.289159485000027 ], [ -75.091666692999979, 6.291805443000044 ], [ -75.071356597999966, 6.302432248000059 ], [ -75.067727355999978, 6.305042721000063 ], [ -75.064251310999964, 6.30614279200006 ], [ -75.063020904999973, 6.306804717000034 ], [ -75.056582173999971, 6.309871681000061 ], [ -75.043983460999982, 6.321472442000072 ], [ -75.037718876999975, 6.325094319000073 ], [ -75.033988020999971, 6.32924956200003 ], [ -75.031693300999962, 6.33137135000004 ], [ -75.025788819999946, 6.332788109000035 ], [ -75.023152643999936, 6.333209509000028 ], [ -75.021714883999948, 6.33440979300002 ], [ -75.007928400999958, 6.342314892000047 ], [ -75.003176481999958, 6.347536298000023 ], [ -75.003130531999943, 6.347735255000032 ] ] } },
{ "type": "Feature", "properties": { "T_LICENCIA": "Licencia Ambiental", "SECTOR": "Energía", "EXPEDIENTE": "LAM1749", "RESOLUCION": "287", "PROYECTO": "LLÍNEA DE TRANSMISIÓN A 230 KV. PASTO-QUITO TRAMO COLOMBIANO", "TIPO_INFRA": "Línea de Transmisión", "DESCRIP": "Jamondino-Pomasqui", "FUENTE": "Empresa", "CAPACIDAD": "230 kV", "LONGITUD_K": 73.951227798199994, "SHAPE_Leng": 0.66548805220399998 }, "geometry": { "type": "MultiLineString", "coordinates": [ [ [ -77.250767231999987, 1.217709220000074 ], [ -77.247794670999951, 1.224171602000069 ], [ -77.246771235999972, 1.229442966000022 ], [ -77.251491131999956, 1.236667389000047 ], [ -77.252948622999952, 1.240127037000036 ], [ -77.256092759999945, 1.246526906000042 ], [ -77.261950634999948, 1.24804526500003 ], [ -77.291887775999953, 1.24178773400007 ], [ -77.298642779999966, 1.23961840000004 ], [ -77.307470127999977, 1.226042716000052 ], [ -77.317727445999935, 1.215904551000051 ], [ -77.319765364999967, 1.209049329000038 ], [ -77.32074345999996, 1.200984646000052 ], [ -77.326830687999973, 1.180285090000041 ], [ -77.333547359999955, 1.171983036000029 ], [ -77.338712701999953, 1.167405429000041 ], [ -77.346761992999973, 1.160625393000032 ], [ -77.354851733999965, 1.154430921000028 ], [ -77.364678233999939, 1.147325706000061 ], [ -77.372264778999977, 1.141359053000031 ], [ -77.382891859999972, 1.138926364000042 ], [ -77.399431926999966, 1.135956073000045 ], [ -77.407774753999945, 1.130126614000062 ], [ -77.413855486999978, 1.122690479000028 ], [ -77.418000442999983, 1.11458024500007 ], [ -77.428935795999962, 1.103795749000028 ], [ -77.431987766999953, 1.09893395000006 ], [ -77.43387764299996, 1.096651397000073 ], [ -77.444213271999956, 1.082157427000027 ], [ -77.459539460999963, 1.074842207000074 ], [ -77.469497131999958, 1.070270643000072 ], [ -77.476560106999955, 1.061671124000043 ], [ -77.485679687999948, 1.051323698000033 ], [ -77.494762389999948, 1.042923450000046 ], [ -77.517521141999964, 1.027819595000039 ], [ -77.523531935999983, 1.021538700000065 ], [ -77.528040316999977, 1.012947460000021 ], [ -77.537998325, 0.993098685000064 ], [ -77.540529282999955, 0.98220335000002 ], [ -77.540572330999964, 0.972603793000076 ], [ -77.54422164999994, 0.956294705000062 ], [ -77.548660152999958, 0.946155364000049 ], [ -77.575938317999942, 0.928543121000075 ], [ -77.594295496999962, 0.92166592600006 ], [ -77.60589491099995, 0.917899391000049 ], [ -77.610340448999978, 0.915347968000049 ], [ -77.627971741999943, 0.90673276900003 ], [ -77.638762621999945, 0.896734988000048 ], [ -77.649147663999941, 0.885858835000022 ], [ -77.650076060999936, 0.885052201000065 ] ], [ [ -77.65506959399994, 0.865598157000022 ], [ -77.656460171999981, 0.863504689000024 ], [ -77.666381735999948, 0.846225009000023 ], [ -77.669948512999952, 0.83655789200003 ], [ -77.674489219999941, 0.829331675000049 ] ], [ [ -77.651700858999959, 0.870582297000055 ], [ -77.65506959399994, 0.86559782300003 ] ], [ [ -77.652102054999943, 0.875734406000049 ], [ -77.651700858999959, 0.870582297000055 ] ], [ [ -77.651707459999955, 0.878403864000063 ], [ -77.652102278999962, 0.875734180000052 ] ], [ [ -77.651692643999979, 0.879549545000032 ], [ -77.651714917999982, 0.878411394000068 ] ], [ [ -77.650083570999982, 0.885067276000029 ], [ -77.651700139999946, 0.879549538000049 ] ] ] } },
{ "type": "Feature", "properties": { "T_LICENCIA": "Licencia Ambiental", "SECTOR": "Energía", "EXPEDIENTE": "LAM0392", "RESOLUCION": "1260", "PROYECTO": "LÍNEA DE TRANSMISIÓN ELÉCTRICA A 230 KV, DENOMINADA SOCHAGOTA – GUATIGUARA", "TIPO_INFRA": "Línea de Transmisión", "DESCRIP": "Guatiguará-Bucaramanga", "FUENTE": "Empresa", "CAPACIDAD": "230 kV", "LONGITUD_K": 12.389497009099999, "SHAPE_Leng": 0.11202408958899999 }, "geometry": { "type": "MultiLineString", "coordinates": [ [ [ -73.101927307999972, 6.968303344000049 ], [ -73.101811371999986, 6.967839343000037 ], [ -73.096164304999945, 6.961181674000045 ], [ -73.092744799999934, 6.958223142000065 ], [ -73.092710991999979, 6.957995283000059 ], [ -73.091925345999982, 6.957441980000056 ] ], [ [ -73.09192541799996, 6.957442279000077 ], [ -73.094817656999965, 6.971966942000051 ], [ -73.09959392199994, 6.997075990000042 ], [ -73.106048045999955, 7.025445521000051 ], [ -73.110907870999938, 7.040617461000068 ], [ -73.112799966999944, 7.046846157000061 ], [ -73.112548353999955, 7.050354696000056 ], [ -73.111831387999985, 7.051874393000048 ] ] ] } },
{ "type": "Feature", "properties": { "T_LICENCIA": "Licencia Ambiental", "SECTOR": "Energía", "EXPEDIENTE": "LAM0392", "RESOLUCION": "1260", "PROYECTO": "LÍNEA DE TRANSMISIÓN ELÉCTRICA A 230 KV, DENOMINADA SOCHAGOTA – GUATIGUARA", "TIPO_INFRA": "Línea de Transmisión", "DESCRIP": "Sochagota-Guatigurá I", "FUENTE": "Empresa", "CAPACIDAD": "230 kV", "LONGITUD_K": 142.00744872499999, "SHAPE_Leng": 1.2838862847700001 }, "geometry": { "type": "MultiLineString", "coordinates": [ [ [ -73.102063100999942, 6.968282848000058 ], [ -73.101811408999936, 6.967839343000037 ], [ -73.096164730999988, 6.961172787000066 ], [ -73.092744799999934, 6.958223142000065 ], [ -73.092710991999979, 6.957995283000059 ], [ -73.091925345999982, 6.95744208900004 ] ], [ [ -73.145730145999948, 5.770013943000038 ], [ -73.147827545999974, 5.775190337000026 ], [ -73.153343725999946, 5.792031486000042 ], [ -73.154779969999936, 5.796204722000027 ], [ -73.164661745999979, 5.826462163000031 ], [ -73.166582974999983, 5.832585299000073 ], [ -73.166978268999969, 5.848953375000065 ], [ -73.168193127999984, 5.853039438000053 ], [ -73.176567507999948, 5.87692392200006 ], [ -73.180590868999957, 5.895017904000042 ], [ -73.183847894999985, 5.910302352000031 ], [ -73.18513457399996, 5.915744799000038 ], [ -73.185450461999949, 5.917825393000044 ], [ -73.186140026999965, 5.921015816000022 ], [ -73.211139209999942, 5.972010101000023 ], [ -73.216324458999964, 5.983471561000044 ], [ -73.223132672999952, 6.00212147700006 ], [ -73.222761676999937, 6.025293257000044 ], [ -73.213574044999973, 6.056939048000061 ], [ -73.212009044999945, 6.063505650000025 ], [ -73.208445793999942, 6.074782802000072 ], [ -73.20569846099994, 6.084361042000069 ], [ -73.204316395999967, 6.088475125000059 ], [ -73.203351195999971, 6.092539848000058 ], [ -73.19134308799994, 6.134428774000071 ], [ -73.165903751999963, 6.217331931000047 ], [ -73.164636109999947, 6.223114821000024 ], [ -73.143661118999944, 6.28573480700004 ], [ -73.136000204999959, 6.308090649000064 ], [ -73.135060776999978, 6.329002426000045 ], [ -73.134627458999944, 6.384703596000065 ], [ -73.142667070999948, 6.430847629000027 ], [ -73.135567876999971, 6.456887545000029 ], [ -73.130608159999952, 6.466717760000051 ], [ -73.125007579999988, 6.478072686000075 ], [ -73.123550459999933, 6.483301893000032 ], [ -73.122036110999943, 6.486630474000037 ], [ -73.112791099999981, 6.537976572000048 ], [ -73.110494382999946, 6.548792490000039 ], [ -73.108705616999941, 6.555027132000021 ], [ -73.107966059999967, 6.558222686000022 ], [ -73.10366193599998, 6.572776004000048 ], [ -73.101971180999954, 6.579121509000061 ], [ -73.08819204699995, 6.649011595000047 ], [ -73.088165733999972, 6.653798147000032 ], [ -73.088273097999945, 6.657518797000023 ], [ -73.088433159999965, 6.674894836000021 ], [ -73.092044704999978, 6.700069475000021 ], [ -73.092467591999934, 6.704061276000061 ], [ -73.093412443999966, 6.71142358000003 ], [ -73.094619712999986, 6.729274911000061 ], [ -73.096439362999945, 6.739300343000025 ], [ -73.097887180999976, 6.744029202000036 ], [ -73.099790677999977, 6.761556044000031 ], [ -73.100358527999958, 6.76754145700005 ], [ -73.101564976999953, 6.791478712000071 ], [ -73.099316396999939, 6.800618047000057 ], [ -73.070766066999965, 6.900661989000071 ], [ -73.076493591999963, 6.91705917400003 ], [ -73.078083422999953, 6.919774779000022 ], [ -73.078473788999986, 6.921817209000039 ], [ -73.085138370999971, 6.933526649000044 ], [ -73.087294007999958, 6.937572688000046 ], [ -73.089133843999946, 6.943220853000071 ], [ -73.091925344999936, 6.95744227800003 ] ], [ [ -73.145732760999977, 5.770021651000036 ], [ -73.129075778999947, 5.739085430000046 ], [ -73.129177771999935, 5.737753442000042 ] ] ] } },
{ "type": "Feature", "properties": { "T_LICENCIA": "Licencia Ambiental", "SECTOR": "Energía", "EXPEDIENTE": "LAM0392", "RESOLUCION": "1260", "PROYECTO": "LÍNEA DE TRANSMISIÓN ELÉCTRICA A 230 KV, DENOMINADA SOCHAGOTA – GUATIGUARA", "TIPO_INFRA": "Línea de Transmisión", "DESCRIP": "Sochagota-Guatiguará II", "FUENTE": "Empresa", "CAPACIDAD": "230 kV", "LONGITUD_K": 155.293540616, "SHAPE_Leng": 1.40389679963 }, "geometry": { "type": "LineString", "coordinates": [ [ -73.129656774999944, 5.737730872000043 ], [ -73.129536812999959, 5.738323475000072 ], [ -73.132333671999959, 5.73971603800004 ], [ -73.136813164999978, 5.743240572000047 ], [ -73.141858028999934, 5.747436260000029 ], [ -73.143340333999959, 5.749761256000056 ], [ -73.147591535999936, 5.757745154000077 ], [ -73.15725826299996, 5.763544072000059 ], [ -73.159821921999935, 5.767111742000054 ], [ -73.162485438999965, 5.79073166400002 ], [ -73.172460901999955, 5.813542816000052 ], [ -73.195750349999969, 5.833054349000065 ], [ -73.195960495999941, 5.839383887000054 ], [ -73.199526699999979, 5.845257525000022 ], [ -73.211925129999941, 5.875517966000075 ], [ -73.213901388999943, 5.879913034000026 ], [ -73.238614332999987, 5.919991086000039 ], [ -73.294679677999966, 5.963366744000041 ], [ -73.337931143999981, 6.011107078000066 ], [ -73.343694922999987, 6.035222987000054 ], [ -73.336305823999965, 6.061514835000025 ], [ -73.323927828999956, 6.094782147000046 ], [ -73.31085832499997, 6.148456614000054 ], [ -73.299915946999988, 6.204929586000048 ], [ -73.296724281999957, 6.220317435000027 ], [ -73.294093305999979, 6.232156024000062 ], [ -73.28980596599996, 6.275216744000033 ], [ -73.287500159999979, 6.303219031000026 ], [ -73.285601680999946, 6.305222263000076 ], [ -73.273289488999978, 6.319042911000054 ], [ -73.262200496999981, 6.343324048000056 ], [ -73.252662075999979, 6.360850939000045 ], [ -73.248180286999968, 6.370192814000063 ], [ -73.245622074999972, 6.390843206000056 ], [ -73.245112354999947, 6.394455652000033 ], [ -73.244194633999939, 6.402362182000047 ], [ -73.244216193999989, 6.408561381000027 ], [ -73.237772870999947, 6.452715696000041 ], [ -73.239093084999979, 6.464074132000064 ], [ -73.237496187999966, 6.468387736000068 ], [ -73.234413858999972, 6.471722359000069 ], [ -73.224154651999982, 6.482185546000039 ], [ -73.203131268999982, 6.499015505000045 ], [ -73.198744579999982, 6.503624743000046 ], [ -73.185614162999968, 6.515138633000049 ], [ -73.180857690999972, 6.526091821000023 ], [ -73.179439559999935, 6.531765045000043 ], [ -73.175530498999933, 6.539464766000037 ], [ -73.172783839999965, 6.546095071000025 ], [ -73.173479166999982, 6.557837758000062 ], [ -73.164388948999942, 6.581207944000028 ], [ -73.153664102999983, 6.594504985000071 ], [ -73.14283474399997, 6.621598607000067 ], [ -73.113822399999947, 6.648550448000037 ], [ -73.109655929999974, 6.65443719600006 ], [ -73.094286463999936, 6.679229396000039 ], [ -73.093368400999964, 6.688381717000027 ], [ -73.098415784999986, 6.706385979000061 ], [ -73.098721362999981, 6.727129280000042 ], [ -73.096023326999955, 6.739316992000056 ], [ -73.096984849999956, 6.744640760000038 ], [ -73.098744703999955, 6.756080234000024 ], [ -73.102221697999937, 6.765910394000059 ], [ -73.103085717999988, 6.777620454000044 ], [ -73.109866627999963, 6.801560294000069 ], [ -73.111533830999974, 6.810287207000044 ], [ -73.106191386999967, 6.848442577000071 ], [ -73.087273482999933, 6.880416136000065 ], [ -73.081868703999987, 6.885580944000026 ], [ -73.080632371999968, 6.89061537200007 ], [ -73.077621164999982, 6.903979629000048 ], [ -73.078299843999957, 6.919524860000024 ], [ -73.081118948999972, 6.926107006000052 ], [ -73.095381073999988, 6.938140978000035 ], [ -73.098099627999943, 6.944829063000043 ], [ -73.100944567999989, 6.963203007000061 ], [ -73.102208033999943, 6.967951222000067 ], [ -73.102125265999973, 6.968259497000076 ] ] } },
{ "type": "Feature", "properties": { "T_LICENCIA": "Licencia Ambiental", "SECTOR": "Energía", "EXPEDIENTE": "LAM1460", "RESOLUCION": "1005", "PROYECTO": "LÍNEA DE TRANSMISIÓN PURNIO-MIEL I-  SAN FELIPE", "TIPO_INFRA": "Línea de Transmisión", "DESCRIP": "Purnio-miel I", "FUENTE": "Empresa", "CAPACIDAD": "230 kV", "LONGITUD_K": 25.725441064399998, "SHAPE_Leng": 0.23234221442799999 }, "geometry": { "type": "LineString", "coordinates": [ [ -74.719098774999964, 5.424311139000054 ], [ -74.718940591999967, 5.424690271000031 ], [ -74.719240457999945, 5.425667925000027 ], [ -74.722024320999935, 5.429205248000073 ], [ -74.732328502999962, 5.437721073000034 ], [ -74.73783954299995, 5.444162206000044 ], [ -74.746748020999974, 5.454858438000031 ], [ -74.754061392999972, 5.459027776000028 ], [ -74.759552312999972, 5.463280454000028 ], [ -74.766140511999936, 5.464348969000071 ], [ -74.773826149999934, 5.470280855000055 ], [ -74.782565581999961, 5.482133981000061 ], [ -74.799598076999985, 5.501463890000025 ], [ -74.808421217999978, 5.507176811000022 ], [ -74.81462346099994, 5.51685328700006 ], [ -74.815590429999986, 5.525279300000022 ], [ -74.819967521999956, 5.532860167000024 ], [ -74.827545417999943, 5.545238331000064 ], [ -74.854922236999982, 5.556767717000071 ], [ -74.871045281999955, 5.560797080000043 ], [ -74.885640429999967, 5.565294831000074 ], [ -74.888410491999934, 5.565441875000033 ], [ -74.888656509999976, 5.565567201000022 ] ] } },
{ "type": "Feature", "properties": { "T_LICENCIA": "Licencia Ambiental", "SECTOR": "Energía", "EXPEDIENTE": "LAM1460", "RESOLUCION": "1005", "PROYECTO": "LÍNEA DE TRANSMISIÓN PURNIO-MIEL I-  SAN FELIPE", "TIPO_INFRA": "Línea de Transmisión", "DESCRIP": "Miel I-San Felipe", "FUENTE": "Empresa", "CAPACIDAD": "230 kV", "LONGITUD_K": 58.727322003499999, "SHAPE_Leng": 0.530699185287 }, "geometry": { "type": "LineString", "coordinates": [ [ -74.888907288999974, 5.565571811000041 ], [ -74.888676363999934, 5.565376588000049 ], [ -74.885941276999972, 5.564909024000031 ], [ -74.87199988499998, 5.559303878000037 ], [ -74.862607882999953, 5.554352393000045 ], [ -74.859244155999988, 5.549329458000045 ], [ -74.859973021999963, 5.540865196000027 ], [ -74.864127743999973, 5.536754612000038 ], [ -74.870604861999936, 5.535091285000021 ], [ -74.87438254999995, 5.532545439000046 ], [ -74.886524368999972, 5.529210592000027 ], [ -74.888678420999952, 5.527263640000058 ], [ -74.892128297999989, 5.489508754000042 ], [ -74.892362661999982, 5.482672685000068 ], [ -74.894146314999944, 5.473854352000046 ], [ -74.903618421999965, 5.459112049000055 ], [ -74.90576473699997, 5.451721829000064 ], [ -74.906308377999949, 5.446793241000023 ], [ -74.90362283199994, 5.442547224000066 ], [ -74.903179617999967, 5.435124363000057 ], [ -74.904654770999969, 5.425149082000075 ], [ -74.903161080999951, 5.42149816400007 ], [ -74.900220048999984, 5.414991966000059 ], [ -74.901139655999941, 5.407847565000054 ], [ -74.902424823999979, 5.404156716000045 ], [ -74.905418744999963, 5.396466959000065 ], [ -74.915543081999942, 5.384571970000025 ], [ -74.927054502999965, 5.371327696000037 ], [ -74.929187482999964, 5.367644676000054 ], [ -74.934903166999959, 5.35835067000005 ], [ -74.936658195999939, 5.348944643000038 ], [ -74.937473972999953, 5.34525437800005 ], [ -74.939983449999943, 5.339952324000024 ], [ -74.941774137999971, 5.336739926000064 ], [ -74.945577343999958, 5.334157638000022 ], [ -74.948115820999988, 5.330293168000026 ], [ -74.950171548999947, 5.323174291000043 ], [ -74.949236077999956, 5.318663718000039 ], [ -74.949021718999973, 5.294486026000072 ], [ -74.945862010999974, 5.286162861000037 ], [ -74.943633985999952, 5.279655824000031 ], [ -74.939355177999971, 5.270746430000031 ], [ -74.93087017299996, 5.259609435000073 ], [ -74.924837302999947, 5.247329647000072 ], [ -74.916845218999981, 5.233361555000045 ], [ -74.910291863999987, 5.215792632000046 ], [ -74.911861633999933, 5.209289365000075 ], [ -74.917061448999959, 5.206045429000028 ], [ -74.919906221999952, 5.202090267000074 ], [ -74.921016133999956, 5.195750373000067 ], [ -74.922615780999934, 5.191417108000053 ], [ -74.923819552999987, 5.187862009000071 ], [ -74.923292955999955, 5.185231490000035 ], [ -74.921978578999983, 5.180214956000043 ], [ -74.921162736999975, 5.17028795300007 ], [ -74.920096653999963, 5.15518924600002 ], [ -74.918626007999933, 5.147849091000069 ], [ -74.917061519999947, 5.144541764000053 ], [ -74.912620462999939, 5.141428123000026 ], [ -74.908459784999934, 5.138910807000059 ], [ -74.906204250999963, 5.138154238000027 ], [ -74.899789914999985, 5.13629987500002 ], [ -74.897786483999937, 5.135235482000041 ], [ -74.896197073999986, 5.133483373000047 ], [ -74.896045830999981, 5.128049275000023 ], [ -74.896781701999942, 5.125200094000036 ], [ -74.898169312999983, 5.124276035000037 ], [ -74.900631478999969, 5.124471797000069 ] ] } },
{ "type": "Feature", "properties": { "T_LICENCIA": "Licencia Ambiental", "SECTOR": "Energía", "EXPEDIENTE": "LAM1714", "RESOLUCION": "705", "PROYECTO": "LÍNEA DE TRANSMISIÓN A 230 KV. PRIMAVERA - PLAYAS", "TIPO_INFRA": "Línea de Transmisión", "DESCRIP": "Primavera-Playas", "FUENTE": "Empresa", "CAPACIDAD": "230 kV", "LONGITUD_K": 104.252810211, "SHAPE_Leng": 0.94227920004900001 }, "geometry": { "type": "LineString", "coordinates": [ [ -74.923194894999938, 6.259566818000053 ], [ -74.923446592999937, 6.25981391800002 ], [ -74.923484852999934, 6.260775680000052 ], [ -74.922820831999957, 6.261200577000068 ], [ -74.920783989999961, 6.261286358000064 ], [ -74.920272558999955, 6.26106678900004 ], [ -74.918441389999941, 6.257708462000039 ], [ -74.914703026999973, 6.255311628000072 ], [ -74.909278139999969, 6.253815925000026 ], [ -74.905158091999965, 6.256461490000049 ], [ -74.902693972999941, 6.259211754000034 ], [ -74.896193250999943, 6.258813958000076 ], [ -74.859113635999961, 6.234371715000066 ], [ -74.845647130999964, 6.225585872000067 ], [ -74.834614674999955, 6.22061861800006 ], [ -74.825695741999937, 6.218600302000027 ], [ -74.824711477999983, 6.218610727000055 ], [ -74.817127266999989, 6.219618282000056 ], [ -74.814266287999942, 6.220699385000046 ], [ -74.809512988999984, 6.220990803000063 ], [ -74.804385926999942, 6.220099350000055 ], [ -74.801318622999986, 6.216493583000045 ], [ -74.80009064799998, 6.215436228000044 ], [ -74.795032093999964, 6.212121345000071 ], [ -74.793551842999989, 6.211571774000049 ], [ -74.787928440999963, 6.208093692000034 ], [ -74.784014942999988, 6.205853106000063 ], [ -74.782053862999987, 6.205929203000039 ], [ -74.772036040999978, 6.207528164000053 ], [ -74.767366805999984, 6.208593311000072 ], [ -74.76606970499995, 6.20858937600002 ], [ -74.76509301599998, 6.208779379000021 ], [ -74.760644989999946, 6.21016402500004 ], [ -74.750314757999945, 6.211804849000032 ], [ -74.746980426999983, 6.211546859000066 ], [ -74.740914905999944, 6.209246519000033 ], [ -74.730744264999942, 6.207121844000028 ], [ -74.719300160999978, 6.206282484000042 ], [ -74.717255389999934, 6.206286107000039 ], [ -74.710930192999967, 6.207232949000058 ], [ -74.707344155999976, 6.207577444000037 ], [ -74.703415204999942, 6.208265913000048 ], [ -74.693954488999964, 6.209048966000069 ], [ -74.687354581999955, 6.210829990000036 ], [ -74.68326516999997, 6.211525307000045 ], [ -74.67564299299994, 6.210754102000067 ], [ -74.673063970999976, 6.210265308000032 ], [ -74.670500505999939, 6.210555302000046 ], [ -74.668257343999983, 6.213458074000073 ], [ -74.659826581999937, 6.217438057000038 ], [ -74.648740654999983, 6.218557811000039 ], [ -74.644109854999954, 6.219503202000055 ], [ -74.640104163, 6.221010730000046 ], [ -74.635556945999951, 6.223627656000076 ], [ -74.628285805999951, 6.226066497000033 ], [ -74.618710749999934, 6.232105315000069 ], [ -74.616177802999971, 6.234193282000035 ], [ -74.607227902999966, 6.241080088000047 ], [ -74.602696127999934, 6.245952737000039 ], [ -74.596195233999936, 6.249933265000038 ], [ -74.59503564399995, 6.251514559000043 ], [ -74.591167657999961, 6.258532876000061 ], [ -74.577548422999939, 6.265224861000036 ], [ -74.571902416999933, 6.268913820000023 ], [ -74.567889681999986, 6.276800173000026 ], [ -74.552714040999945, 6.280844779000063 ], [ -74.53437228699994, 6.275677625000071 ], [ -74.530229281999937, 6.273436463000053 ], [ -74.51916664099997, 6.265932816000031 ], [ -74.511246797999945, 6.265383346000021 ], [ -74.500282787999936, 6.259915991000071 ], [ -74.483871461999968, 6.256928013000049 ], [ -74.480789455999968, 6.25766395200003 ], [ -74.477065940999978, 6.257718800000021 ], [ -74.466376794999974, 6.26054124500007 ], [ -74.459479882999972, 6.259255503000077 ], [ -74.455397704999939, 6.260880449000069 ], [ -74.452414355999963, 6.262208434000058 ], [ -74.449118433999956, 6.266433600000028 ], [ -74.442992097999934, 6.26875050600006 ], [ -74.404500132999942, 6.271919300000036 ], [ -74.395726478999961, 6.270775184000058 ], [ -74.371547645999954, 6.290061086000037 ], [ -74.369213301999935, 6.290186737000056 ], [ -74.363750183999969, 6.288730526000052 ], [ -74.356425906999959, 6.288191953000023 ], [ -74.354495749999955, 6.287825601000065 ], [ -74.349498169999947, 6.287672259000033 ], [ -74.345957767999948, 6.287408447000075 ], [ -74.331759457999965, 6.300311302000068 ], [ -74.32625051399998, 6.30946612300005 ], [ -74.324030615999959, 6.315272500000049 ], [ -74.323740321999935, 6.323722847000056 ], [ -74.320009373999937, 6.329567176000069 ], [ -74.308755662999943, 6.342419472000074 ], [ -74.310067980999975, 6.350189821000072 ], [ -74.303087225999946, 6.365954008000074 ], [ -74.299684001999935, 6.369348649000074 ], [ -74.296807997999963, 6.374551593000035 ], [ -74.292145950999952, 6.379009279000059 ], [ -74.289620794999962, 6.383224117000054 ], [ -74.280251660999966, 6.399295288000076 ], [ -74.267929236999976, 6.425320991000035 ], [ -74.267327034999937, 6.429981506000047 ], [ -74.266861350999989, 6.455535774000055 ], [ -74.276917344999958, 6.47877793400005 ], [ -74.27981644099998, 6.482871892000048 ], [ -74.295068368999978, 6.485518389000049 ], [ -74.337244943999963, 6.494649522000032 ], [ -74.345187533999933, 6.497430447000056 ], [ -74.349780435999946, 6.498891732000061 ], [ -74.35256534499996, 6.498544363000065 ], [ -74.352832478999971, 6.499272124000072 ] ] } },
{ "type": "Feature", "properties": { "T_LICENCIA": "Licencia Ambiental", "SECTOR": "Energía", "EXPEDIENTE": "LAM1311", "RESOLUCION": "715", "PROYECTO": "LÍNEA DE TRANSMISIÓN LA VIRGINIA-LA HERMOSA A 230 KV", "TIPO_INFRA": "Línea de Transmisión", "DESCRIP": "La Virginia-La Hermosa", "FUENTE": "Empresa", "CAPACIDAD": "230 kV", "LONGITUD_K": 27.076268110699999, "SHAPE_Leng": 0.244139151537 }, "geometry": { "type": "LineString", "coordinates": [ [ -75.850903412999969, 4.850856818000068 ], [ -75.850020727999947, 4.851589150000052 ], [ -75.843587211999989, 4.855522849000067 ], [ -75.816011505999938, 4.854862333000028 ], [ -75.795016618999966, 4.858902272000023 ], [ -75.789532419999944, 4.860371515000054 ], [ -75.781806231999951, 4.862596658000029 ], [ -75.776739201999987, 4.865149427000063 ], [ -75.773032146999981, 4.867418550000025 ], [ -75.752042907999964, 4.877830062000044 ], [ -75.749813819999986, 4.880185794000056 ], [ -75.742058967999981, 4.885592463000023 ], [ -75.736860723999939, 4.889917080000032 ], [ -75.727503922999972, 4.896321937000039 ], [ -75.721960457999955, 4.899607862000039 ], [ -75.702912367999943, 4.904906324000024 ], [ -75.691633478999961, 4.903071536000027 ], [ -75.677823741999987, 4.901920557000039 ], [ -75.672456663999981, 4.899935645000028 ], [ -75.66310187199997, 4.896161310000025 ], [ -75.65642337099996, 4.896050548000062 ], [ -75.653448897999965, 4.895885753000073 ], [ -75.650411175999977, 4.891797964000034 ], [ -75.647388942999953, 4.886607238000067 ], [ -75.640298043999962, 4.879609007000056 ], [ -75.637400739999975, 4.877717388000065 ], [ -75.634908293999956, 4.875526528000023 ], [ -75.63431335699994, 4.875482735000048 ], [ -75.631520028999944, 4.876864155000021 ] ] } },
{ "type": "Feature", "properties": { "T_LICENCIA": "Licencia Ambiental", "SECTOR": "Energía", "EXPEDIENTE": "LAM2648", "RESOLUCION": "722", "PROYECTO": "VARIANTE LÍNEA DE TRANSMISIÓN A 230 KV, CON 32 TORRES A DOBLE CIRCUITO DE 13.2 KM , ENTRE LA SUBESTACIÓN GUATAPÉY LA TORRE 79 DE LA LÍNEA SAN CARLOS-ANCÓR SUR", "TIPO_INFRA": "Línea de Transmisión", "DESCRIP": "Guatapé-San Carlos Ancor Sur", "FUENTE": "Empresa", "CAPACIDAD": "230 kV", "LONGITUD_K": 13.279964362699999, "SHAPE_Leng": 0.120035660246 }, "geometry": { "type": "MultiLineString", "coordinates": [ [ [ -75.172837163999986, 6.177216520000059 ], [ -75.173090650999939, 6.177428525000039 ], [ -75.166756463999945, 6.187325093000027 ], [ -75.160364948999984, 6.195383179000032 ], [ -75.158796751999944, 6.197071892000054 ], [ -75.149511086999951, 6.210901407000051 ], [ -75.147253679999949, 6.214556358000038 ], [ -75.142995265999957, 6.218737275000024 ], [ -75.136438014999953, 6.229201398000043 ], [ -75.126602090999938, 6.240128931000072 ], [ -75.123694699999987, 6.242837129000065 ], [ -75.121659397999963, 6.245122115000072 ], [ -75.114329672999986, 6.255773218000058 ], [ -75.110594126999956, 6.263872243000037 ], [ -75.109477766999987, 6.267513195000049 ], [ -75.108264167999948, 6.268923709000035 ], [ -75.107433316999959, 6.27162161900003 ] ], [ [ -75.10743331599997, 6.271621022000033 ], [ -75.10450906899996, 6.274378327000022 ] ] ] } },
{ "type": "Feature", "properties": { "T_LICENCIA": "Licencia Ambiental", "SECTOR": "Energía", "EXPEDIENTE": "LAM0991", "RESOLUCION": "175", "PROYECTO": "SUBESTACIÓN MALENA Y CONEXIONES ANEXAS A 230 Kv", "TIPO_INFRA": "Línea de Transmisión", "DESCRIP": "Comuneros-Primavera", "FUENTE": "Empresa", "CAPACIDAD": "230 kV", "LONGITUD_K": 110.96431684300001, "SHAPE_Leng": 1.00340682629 }, "geometry": { "type": "MultiLineString", "coordinates": [ [ [ -74.250357130999987, 6.448402843000054 ], [ -74.239740651999966, 6.46624507000007 ], [ -74.213320902999953, 6.479914515000075 ], [ -74.156572045999951, 6.495247117000076 ], [ -74.148679687999959, 6.497946333000073 ], [ -74.130749150999975, 6.512134722000042 ], [ -74.123776552999971, 6.516924365000023 ], [ -74.117973578999965, 6.52077313500007 ], [ -74.109154097999976, 6.523072908000074 ], [ -74.076591912999959, 6.52945980100003 ], [ -74.059144734999961, 6.551117967000039 ], [ -74.043489715999954, 6.562762048000025 ], [ -73.981271532999983, 6.622086241000034 ], [ -73.973512978999963, 6.629103923000059 ], [ -73.952357220999943, 6.646935980000023 ], [ -73.872433514999955, 6.721655592000047 ], [ -73.851710692999973, 6.746285687000068 ], [ -73.820246611999949, 6.773557193000045 ], [ -73.814471244999936, 6.777589706000072 ], [ -73.772617907999972, 6.835151871000051 ], [ -73.764229795999938, 6.850973469000053 ], [ -73.761375204999979, 6.860191212000075 ], [ -73.751189476999969, 6.924794453000061 ], [ -73.751056089999963, 6.927757690000021 ], [ -73.751151291999975, 6.937685589000068 ], [ -73.751931440999954, 6.961679997000033 ], [ -73.761536475999947, 6.979660016000025 ], [ -73.769998236999982, 6.99843319200005 ], [ -73.772616313999947, 7.005890577000059 ], [ -73.783238670999935, 7.026736849000031 ], [ -73.789693459999967, 7.040998749000039 ], [ -73.796175124999934, 7.053142398000034 ], [ -73.801061309999966, 7.056881299000054 ], [ -73.812439637999944, 7.065279629000031 ], [ -73.81130105699998, 7.067739307000068 ] ], [ [ -73.81130105699998, 7.067739307000068 ], [ -73.813128300999949, 7.068925050000075 ], [ -73.814352080999981, 7.068231444000048 ], [ -73.814758851999954, 7.067587415000048 ] ], [ [ -74.250369387999967, 6.448400470000024 ], [ -74.351864598999953, 6.499000491000061 ] ] ] } },
{ "type": "Feature", "properties": { "T_LICENCIA": "Licencia Ambiental", "SECTOR": "Energía", "EXPEDIENTE": "LAM0991", "RESOLUCION": "175", "PROYECTO": "SUBESTACIÓN MALENA Y CONEXIONES ANEXAS A 230 Kv", "TIPO_INFRA": "Línea de Transmisión", "DESCRIP": "Comuneros-Primavera", "FUENTE": "Empresa", "CAPACIDAD": "230 kV", "LONGITUD_K": 100.051014241, "SHAPE_Leng": 0.90477244895300002 }, "geometry": { "type": "MultiLineString", "coordinates": [ [ [ -73.821022505999963, 7.066115130000071 ], [ -73.822405319999973, 7.044683354000028 ], [ -73.820634620999954, 7.038217978000034 ], [ -73.824922818999937, 7.029652900000031 ], [ -73.83705996599997, 6.997960891000048 ], [ -73.839540045999968, 6.991712766000035 ], [ -73.848181813999986, 6.981316531000061 ], [ -73.851694387999942, 6.97736883500005 ], [ -73.842790562999937, 6.940463287000057 ], [ -73.83758396199994, 6.919219861000045 ], [ -73.856165774999965, 6.870691608000072 ], [ -73.877123901999937, 6.838023758000077 ], [ -73.896081769999967, 6.821615502000043 ], [ -73.919054677999952, 6.801565695000022 ], [ -73.918329663999941, 6.787406042000043 ], [ -73.943343948999939, 6.76252764700007 ], [ -73.953523555999936, 6.766721975000053 ], [ -73.966977957999973, 6.764122431000033 ], [ -73.98867586199998, 6.769863208000061 ], [ -74.037578760999963, 6.736717207000027 ], [ -74.05339424999994, 6.705614205000074 ], [ -74.047345012999983, 6.653935768000053 ], [ -74.063499108999963, 6.643623336000076 ], [ -74.069465718999936, 6.64000440600006 ], [ -74.084721171999945, 6.630328800000029 ], [ -74.101227469999969, 6.621973726000022 ], [ -74.108362760999967, 6.602303767000024 ], [ -74.136002434999966, 6.587992604000021 ], [ -74.149746969999967, 6.575385685000072 ], [ -74.187373910999952, 6.55956614400003 ], [ -74.220881675999976, 6.557407743000056 ], [ -74.291254809999941, 6.51646159400002 ], [ -74.308789777999948, 6.514317033000054 ], [ -74.339061322999953, 6.502164192000066 ] ], [ [ -73.821022505999963, 7.066115130000071 ], [ -73.818284939999955, 7.06603595200005 ] ], [ [ -73.81559234499997, 7.066565479000076 ], [ -73.815262333999954, 7.067044631000044 ] ], [ [ -73.818284939999955, 7.06603595200005 ], [ -73.81559234499997, 7.066565479000076 ] ], [ [ -74.339061322999953, 6.502164192000066 ], [ -74.341636912999945, 6.501147163000041 ] ], [ [ -74.351180342999953, 6.499893439000061 ], [ -74.35193991899996, 6.499686761000021 ] ], [ [ -74.341639832999988, 6.501147604000039 ], [ -74.351184564999983, 6.499893546000067 ] ] ] } },
{ "type": "Feature", "properties": { "T_LICENCIA": "Licencia Ambiental", "SECTOR": "Energía", "EXPEDIENTE": "LAM0991", "RESOLUCION": "175", "PROYECTO": "SUBESTACIÓN MALENA Y CONEXIONES ANEXAS A 230 Kv", "TIPO_INFRA": "Línea de Transmisión", "DESCRIP": "Jaguas_Malena", "FUENTE": "Empresa", "CAPACIDAD": "230 kV", "LONGITUD_K": 70.537699471600007, "SHAPE_Leng": 0.637611158186 }, "geometry": { "type": "MultiLineString", "coordinates": [ [ [ -75.004152804999933, 6.34770175500006 ], [ -75.003908881999962, 6.348058197000057 ] ], [ [ -75.004151728999943, 6.34770138600004 ], [ -75.002233348999937, 6.344312679000041 ], [ -74.995035582999947, 6.338959690000024 ], [ -74.992369362999966, 6.336093765000044 ], [ -74.988211623999973, 6.331854700000065 ], [ -74.98085206099995, 6.32482877700005 ], [ -74.980791963999934, 6.324686559000043 ], [ -74.89866657999994, 6.355000349000022 ], [ -74.883188827999959, 6.358294246000071 ], [ -74.844882302999963, 6.366251858000055 ], [ -74.799307573999954, 6.39500262100006 ], [ -74.77568651699994, 6.400868615000036 ], [ -74.750221556999975, 6.40674169600004 ], [ -74.712978527999951, 6.421339869000064 ], [ -74.644717082999989, 6.444991474000062 ], [ -74.640974271999937, 6.447498363000022 ], [ -74.636223991999941, 6.451005984000062 ], [ -74.601043317999938, 6.475902685000051 ], [ -74.516814919999945, 6.486379643000021 ], [ -74.500093162999974, 6.488548896000054 ], [ -74.466909051999949, 6.487519872000064 ], [ -74.455467228999964, 6.486770972000045 ], [ -74.451917160999983, 6.486675714000057 ], [ -74.443476186999987, 6.48676947000007 ], [ -74.437760637999986, 6.486627158000033 ], [ -74.422904425999945, 6.487946732000069 ], [ -74.417520018999937, 6.487857226000074 ], [ -74.410413032999941, 6.488170794000041 ] ] ] } },
{ "type": "Feature", "properties": { "T_LICENCIA": "Licencia Ambiental", "SECTOR": "Energía", "EXPEDIENTE": "LAM2942", "RESOLUCION": "1166", "PROYECTO": "LÍNEA DE TRANSMISIÓN A 500 KV CIRCUITO SENCILLO PRIMAVERA-BACATÁ Y OBRAS ASOCIADAS", "TIPO_INFRA": "Línea de Trnasmisión", "DESCRIP": "Primavera-Bacatá", "FUENTE": "Empresa", "CAPACIDAD": "500 kV", "LONGITUD_K": 196.82999934200001, "SHAPE_Leng": 1.7795759390699999 }, "geometry": { "type": "LineString", "coordinates": [ [ -74.351990739999962, 6.501009098000054 ], [ -74.349013352999975, 6.501551714000072 ], [ -74.347721935999971, 6.49980793900005 ], [ -74.34363084599994, 6.493526246000044 ], [ -74.337682584999982, 6.485698310000032 ], [ -74.33022324999996, 6.478098827000053 ], [ -74.316334455999936, 6.450523133000047 ], [ -74.317326167999965, 6.411050805000059 ], [ -74.313761855999985, 6.371534862000033 ], [ -74.319973231999938, 6.336984646000076 ], [ -74.321675807999952, 6.332777906000047 ], [ -74.321175197999935, 6.330650710000043 ], [ -74.324153468999953, 6.316811007000069 ], [ -74.325364778999983, 6.311687396000025 ], [ -74.326230677999945, 6.307175040000061 ], [ -74.333262661999981, 6.27459317000006 ], [ -74.335867019999966, 6.265659509000045 ], [ -74.342972933999988, 6.17888571800006 ], [ -74.343445285999962, 6.14274438700005 ], [ -74.342946329999961, 6.128914398000063 ], [ -74.342739395999956, 6.125341693000053 ], [ -74.344755525999972, 6.11195660900006 ], [ -74.353325827999981, 6.096502245000067 ], [ -74.350799565999978, 6.071363640000072 ], [ -74.359406899999954, 6.012104457000021 ], [ -74.361161061999951, 5.991454246000046 ], [ -74.379700920999937, 5.89400411500003 ], [ -74.381096538999941, 5.881789859000037 ], [ -74.381674923999981, 5.879956606000064 ], [ -74.381600110999955, 5.877381309000043 ], [ -74.387927803999958, 5.821656749000056 ], [ -74.386234904999981, 5.811559499000055 ], [ -74.390241913999944, 5.801196971000024 ], [ -74.39189936799994, 5.786520850000045 ], [ -74.392636646999961, 5.780963017000033 ], [ -74.39562618399998, 5.699668300000042 ], [ -74.394548844999974, 5.69256172200005 ], [ -74.393839918999959, 5.69021897600004 ], [ -74.394624336999982, 5.674954070000069 ], [ -74.396864171999937, 5.666206134000049 ], [ -74.398050525999963, 5.643493630000023 ], [ -74.406994879999957, 5.626080313000045 ], [ -74.40453247399995, 5.609304544000054 ], [ -74.403812273999961, 5.603254487000072 ], [ -74.397979283999973, 5.561478916000056 ], [ -74.391885111999954, 5.53303870700006 ], [ -74.389186146999975, 5.524216336000052 ], [ -74.386212054999987, 5.517208059000041 ], [ -74.372459923999941, 5.473620876000041 ], [ -74.363924027999985, 5.444916148000061 ], [ -74.357668755999953, 5.434558605000063 ], [ -74.353912491999949, 5.42340037300005 ], [ -74.352920895999944, 5.412752769000065 ], [ -74.351202312999987, 5.391306948000022 ], [ -74.345718996999949, 5.36979268400006 ], [ -74.335748867999939, 5.331649779000031 ], [ -74.334897473999945, 5.300135528000055 ], [ -74.324573076999968, 5.266285689000028 ], [ -74.321742397999969, 5.254684648000023 ], [ -74.317140433999953, 5.237560979000023 ], [ -74.312660638999944, 5.222708054000066 ], [ -74.311074929999961, 5.20137199100003 ], [ -74.29300660499996, 5.145517764000033 ], [ -74.285318403999952, 5.114668984000048 ], [ -74.276844850999964, 5.085235333000071 ], [ -74.27575328599994, 5.079096245000073 ], [ -74.272044516999983, 5.072460765000073 ], [ -74.268464116999951, 5.064475383000058 ], [ -74.261523009999962, 5.044722089000061 ], [ -74.253357759999972, 5.018574116000025 ], [ -74.243788968999979, 4.981704557000057 ], [ -74.244874869999933, 4.976315484000054 ], [ -74.247475753999936, 4.974075416000062 ], [ -74.251263860999984, 4.969412415000022 ], [ -74.253186278999976, 4.959000279000065 ], [ -74.250623958999938, 4.952871535000043 ], [ -74.252255195999965, 4.940004667000039 ], [ -74.250356933999967, 4.934262871000044 ], [ -74.232883765999986, 4.912832854000044 ], [ -74.218556914999965, 4.893804131000024 ], [ -74.213835853999967, 4.885579226000061 ], [ -74.209375455999975, 4.880569022000032 ], [ -74.203702729999975, 4.871284110000033 ], [ -74.203756351999971, 4.867311230000041 ], [ -74.205722132999938, 4.864755392000063 ], [ -74.207179512999971, 4.859787963000031 ], [ -74.208923391999974, 4.852105761000075 ], [ -74.197977079999987, 4.836158524000041 ], [ -74.196247760999938, 4.830641767000031 ], [ -74.189691193999977, 4.816917364000062 ], [ -74.182796110999959, 4.80837378800004 ], [ -74.180823180999937, 4.801905511000029 ], [ -74.179180616999986, 4.799942965000071 ] ] } },
{ "type": "Feature", "properties": { "T_LICENCIA": "Licencia Ambiental", "SECTOR": "Energía", "EXPEDIENTE": "LAM1067", "RESOLUCION": "0322", "PROYECTO": "LÍNEA TRANSMISIÓN CERROMATOSO –URRA, APARTADO Y SUBESTACIÓN 500/230 KV", "TIPO_INFRA": "Línea de Transmisión", "DESCRIP": "Cerromatoso-Urrá I", "FUENTE": "Empresa", "CAPACIDAD": "230 kV", "LONGITUD_K": 84.497263366400006, "SHAPE_Leng": 0.76583714453600005 }, "geometry": { "type": "MultiLineString", "coordinates": [ [ [ -75.520710045999977, 7.941347938000035 ], [ -75.520399233999967, 7.941219559000047 ], [ -75.514901518999977, 7.943298153000057 ] ], [ [ -75.514901518999977, 7.943298153000057 ], [ -75.514228487999958, 7.943552387000068 ], [ -75.509836255999971, 7.947327340000072 ], [ -75.505983546999971, 7.947503273000052 ], [ -75.498986944999956, 7.945683204000034 ], [ -75.49674108399995, 7.942374115000064 ], [ -75.497940654999979, 7.939954256000021 ] ], [ [ -76.205997789999969, 8.021143368000025 ], [ -76.205693172999986, 8.021167887000047 ], [ -76.204477180999959, 8.024131129000068 ], [ -76.200939941999934, 8.032205070000032 ], [ -76.198798997999972, 8.034170069000027 ], [ -76.195663503999981, 8.034371395000051 ], [ -76.172560192999981, 8.034277818000021 ], [ -76.159802447999937, 8.031866746000048 ], [ -76.089697561999969, 8.074061971000049 ], [ -76.069818763999933, 8.079460830000073 ], [ -76.066679991999933, 8.080818905000058 ], [ -76.061589407999975, 8.083167067000034 ], [ -76.052312710999956, 8.084167215000036 ], [ -76.043738336999979, 8.084768218000022 ], [ -76.038070622999953, 8.085454093000067 ], [ -76.030359480999948, 8.08570321600007 ], [ -75.993311954999967, 8.088327252000056 ], [ -75.947344950999934, 8.082406880000065 ], [ -75.94026592299997, 8.081619473000046 ], [ -75.936363342999982, 8.080989918000057 ], [ -75.923900419999939, 8.075933957000075 ], [ -75.921360682999989, 8.07507827400002 ], [ -75.913414564999982, 8.076086230000044 ] ], [ [ -75.913414027999977, 8.076086750000059 ], [ -75.910767141999941, 8.076422053000044 ] ], [ [ -75.910766194999951, 8.076422057000059 ], [ -75.905234167999936, 8.076682491000042 ], [ -75.89760894799997, 8.07682305700007 ], [ -75.892637645999969, 8.076028302000054 ], [ -75.855115757999954, 8.072089739000035 ], [ -75.851152487999968, 8.069883611000023 ], [ -75.844271319999962, 8.068096750000052 ], [ -75.765540117999933, 8.038955234000071 ], [ -75.757717992999972, 8.03752303300007 ], [ -75.737465057999941, 8.027346875000035 ], [ -75.724603468999987, 8.024117595000064 ], [ -75.709125728999936, 8.019650919000071 ], [ -75.655121251999958, 7.998801067000045 ], [ -75.628128119999985, 7.989168504000077 ], [ -75.621116084999983, 7.988308869000036 ], [ -75.612230520999958, 7.983497137000029 ], [ -75.581970619999936, 7.972689150000065 ], [ -75.552696983999965, 7.95844029400007 ], [ -75.54460404699995, 7.951780064000047 ], [ -75.540141461999951, 7.948695394000026 ], [ -75.530525602999944, 7.944607232000067 ], [ -75.528013359999989, 7.944353837000051 ], [ -75.520710045999977, 7.941347938000035 ] ] ] } },
{ "type": "Feature", "properties": { "T_LICENCIA": "Licencia Ambiental", "SECTOR": "Energía", "EXPEDIENTE": "LAM1067", "RESOLUCION": "0322", "PROYECTO": "LÍNEA TRANSMISIÓN CERROMATOSO –URRA, APARTADO Y SUBESTACIÓN 500/230 KV", "TIPO_INFRA": "Línea de Transmisión", "DESCRIP": "Urrá I-Urabá", "FUENTE": "Empresa", "CAPACIDAD": "230 kV", "LONGITUD_K": 50.994692022199999, "SHAPE_Leng": 0.46215040171100003 }, "geometry": { "type": "LineString", "coordinates": [ [ -76.20658995499997, 8.021128893000025 ], [ -76.206831302999944, 8.021104700000024 ], [ -76.209177258999944, 8.028862118000063 ], [ -76.210035285999936, 8.031184827000061 ], [ -76.212181015999988, 8.033871852000061 ], [ -76.216668567999989, 8.034444837000024 ], [ -76.235473340999988, 8.032950950000043 ], [ -76.296537354999941, 8.03311185900003 ], [ -76.301284481999971, 8.032843547000027 ], [ -76.310478904999968, 8.033157876000075 ], [ -76.330569522999951, 8.033291127000041 ], [ -76.34292768399996, 8.033284008000066 ], [ -76.385364549999963, 8.034322578000058 ], [ -76.397843991999935, 8.034313097000052 ], [ -76.408800152999959, 8.034069183000042 ], [ -76.425099356999965, 8.031428129000062 ], [ -76.437394367999957, 8.031175842000039 ], [ -76.476593846999947, 8.03076728800005 ], [ -76.508913305999954, 8.030274338000027 ], [ -76.531190416999948, 8.030081539000037 ], [ -76.546058699999946, 8.032783601000062 ], [ -76.555199681999966, 8.034548788000052 ], [ -76.578718803999948, 8.038471428000037 ], [ -76.632073660999936, 8.046915286000058 ], [ -76.646150060999958, 8.054643056000032 ], [ -76.653191355999979, 8.056958818000055 ], [ -76.654879782999956, 8.058242336000035 ], [ -76.655254721999938, 8.057703864000075 ] ] } },
{ "type": "Feature", "properties": { "T_LICENCIA": "Licencia Ambiental", "SECTOR": "Energía", "EXPEDIENTE": "LAM1810", "RESOLUCION": "1234", "PROYECTO": "INTERCONEXIÓN SABANALARGA-NUEVA BARRANQUILLA A 220 KV", "TIPO_INFRA": "Línea de Interconexión", "DESCRIP": "Sabanalarga-Nueva Barranquilla", "FUENTE": "Empresa", "CAPACIDAD": "220 kV", "LONGITUD_K": 42.937559483699999, "SHAPE_Leng": 0.38907318729099999 }, "geometry": { "type": "LineString", "coordinates": [ [ -74.912136593999946, 10.651177167000071 ], [ -74.906795984999974, 10.664615301000026 ], [ -74.907765128999984, 10.673607225000069 ], [ -74.908772083999963, 10.686811528000021 ], [ -74.906910349999976, 10.708647299000063 ], [ -74.907467179999969, 10.727041536000058 ], [ -74.909374781999986, 10.737070459000051 ], [ -74.90144005999997, 10.772192572000051 ], [ -74.900844892999942, 10.781107244000054 ], [ -74.899189335999949, 10.783570424000061 ], [ -74.897808157999975, 10.786710843000037 ], [ -74.897289519999958, 10.80070558500006 ], [ -74.868952796999963, 10.835744924000039 ], [ -74.868502702999933, 10.838674935000029 ], [ -74.868762301999936, 10.849377243000049 ], [ -74.868372725999961, 10.853373778000048 ], [ -74.858568797999965, 10.863035118000028 ], [ -74.85424298199996, 10.880655384000022 ], [ -74.851648962999946, 10.888381826000057 ], [ -74.851839526999981, 10.890234480000061 ], [ -74.869090103999952, 10.908857319000049 ], [ -74.87118043199996, 10.912648555000033 ], [ -74.875621103999947, 10.919489044000045 ], [ -74.880801722999934, 10.928017915000055 ], [ -74.880122734999986, 10.937655911000036 ], [ -74.878291664999949, 10.945796354000038 ], [ -74.878840585999967, 10.952836756000067 ], [ -74.879161001999989, 10.960148941000057 ], [ -74.875934044999951, 10.966132577000053 ], [ -74.875758542999961, 10.968275419000065 ], [ -74.866282614999989, 10.97606511400005 ], [ -74.862474972999962, 10.984038847000022 ], [ -74.845361697999977, 10.990130026000031 ], [ -74.842370873999982, 10.991601983000066 ] ] } },
{ "type": "Feature", "properties": { "T_LICENCIA": "Licencia Ambiental", "SECTOR": "Energía", "EXPEDIENTE": "LAM2048", "RESOLUCION": "738", "PROYECTO": "LÍNEA DE TRANSMISIÓN A 230 kV CORREDOR SUR Y SISTEMA BOGOTÁ", "TIPO_INFRA": "Línea de Transmisión", "DESCRIP": "Corredor Sur: La Reforma-Tunal", "FUENTE": "Empresa", "CAPACIDAD": "230 kV", "LONGITUD_K": 73.738691051000004, "SHAPE_Leng": 0.66538896214599996 }, "geometry": { "type": "LineString", "coordinates": [ [ -73.706550693999986, 4.181263374000025 ], [ -73.709225833999938, 4.182061324000074 ], [ -73.724753806999956, 4.179934026000069 ], [ -73.734554097999933, 4.180914484000027 ], [ -73.743987525999955, 4.18156043700003 ], [ -73.758772005999958, 4.193494479000037 ], [ -73.772229933999938, 4.227355903000046 ], [ -73.816589693999958, 4.287188525000033 ], [ -73.841101540999944, 4.308952094000063 ], [ -73.864676900999939, 4.324801571000023 ], [ -73.888164016999951, 4.336835664000034 ], [ -73.890959093999982, 4.342463090000024 ], [ -73.893877051999937, 4.347660671000028 ], [ -73.895815503999984, 4.349049273000048 ], [ -73.900815723999983, 4.351851716000056 ], [ -73.904039251999961, 4.354658004000044 ], [ -73.906271620999973, 4.35581561500004 ], [ -73.909860510999977, 4.358297944000071 ], [ -73.912010426999984, 4.35962082900005 ], [ -73.91552971699997, 4.362190644000066 ], [ -73.920952592999981, 4.365641796000034 ], [ -73.929218188999982, 4.371155516000044 ], [ -73.930122604999951, 4.371231465000051 ], [ -73.934610845999941, 4.371146628000076 ], [ -73.940392084999985, 4.371808022000039 ], [ -73.950170078999975, 4.372784305000039 ], [ -73.964339721999977, 4.37407965400007 ], [ -73.975414065999985, 4.372971282000037 ], [ -73.982221208999988, 4.373584884000024 ], [ -73.998602394999978, 4.379982 ], [ -74.001288168999963, 4.380885417000059 ], [ -74.020289502999958, 4.388284171000066 ], [ -74.026606467999954, 4.390954065000074 ], [ -74.03202469699994, 4.392652929000064 ], [ -74.040083272999937, 4.395631410000021 ], [ -74.043831912999963, 4.397585438000021 ], [ -74.053755411999987, 4.404355617000022 ], [ -74.062323467999988, 4.411342124000043 ], [ -74.070604828999933, 4.418467252000028 ], [ -74.076401923999981, 4.423107859000027 ], [ -74.080156594999949, 4.42584879900005 ], [ -74.081140758999936, 4.426897628000063 ], [ -74.082723301999977, 4.428216012000064 ], [ -74.089510429999962, 4.433524653000063 ], [ -74.091828321999969, 4.435242822000021 ], [ -74.10025133399995, 4.441941927000073 ], [ -74.108340016999989, 4.448210988000028 ], [ -74.115156474999935, 4.453256750000037 ], [ -74.117897998999979, 4.455410340000071 ], [ -74.11922094099998, 4.456581262000043 ], [ -74.125552372999948, 4.461779893000028 ], [ -74.132458192999934, 4.467136962000041 ], [ -74.141998713999953, 4.473235484000043 ], [ -74.147432110999944, 4.47630235400004 ], [ -74.147664304999978, 4.476656145000049 ], [ -74.147962860999939, 4.476926903000049 ], [ -74.144871788999978, 4.486843530000044 ], [ -74.143961286999968, 4.490181180000036 ], [ -74.147244679999972, 4.49241928500004 ], [ -74.145031165999967, 4.503364723000061 ], [ -74.139765104999981, 4.510354935000066 ], [ -74.135530457999948, 4.517309870000076 ], [ -74.134066934999964, 4.528083666000043 ], [ -74.134080601999983, 4.533385126000042 ], [ -74.132181045999971, 4.539038835000042 ], [ -74.13253468399995, 4.539309050000043 ], [ -74.133706754999935, 4.54052480200005 ], [ -74.136318948999985, 4.545728659000076 ], [ -74.136895840999955, 4.547410092000064 ], [ -74.136791607999953, 4.549379195000029 ], [ -74.136462068999947, 4.551211054000021 ], [ -74.136977696999963, 4.553219193000075 ], [ -74.138850654999942, 4.558710981000047 ], [ -74.139100527999972, 4.560623391000036 ], [ -74.138181860999964, 4.566915626000025 ], [ -74.138383575999967, 4.568605938000076 ], [ -74.139189220999981, 4.571918698000047 ], [ -74.13989599599995, 4.573557300000061 ], [ -74.140069628999981, 4.573634355000024 ] ] } },
{ "type": "Feature", "properties": { "T_LICENCIA": "Licencia Ambiental", "SECTOR": "Energía", "EXPEDIENTE": "LAM2048", "RESOLUCION": "738", "PROYECTO": "LÍNEA DE TRANSMISIÓN A 230 kV CORREDOR SUR Y SISTEMA BOGOTÁ", "TIPO_INFRA": "Línea de Transmisión", "DESCRIP": "Variante Circo-Tunal (Cantarrana)", "FUENTE": "Empresa", "CAPACIDAD": "230 kV", "LONGITUD_K": 29.6120928042, "SHAPE_Leng": 0.26732150245199998 }, "geometry": { "type": "LineString", "coordinates": [ [ -74.141373817999977, 4.573951815000044 ], [ -74.142304041999978, 4.574637848000066 ], [ -74.145852974999968, 4.575068865000048 ], [ -74.149643202999982, 4.576626861000022 ], [ -74.151198465999983, 4.576625205000028 ], [ -74.152738273999944, 4.575755226000069 ], [ -74.155651599999942, 4.573184003000051 ], [ -74.156941045999986, 4.572247842000024 ], [ -74.160713144999988, 4.563694539000039 ], [ -74.165288590999978, 4.556689233000043 ], [ -74.176682274999962, 4.524227756000073 ], [ -74.172711853999942, 4.521538282000051 ], [ -74.168712693999964, 4.51864821700002 ], [ -74.164174696999964, 4.515553287000046 ], [ -74.160308975999953, 4.512737461000029 ], [ -74.153140907999955, 4.508127166000065 ], [ -74.150594869999964, 4.506264399000031 ], [ -74.142631863999952, 4.501313509000056 ], [ -74.137011249999944, 4.501219599000024 ], [ -74.133629413999984, 4.501038020000067 ], [ -74.131798480999976, 4.498689199000069 ], [ -74.124045549999948, 4.497479718000022 ], [ -74.118309670999963, 4.500771042000054 ], [ -74.113150044999941, 4.500692344000072 ], [ -74.108941742999946, 4.50175378800003 ], [ -74.103163522999978, 4.503353147000041 ], [ -74.096779394999942, 4.505249527000046 ], [ -74.089816113999973, 4.507562561000043 ], [ -74.082386135999968, 4.517765955000073 ], [ -74.078343735999965, 4.522731119000071 ], [ -74.070678440999984, 4.532942072000026 ], [ -74.068855372999963, 4.537774521000074 ], [ -74.063223, 4.550610887000062 ], [ -74.058340093999959, 4.559567172000072 ], [ -74.054637037999953, 4.56616875900005 ], [ -74.050544818999981, 4.585893813000041 ], [ -74.053546979999965, 4.587582759000043 ], [ -74.059743183999956, 4.587309575000063 ], [ -74.061433880999971, 4.587327229000039 ], [ -74.061747633999971, 4.587447698000062 ] ] } },
{ "type": "Feature", "properties": { "T_LICENCIA": "Licencia Ambiental", "SECTOR": "Energía", "EXPEDIENTE": "LAM2048", "RESOLUCION": "738", "PROYECTO": "LÍNEA DE TRANSMISIÓN A 230 kV CORREDOR SUR Y SISTEMA BOGOTÁ", "TIPO_INFRA": "Línea de Transmisión", "DESCRIP": "Corredor Sur: Guavio-La Reforma", "FUENTE": "Empresa", "CAPACIDAD": "230 kV", "LONGITUD_K": 82.764898701899995, "SHAPE_Leng": 0.74731269614600004 }, "geometry": { "type": "LineString", "coordinates": [ [ -73.703723194999952, 4.18032936000003 ], [ -73.697604191999972, 4.17854279900007 ], [ -73.692135083999972, 4.176705391000041 ], [ -73.683495062999953, 4.176598186000035 ], [ -73.674728075999951, 4.178452046000075 ], [ -73.661922585999946, 4.180681603000039 ], [ -73.654561081999987, 4.185615049000035 ], [ -73.650812438999935, 4.189173820000065 ], [ -73.642374734999976, 4.197461716000021 ], [ -73.637235953999948, 4.199308452000025 ], [ -73.635760110999968, 4.200541945000055 ], [ -73.618335214999945, 4.205172266000034 ], [ -73.608818329999963, 4.210903300000041 ], [ -73.605470375999971, 4.212769500000036 ], [ -73.599916355999937, 4.221237258000031 ], [ -73.595756041999948, 4.227321829000061 ], [ -73.593123289999937, 4.231430839000041 ], [ -73.592297486999939, 4.23490229600003 ], [ -73.591217818999951, 4.240600740000048 ], [ -73.589895048999949, 4.246145247000072 ], [ -73.588285843999984, 4.248719040000026 ], [ -73.582638354999972, 4.256290899000021 ], [ -73.577437815999986, 4.263552154000024 ], [ -73.568645316999948, 4.274225457000057 ], [ -73.560483795999971, 4.284952301000033 ], [ -73.478359675999968, 4.354385581000031 ], [ -73.438167859999965, 4.398486950000063 ], [ -73.360439961999987, 4.490579055000069 ], [ -73.326894281999955, 4.59003571300002 ], [ -73.315389636999953, 4.666634966000061 ], [ -73.356104104999986, 4.737867805000064 ] ] } },
{ "type": "Feature", "properties": { "T_LICENCIA": "Licencia Ambiental", "SECTOR": "Energía", "EXPEDIENTE": "LAM3323", "RESOLUCION": "2268", "PROYECTO": "LÍNEA DE TRANSMISIÓN A 230 KV CIRCUITO DOBLE BETANIA  ALTAMIRA  MOCOA  PASTO (S/E JAMONDINO)  FRONTERA Y OBRAS COMPLEMENTARIAS/UPME 01 2005", "TIPO_INFRA": "Línea de Transmisión", "DESCRIP": "Circuito doble: Altamira-Mocoa", "FUENTE": "Empresa", "CAPACIDAD": "230 kV", "LONGITUD_K": 140.30869367700001, "SHAPE_Leng": 1.2641493831499999 }, "geometry": { "type": "LineString", "coordinates": [ [ -75.787821666999946, 2.068734849000066 ], [ -75.788378880999971, 2.068874182000059 ], [ -75.788956066999958, 2.069530175000068 ], [ -75.793129048999958, 2.065474989000052 ], [ -75.797856714999966, 2.062448214000028 ], [ -75.80130758599995, 2.060061166000025 ], [ -75.820757836999974, 2.047186374000034 ], [ -75.825514317999989, 2.043831201000046 ], [ -75.832536051999966, 2.039288204000059 ], [ -76.593393942999967, 1.198428466000053 ], [ -76.602931274999946, 1.197822602000031 ], [ -76.607800002999966, 1.195544863000066 ], [ -76.612435794999953, 1.193119889000059 ], [ -76.655062805999989, 1.167970384000057 ], [ -76.656292416999975, 1.167176725000047 ], [ -76.658247418999963, 1.166409809000072 ], [ -76.659967526999935, 1.165851638000049 ], [ -76.660245848999978, 1.166307212000049 ] ] } },
{ "type": "Feature", "properties": { "T_LICENCIA": "Licencia Ambiental", "SECTOR": "Energía", "EXPEDIENTE": "LAM3323", "RESOLUCION": "2268", "PROYECTO": "LÍNEA DE TRANSMISIÓN A 230 KV CIRCUITO DOBLE BETANIA  ALTAMIRA  MOCOA  PASTO (S/E JAMONDINO)  FRONTERA Y OBRAS COMPLEMENTARIAS/UPME 01 2005", "TIPO_INFRA": "Línea de Transmisión", "DESCRIP": "Circuito Sencillo: Mocoa-Jamondino", "FUENTE": "Empresa", "CAPACIDAD": "230 kV", "LONGITUD_K": 73.2789278188, "SHAPE_Leng": 0.6583190073 }, "geometry": { "type": "LineString", "coordinates": [ [ -76.660371215999987, 1.166176771000039 ], [ -76.660175340999956, 1.165819663000036 ], [ -76.835380495999971, 1.199164222000036 ], [ -76.83789960699994, 1.199131168000065 ], [ -76.841088065999941, 1.19646709400007 ], [ -76.843741530999978, 1.195262894000052 ], [ -76.848070027999938, 1.192572999000049 ], [ -76.851636818999964, 1.190525188000038 ], [ -76.855733511999972, 1.187857616000031 ], [ -76.864837025999975, 1.182451601000025 ], [ -76.866464979999989, 1.178358550000041 ], [ -76.918098849999978, 1.141679313000054 ], [ -76.92553038799997, 1.135443940000073 ], [ -76.930525067999952, 1.131407461000038 ], [ -76.93706810599997, 1.125608800000066 ], [ -76.948048579999977, 1.121823996000046 ], [ -76.984421674999965, 1.111233656000024 ], [ -76.996998769999948, 1.108686094000063 ], [ -77.021886309999957, 1.108699178000052 ], [ -77.045375476999936, 1.111576368000044 ], [ -77.07959958899994, 1.117097272000024 ], [ -77.111498668999957, 1.127041618000021 ], [ -77.140783610999961, 1.133007959000054 ], [ -77.144396554999958, 1.134202115000051 ], [ -77.146566642999971, 1.133574619000058 ], [ -77.148648028999958, 1.13337677100003 ], [ -77.150009229999966, 1.13286585700007 ], [ -77.154578821999962, 1.136275455000032 ], [ -77.227164014999971, 1.184177721000026 ], [ -77.242136206999987, 1.199211794000064 ], [ -77.250834343999941, 1.216345644000057 ], [ -77.251601059999984, 1.217164461000039 ] ] } },
{ "type": "Feature", "properties": { "T_LICENCIA": "Licencia Ambiental", "SECTOR": "Energía", "EXPEDIENTE": "LAM3323", "RESOLUCION": "2268", "PROYECTO": "LÍNEA DE TRANSMISIÓN A 230 KV CIRCUITO DOBLE BETANIA  ALTAMIRA  MOCOA  PASTO (S/E JAMONDINO)  FRONTERA Y OBRAS COMPLEMENTARIAS/UPME 01 2005", "TIPO_INFRA": "Línea de Transmisión", "DESCRIP": "Circuito oble: Jamondino-Frontera", "FUENTE": "Empresa", "CAPACIDAD": "230 kV", "LONGITUD_K": 147.89930103699999, "SHAPE_Leng": 1.33094389383 }, "geometry": { "type": "MultiLineString", "coordinates": [ [ [ -77.658340378999981, 0.868480503000058 ], [ -77.659730895999985, 0.866387056000065 ], [ -77.669652024999948, 0.849107551000031 ], [ -77.673218619999943, 0.839440507000063 ], [ -77.677759150999975, 0.832214356000065 ], [ -77.676138049999963, 0.834794147000025 ], [ -77.673218619999943, 0.839440507000063 ], [ -77.670912542999986, 0.845690755000021 ], [ -77.669652024999948, 0.849107551000031 ], [ -77.668137611999953, 0.851746109000032 ], [ -77.659730895999985, 0.866387056000065 ], [ -77.658340378999981, 0.868480503000058 ] ], [ [ -77.657016062999958, 0.870439747000034 ], [ -77.658340378999981, 0.868480189000024 ], [ -77.657016062999958, 0.870439747000034 ] ], [ [ -77.654971791999969, 0.873464625000054 ], [ -77.657016062999958, 0.870439747000034 ] ], [ [ -77.654978396999979, 0.881286099000022 ], [ -77.655373207999958, 0.878616449000049 ], [ -77.654978396999979, 0.881286099000022 ] ], [ [ -77.566545979999944, 0.939624106000053 ], [ -77.570760616999962, 0.936895724000067 ], [ -77.579212337999934, 0.931425040000022 ], [ -77.58616415299997, 0.928820170000051 ], [ -77.597568777999982, 0.924547863000043 ], [ -77.601087931999984, 0.923404959000038 ] ], [ [ -77.548344448999956, 0.957240210000066 ], [ -77.551935255999979, 0.949037174000068 ], [ -77.566545979999944, 0.939624106000053 ] ], [ [ -77.535730158999968, 1.007030412000063 ], [ -77.541274000999977, 0.995980035000059 ], [ -77.543804829999942, 0.985084807000021 ], [ -77.543811367999979, 0.983697760000041 ], [ -77.543847849999963, 0.975485337000066 ], [ -77.547496958999943, 0.959176435000074 ], [ -77.548344448999956, 0.957240210000066 ] ], [ [ -77.512092920999976, 1.036477701000024 ], [ -77.517795083999943, 1.032693378000033 ], [ -77.51941151699998, 1.031620404000023 ], [ -77.52079770499995, 1.030700631000059 ], [ -77.521550011999977, 1.029914882000071 ], [ -77.52680823299994, 1.024419783000042 ], [ -77.531316416999971, 1.015828622000072 ], [ -77.535730158999968, 1.007030412000063 ] ], [ [ -77.456488691999937, 1.080744081000034 ], [ -77.462818381999966, 1.077722891000064 ], [ -77.472775662999936, 1.073151360000054 ], [ -77.479838338999969, 1.064551918000063 ], [ -77.488957540999934, 1.054204578000054 ], [ -77.498039874999961, 1.045804392000036 ], [ -77.506990537999968, 1.03986395000004 ], [ -77.512092920999976, 1.036477701000024 ] ], [ [ -77.370152289999965, 1.148462468000048 ], [ -77.375547235999989, 1.144239283000047 ], [ -77.386173890999942, 1.141806579000047 ], [ -77.402713334999987, 1.138836272000049 ], [ -77.408007002999966, 1.13513748400004 ], [ -77.411055825999938, 1.133006850000072 ], [ -77.417136286999948, 1.125570777000064 ], [ -77.421281076999946, 1.117460636000033 ], [ -77.432215963999965, 1.106676209000057 ], [ -77.435267815999964, 1.101814449000074 ], [ -77.437157612999954, 1.099531932000048 ], [ -77.440463826999974, 1.094895088000044 ], [ -77.447492804999968, 1.085038076000046 ], [ -77.456488691999937, 1.080744081000034 ] ], [ [ -77.345134835999943, 1.167629845000022 ], [ -77.350045486999988, 1.163505491000024 ], [ -77.358134895999967, 1.157311048000054 ], [ -77.364060342999949, 1.153026134000072 ], [ -77.367961002999948, 1.15020589300002 ], [ -77.370152289999965, 1.148462468000048 ] ], [ [ -77.253931860999955, 1.220855702000051 ], [ -77.254054532999987, 1.220588967000026 ], [ -77.253931860999955, 1.220855702000051 ] ], [ [ -77.272587425999973, 1.249388439000029 ], [ -77.274757501999943, 1.248934940000026 ], [ -77.279110055999979, 1.24802515600004 ], [ -77.284893969999985, 1.246815727000069 ], [ -77.295173572999943, 1.244667106000065 ], [ -77.301928329999953, 1.242497763000074 ], [ -77.310755304999986, 1.228922202000035 ], [ -77.314035579999938, 1.225680390000036 ], [ -77.321012197999949, 1.21878411900002 ], [ -77.323050007999939, 1.211928964000037 ], [ -77.324028055999975, 1.203864383000052 ], [ -77.330114997999942, 1.183165016000032 ], [ -77.335232853999969, 1.176839211000072 ], [ -77.336831389999986, 1.174863052000035 ], [ -77.341996517999974, 1.170285481000064 ], [ -77.345134835999943, 1.167629845000022 ] ], [ [ -77.253931860999955, 1.220855702000051 ], [ -77.251082115999964, 1.227051274000075 ], [ -77.250058735999971, 1.23232258500002 ], [ -77.254778472999988, 1.239546929000028 ], [ -77.25623591699997, 1.243006520000051 ], [ -77.259379950999971, 1.249406326000042 ], [ -77.265237605999971, 1.250924639000061 ], [ -77.272587425999973, 1.249388439000029 ] ], [ [ -77.654971791999969, 0.873464625000054 ], [ -77.657016062999958, 0.870439747000034 ] ], [ [ -77.654971791999969, 0.873464625000054 ], [ -77.655372987999954, 0.878616672000021 ], [ -77.654971791999969, 0.873464625000054 ] ], [ [ -77.654963606999956, 0.882431758000052 ], [ -77.654985859999954, 0.88129361600005 ], [ -77.654963606999956, 0.882431758000052 ] ], [ [ -77.653354606999983, 0.887949432000028 ], [ -77.654971098999965, 0.88243175100007 ], [ -77.653354606999983, 0.887949432000028 ] ], [ [ -77.601087931999984, 0.923404959000038 ], [ -77.607217853999941, 0.921414665000043 ], [ -77.609167732999936, 0.920781332000047 ], [ -77.613613090999934, 0.918229937000035 ], [ -77.631243695999956, 0.909614762000047 ], [ -77.642034115999934, 0.899617075000037 ], [ -77.652418744999977, 0.888740986000073 ], [ -77.653347100999952, 0.887934356000073 ], [ -77.652418744999977, 0.888740986000073 ], [ -77.650128609999967, 0.891137868000044 ], [ -77.642034115999934, 0.899617075000037 ], [ -77.636711614999967, 0.90454808100003 ], [ -77.631243695999956, 0.909614762000047 ], [ -77.626648384999953, 0.911860431000036 ], [ -77.613613090999934, 0.918229937000035 ], [ -77.609167732999936, 0.920781332000047 ], [ -77.601087931999984, 0.923404959000038 ] ], [ [ -77.566545979999944, 0.939624106000053 ], [ -77.579212337999934, 0.931425040000022 ], [ -77.597568777999982, 0.924547863000043 ], [ -77.601087931999984, 0.923404959000038 ] ], [ [ -77.548344448999956, 0.957240210000066 ], [ -77.549752324999986, 0.954023722000045 ], [ -77.551935255999979, 0.949037174000068 ], [ -77.556409331999987, 0.946185692000029 ], [ -77.566545979999944, 0.939624106000053 ] ], [ [ -77.535730158999968, 1.007030412000063 ], [ -77.539369396999973, 0.999776197000074 ], [ -77.541274000999977, 0.995980035000059 ], [ -77.542412585999955, 0.991078420000065 ], [ -77.543804829999942, 0.985084807000021 ], [ -77.543847849999963, 0.975485337000066 ], [ -77.54593473999995, 0.966157470000041 ], [ -77.547496958999943, 0.959176435000074 ], [ -77.548344448999956, 0.957240210000066 ] ], [ [ -77.512092920999976, 1.036477701000024 ], [ -77.51941151699998, 1.031620404000023 ], [ -77.52079770499995, 1.030700631000059 ], [ -77.52680823299994, 1.024419783000042 ], [ -77.528716838999969, 1.020782444000019 ], [ -77.531316416999971, 1.015828622000072 ], [ -77.53401815899997, 1.010442961000024 ], [ -77.535730158999968, 1.007030412000063 ] ], [ [ -77.456488691999937, 1.080744081000034 ], [ -77.462818381999966, 1.077722891000064 ], [ -77.466106412999977, 1.076212825000027 ], [ -77.472775662999936, 1.073151360000054 ], [ -77.479838338999969, 1.064551918000063 ], [ -77.486959973999944, 1.056471339000041 ], [ -77.488957540999934, 1.054204578000054 ], [ -77.492477175999966, 1.050949064000065 ], [ -77.498039874999961, 1.045804392000036 ], [ -77.512092920999976, 1.036477701000024 ] ], [ [ -77.370152289999965, 1.148462468000048 ], [ -77.373561215999985, 1.14575029100007 ], [ -77.375547235999989, 1.144239283000047 ], [ -77.380893405999984, 1.143015023000032 ], [ -77.386173890999942, 1.141806579000047 ], [ -77.391831159999981, 1.14079197600006 ], [ -77.402713334999987, 1.138836272000049 ], [ -77.411055825999938, 1.133006850000072 ], [ -77.413851842999975, 1.129587583000045 ], [ -77.417136286999948, 1.125570777000064 ], [ -77.419494129999975, 1.120956661000037 ], [ -77.421281076999946, 1.117460636000033 ], [ -77.424216953999974, 1.114564681000047 ], [ -77.432215963999965, 1.106676209000057 ], [ -77.433749214999978, 1.104233725000029 ], [ -77.435267815999964, 1.101814449000074 ], [ -77.437157612999954, 1.099531932000048 ], [ -77.447492804999968, 1.085038076000046 ], [ -77.451468658999943, 1.083140158000049 ], [ -77.456488691999937, 1.080744081000034 ] ], [ [ -77.345134835999943, 1.167629845000022 ], [ -77.348533971999984, 1.164753062000045 ], [ -77.350045486999988, 1.163505491000024 ], [ -77.353621653999937, 1.16076724200002 ], [ -77.358134895999967, 1.157311048000054 ], [ -77.367961002999948, 1.15020589300002 ], [ -77.370152289999965, 1.148462468000048 ] ], [ [ -77.272587425999973, 1.249388439000029 ], [ -77.284893969999985, 1.246815727000069 ], [ -77.291015348999963, 1.245536135000066 ], [ -77.295173572999943, 1.244667106000065 ], [ -77.301928329999953, 1.242497763000074 ], [ -77.308858090999934, 1.231840590000047 ], [ -77.310755304999986, 1.228922202000035 ], [ -77.321012197999949, 1.21878411900002 ], [ -77.322563301999935, 1.213566464000053 ], [ -77.323050007999939, 1.211928964000037 ], [ -77.323459640999943, 1.20855231400003 ], [ -77.324028055999975, 1.203864383000052 ], [ -77.329075356999965, 1.186699981000061 ], [ -77.330114997999942, 1.183165016000032 ], [ -77.336831389999986, 1.174863052000035 ], [ -77.33899089199997, 1.172949036000034 ], [ -77.341996517999974, 1.170285481000064 ], [ -77.345119548999946, 1.16764278900007 ], [ -77.345134835999943, 1.167629845000022 ] ], [ [ -77.253931860999955, 1.220855702000051 ], [ -77.252692396999976, 1.223550206000027 ], [ -77.251082115999964, 1.227051274000075 ], [ -77.250058735999971, 1.23232258500002 ], [ -77.254778472999988, 1.239546929000028 ], [ -77.25623591699997, 1.243006520000051 ], [ -77.259379950999971, 1.249406326000042 ], [ -77.265237605999971, 1.250924639000061 ], [ -77.271365215999936, 1.249644 ], [ -77.272587425999973, 1.249388439000029 ] ] ] } },
{ "type": "Feature", "properties": { "T_LICENCIA": "Licencia Ambiental", "SECTOR": "Energía", "EXPEDIENTE": "LAM4978", "RESOLUCION": "98", "PROYECTO": "LÍNEA ELÉCTRICA DE 230 KV SUBESTACIÓN CHIVOR - CAMPO RUBIALES", "TIPO_INFRA": "Línea de Transmisión", "DESCRIP": "Chivor-Campo Rubiales", "FUENTE": "Empresa", "CAPACIDAD": "230 kV", "LONGITUD_K": 250.27922598000001, "SHAPE_Leng": 2.2564743849400002 }, "geometry": { "type": "LineString", "coordinates": [ [ -73.230516351999938, 4.882128847000047 ], [ -73.227000006999958, 4.882626505000076 ], [ -73.223949854999944, 4.882586916000037 ], [ -73.223502199999984, 4.881436561000044 ], [ -73.217278609999937, 4.877807373000053 ], [ -73.211027748999982, 4.857921102000034 ], [ -73.19607771699998, 4.85252545700007 ], [ -73.186276706999934, 4.851343104000023 ], [ -73.177829929999973, 4.849357055000041 ], [ -73.149657653999952, 4.847748651000074 ], [ -73.133088977999989, 4.844931957000028 ], [ -73.122908306999989, 4.846657395000022 ], [ -73.117196508999939, 4.848915991000069 ], [ -73.111491754999975, 4.848925038000061 ], [ -73.108332341999983, 4.848820512000032 ], [ -73.101149251999971, 4.848941185000058 ], [ -73.093278121999958, 4.848953455000071 ], [ -73.07957345899996, 4.861942345000045 ], [ -73.075994856999955, 4.86343289000007 ], [ -73.067883729999949, 4.866184363000059 ], [ -73.058366115999945, 4.869637938000039 ], [ -73.043629301999943, 4.866407954000067 ], [ -73.035633397999959, 4.863694281000051 ], [ -73.026623103999952, 4.858861871000045 ], [ -73.012031769999965, 4.836400424000033 ], [ -73.000898426999981, 4.826625903000036 ], [ -72.919436577999988, 4.771856582000055 ], [ -72.897545001999958, 4.773652396000045 ], [ -72.882301265999956, 4.763949943000057 ], [ -72.863630599999965, 4.747848024000064 ], [ -72.787272024999936, 4.71462807000006 ], [ -72.763072239999985, 4.710467006000044 ], [ -72.731706643999985, 4.701785609000069 ], [ -72.597309683999981, 4.648338514000045 ], [ -72.587819337999974, 4.644863849000046 ], [ -72.567338811999946, 4.63476619000005 ], [ -72.555151314999989, 4.628615209000031 ], [ -72.553319441999975, 4.627958040000067 ], [ -72.552930977999949, 4.626942472000053 ], [ -72.552896902999976, 4.626278145000072 ], [ -72.546775122999975, 4.619931850000057 ], [ -72.539824109999984, 4.60116675300003 ], [ -72.535224805999974, 4.595204688000024 ], [ -72.534517089999952, 4.587277915000072 ], [ -72.530425338999976, 4.580100737000066 ], [ -72.51191907599997, 4.561034367000047 ], [ -72.507302396999933, 4.549742499000047 ], [ -72.505554804999974, 4.539243182000064 ], [ -72.504227073999971, 4.529363921000026 ], [ -72.494899750999934, 4.510274489000039 ], [ -72.47973882499997, 4.480668269000034 ], [ -72.475635291999936, 4.459778374000052 ], [ -72.477496492999933, 4.456718538000075 ], [ -72.464571625999952, 4.422417489000054 ], [ -72.45445424899998, 4.406941903000074 ], [ -72.452212854999971, 4.40419449500007 ], [ -72.439475864999963, 4.390659189000075 ], [ -72.409924611999941, 4.359804084000075 ], [ -72.394260695999947, 4.335446835000027 ], [ -72.388211383999987, 4.328352955000071 ], [ -72.385653020999939, 4.323045440000044 ], [ -72.378168679999987, 4.310864595000055 ], [ -72.373234381999964, 4.298805904000062 ], [ -72.348422997999933, 4.278237366000042 ], [ -72.328533437999965, 4.257514079000032 ], [ -72.301830242999984, 4.244985618000044 ], [ -72.259314611999969, 4.216864462000046 ], [ -72.207893227999989, 4.196953734000033 ], [ -72.199146538999969, 4.186513002000027 ], [ -72.194617266999956, 4.17855847800007 ], [ -72.188600411999971, 4.172669257000052 ], [ -72.186198689999969, 4.17097276100003 ], [ -72.17270556699998, 4.15485620000004 ], [ -72.150320392999959, 4.138831358000061 ], [ -72.127417188999971, 4.134228520000022 ], [ -72.112099889999968, 4.120455866000043 ], [ -72.081130188999964, 4.118717264000054 ], [ -72.069356848999973, 4.118270943000027 ], [ -72.064648387999966, 4.121027171000037 ], [ -72.063132550999967, 4.121572092000065 ], [ -72.061869901999955, 4.120510306000028 ], [ -72.059990891999973, 4.120196716000066 ], [ -72.058835401999943, 4.119545780000067 ], [ -72.066370452999934, 4.117105479000031 ], [ -72.058331920999933, 4.113968371000055 ], [ -72.039860148999935, 4.099662460000047 ], [ -72.004484545999958, 4.087541908000048 ], [ -71.979705025999976, 4.084359492000033 ], [ -71.954491550999933, 4.071003246000032 ], [ -71.93681128999998, 4.056503987000042 ], [ -71.931529222999984, 4.053717869000025 ], [ -71.928509343999963, 4.049699072000067 ], [ -71.914104266999971, 4.037990191000063 ], [ -71.886007624999934, 4.010899750000021 ], [ -71.869734740999945, 3.995388779000052 ], [ -71.841947639999944, 3.956941379000057 ], [ -71.814369966999948, 3.929204416000061 ], [ -71.810380017999933, 3.927963907000048 ], [ -71.788832463999938, 3.914915759000053 ], [ -71.778220610999938, 3.908385922000036 ], [ -71.730531735999989, 3.880577190000054 ], [ -71.662909536999962, 3.859140996000065 ], [ -71.611134198999935, 3.855558550000069 ], [ -71.583783093999955, 3.839164507000021 ], [ -71.568693852999957, 3.831355988000041 ], [ -71.56187078499994, 3.828990876000034 ], [ -71.554869075999989, 3.823733338000068 ], [ -71.524292471999956, 3.812971831000027 ], [ -71.482700463999947, 3.795174089000056 ], [ -71.455996262999975, 3.778869944000064 ] ] } },
{ "type": "Feature", "properties": { "T_LICENCIA": "Licencia Ambiental", "SECTOR": "Energía", "EXPEDIENTE": "LAM0758", "RESOLUCION": "727", "PROYECTO": "LÍNEA DE TRANSMISIÓN A 220 KV VALLEDUPAR-CUESTECITA", "TIPO_INFRA": "Línea de Transmisión", "DESCRIP": "Valledupar Cuestecita", "FUENTE": "Empresa", "CAPACIDAD": "220 kV", "LONGITUD_K": 113.531986582, "SHAPE_Leng": 1.0320305729899999 }, "geometry": { "type": "LineString", "coordinates": [ [ -73.273656181999968, 10.459739579000029 ], [ -73.274537014999964, 10.459460335000074 ], [ -73.287889261999965, 10.460462146000054 ], [ -73.293966070999943, 10.491360879000069 ], [ -73.294834307999963, 10.495336422000037 ], [ -73.293371413999978, 10.497738491000064 ], [ -73.260536531999946, 10.529150896000033 ], [ -73.254196202999935, 10.540833550000059 ], [ -73.240016483999966, 10.567460783000058 ], [ -73.237895910999953, 10.571615455000028 ], [ -73.233386403999987, 10.579945634000069 ], [ -73.229170573999966, 10.588107765000075 ], [ -73.226835211999969, 10.592317407000053 ], [ -73.224745372999962, 10.596441190000064 ], [ -73.222521593999943, 10.600493680000056 ], [ -73.216292237999937, 10.61225468300006 ], [ -73.189698436999947, 10.645102182000073 ], [ -73.187047759999984, 10.648355050000021 ], [ -73.18598947199996, 10.649463063000042 ], [ -73.183983598999987, 10.652135644000055 ], [ -73.173563630999979, 10.664964136000037 ], [ -73.160552109999969, 10.673257286000023 ], [ -73.148681349999947, 10.680696180000041 ], [ -73.14745550799995, 10.681616029000054 ], [ -73.079778717999943, 10.747004222000044 ], [ -73.077935112999967, 10.749142732000053 ], [ -73.074646770999948, 10.752638134000051 ], [ -73.071363718999976, 10.755920500000059 ], [ -73.058348170999977, 10.769514037000022 ], [ -73.05500531399997, 10.772901746000059 ], [ -73.044841876999953, 10.783577152000021 ], [ -73.041455375999988, 10.786955754000076 ], [ -73.025581495999973, 10.80351710900004 ], [ -73.013621425999986, 10.81584859000003 ], [ -72.924945803999947, 10.908370751000064 ], [ -72.919608376999975, 10.915550363000023 ], [ -72.911729966999985, 10.922596459000033 ], [ -72.909516210999982, 10.925170800000046 ], [ -72.906113679999976, 10.929337361000023 ], [ -72.902716177999935, 10.933123698000031 ], [ -72.893254028999934, 10.944233047000068 ], [ -72.880926895999949, 10.957946006000043 ], [ -72.87115554899998, 10.968606932000057 ], [ -72.865493275999938, 10.975004217000048 ], [ -72.852342150999959, 10.989555164000024 ], [ -72.845240227999966, 10.997294390000036 ], [ -72.835490985999968, 11.008126133000076 ], [ -72.833801189999974, 11.01020542200007 ], [ -72.831056385999943, 11.013309222000032 ], [ -72.82855337899997, 11.015960532000065 ], [ -72.81965572699994, 11.025760276000028 ], [ -72.803675949999956, 11.043586763000064 ], [ -72.783083210999962, 11.066325083000038 ], [ -72.776688898999964, 11.073484550000046 ], [ -72.769385686999954, 11.082458977000044 ], [ -72.761820235999949, 11.085949024000058 ], [ -72.751790134999965, 11.092891444000031 ], [ -72.748255644999972, 11.094554020000032 ], [ -72.745484444999988, 11.09731445400007 ], [ -72.71780384799996, 11.11623607000007 ], [ -72.69745781599994, 11.130329122000035 ], [ -72.695941563999952, 11.131217995000043 ], [ -72.658193280999967, 11.157291946000043 ], [ -72.652243497999962, 11.159939941000061 ], [ -72.630107012999986, 11.174607098000024 ], [ -72.621428469999955, 11.178774941000029 ], [ -72.609845319999977, 11.182811652000055 ], [ -72.609806789999936, 11.182945154000038 ] ] } },
{ "type": "Feature", "properties": { "T_LICENCIA": "Licencia Ambiental", "SECTOR": "Energía", "EXPEDIENTE": "LAM0997", "RESOLUCION": "726", "PROYECTO": "LÍNEA DE TRANSMISIÓN A 220 KV. SABANALARGA - FUNDACION", "TIPO_INFRA": "Línea de Trnasmisión", "DESCRIP": "Sabanalarga-Fundación 2", "FUENTE": "Empresa", "CAPACIDAD": "220 kV", "LONGITUD_K": 90.219865899699997, "SHAPE_Leng": 0.82263444576900002 }, "geometry": { "type": "LineString", "coordinates": [ [ -74.174429483999972, 10.506548830000042 ], [ -74.174308860999986, 10.506394659000023 ], [ -74.173747004999939, 10.50247431300005 ], [ -74.176029374999985, 10.499006437000048 ], [ -74.179801486999963, 10.497923056000047 ], [ -74.193733600999963, 10.49491430300003 ], [ -74.200925748999964, 10.495927125000037 ], [ -74.206143027999985, 10.497525284000062 ], [ -74.214218727999935, 10.496043901000064 ], [ -74.217723928999987, 10.49664357100005 ], [ -74.220404995999957, 10.497238381000045 ], [ -74.235632514999963, 10.498316295000052 ], [ -74.240641384999947, 10.498802986000044 ], [ -74.245694093999987, 10.499182295000026 ], [ -74.257893491999937, 10.499861268000075 ], [ -74.273886148999964, 10.501085026000055 ], [ -74.277719689999969, 10.500793420000036 ], [ -74.28018319499995, 10.500508642000057 ], [ -74.282265021999933, 10.50039606100006 ], [ -74.295711535999942, 10.499261354000055 ], [ -74.322844913999973, 10.496180189000029 ], [ -74.326830470999937, 10.49561897500007 ], [ -74.339988868999967, 10.494170608000047 ], [ -74.355461142999957, 10.492343918000074 ], [ -74.359379266999952, 10.491960543000062 ], [ -74.381154718999937, 10.489390603000061 ], [ -74.390198780999981, 10.488462127000048 ], [ -74.402596889999984, 10.486970593000024 ], [ -74.407513876999985, 10.486474202000068 ], [ -74.414543145999971, 10.485554560000026 ], [ -74.434195692999936, 10.483375580000029 ], [ -74.438905768999973, 10.48272479700006 ], [ -74.447967724999955, 10.48178600500006 ], [ -74.461857157999987, 10.480069685000046 ], [ -74.469026090999989, 10.479353036000077 ], [ -74.476495480999972, 10.478422115000058 ], [ -74.48602680099998, 10.477404731000036 ], [ -74.534989122999946, 10.471717390000038 ], [ -74.54186227699995, 10.471469708000029 ], [ -74.555782167999951, 10.469405539000036 ], [ -74.584500424999987, 10.466316261000031 ], [ -74.589642157999947, 10.465832442000021 ], [ -74.593561162999947, 10.465342235000037 ], [ -74.608037182999965, 10.472013710000056 ], [ -74.624733275999972, 10.470853590000047 ], [ -74.65345773699994, 10.474257113000021 ], [ -74.655921906999936, 10.47657700600007 ], [ -74.658522865999942, 10.479462040000044 ], [ -74.664041726999983, 10.485103681000055 ], [ -74.671172118999948, 10.487705042000073 ], [ -74.677924862999987, 10.485724718000029 ], [ -74.681065538999974, 10.484384154000054 ], [ -74.695854546999954, 10.478885138000066 ], [ -74.718800162999969, 10.483589618000053 ], [ -74.725494760999936, 10.486124256000039 ], [ -74.741600926999979, 10.495948833000057 ], [ -74.757532372999947, 10.511071068000035 ], [ -74.765549518999933, 10.519767078000029 ], [ -74.779762172999938, 10.535421728000074 ], [ -74.782692174999966, 10.53756611600005 ], [ -74.785278636999976, 10.53928862600003 ], [ -74.790875420999953, 10.544747725000036 ], [ -74.841265273999966, 10.59463237500006 ], [ -74.848175526999967, 10.603833388000055 ], [ -74.854690541999958, 10.608064521000074 ], [ -74.878203432999953, 10.627863676000061 ], [ -74.887425777999965, 10.639183954000032 ], [ -74.896946085999957, 10.643696695000074 ], [ -74.906230516999983, 10.651594657000032 ], [ -74.907978073999971, 10.652147660000026 ], [ -74.91127794099998, 10.650749347000044 ], [ -74.91162737999997, 10.650876725000046 ] ] } },
{ "type": "Feature", "properties": { "T_LICENCIA": "Licencia Ambiental", "SECTOR": "Energía", "EXPEDIENTE": "LAM0997", "RESOLUCION": "726", "PROYECTO": "LÍNEA DE TRANSMISIÓN A 220 KV. SABANALARGA - FUNDACION", "TIPO_INFRA": "Línea de Trnasmisión", "DESCRIP": "Sabanalarga-Fundación 1", "FUENTE": "Empresa", "CAPACIDAD": "220 kV", "LONGITUD_K": 93.086764484100001, "SHAPE_Leng": 0.84872094686800004 }, "geometry": { "type": "LineString", "coordinates": [ [ -74.911322866999967, 10.650443350000046 ], [ -74.907729180999979, 10.651278653000077 ], [ -74.906063748999941, 10.650640306000071 ], [ -74.888166618999946, 10.630105403000073 ], [ -74.874560172999963, 10.616586060000031 ], [ -74.861155505999989, 10.602989716000025 ], [ -74.849146773999962, 10.590991319000068 ], [ -74.818390873999988, 10.564842963000046 ], [ -74.810486692999973, 10.558027346000074 ], [ -74.807939024999939, 10.555945981000036 ], [ -74.781947859999946, 10.533914852000066 ], [ -74.779431262999935, 10.531708838000043 ], [ -74.775849321999942, 10.529522519000068 ], [ -74.769312759999934, 10.522228705000032 ], [ -74.766752665999945, 10.519839632000071 ], [ -74.76807533799996, 10.517949877000035 ], [ -74.777556157999982, 10.499424733000069 ], [ -74.777445659999955, 10.493998052000052 ], [ -74.770158376999973, 10.485856754000054 ], [ -74.763074458999938, 10.484095368000055 ], [ -74.752904662999981, 10.481803242000069 ], [ -74.719183594999947, 10.473972415000048 ], [ -74.715605991999951, 10.473207510000066 ], [ -74.711727497999959, 10.472257816000024 ], [ -74.696752046999961, 10.474997699000028 ], [ -74.689606769999955, 10.476411872000028 ], [ -74.661279563999983, 10.481561162000048 ], [ -74.652757860999941, 10.470565807000071 ], [ -74.650661801999945, 10.469060551000041 ], [ -74.642656745999943, 10.463010258000054 ], [ -74.632120489999977, 10.461906842000076 ], [ -74.612086378999948, 10.452168660000041 ], [ -74.548516721999988, 10.459277535000069 ], [ -74.537529693999943, 10.460579241000062 ], [ -74.453055722999977, 10.469975778000048 ], [ -74.449323582999966, 10.470457518000046 ], [ -74.441833602999964, 10.471222295000075 ], [ -74.438431557999934, 10.471670069000027 ], [ -74.431042764999972, 10.472396865000064 ], [ -74.427363301999947, 10.472863865000022 ], [ -74.403450906999979, 10.475465197000062 ], [ -74.387194629999954, 10.477336777000062 ], [ -74.353234107999981, 10.481031653000059 ], [ -74.335601792999967, 10.483037171000035 ], [ -74.328498911999986, 10.483764112000074 ], [ -74.324773978999986, 10.484768080000038 ], [ -74.321370270999978, 10.484558063000065 ], [ -74.317893157999947, 10.484881205000022 ], [ -74.271303, 10.489952323000068 ], [ -74.26778300899997, 10.490419796000026 ], [ -74.265085837999948, 10.49064697600005 ], [ -74.241981841999973, 10.493164899000021 ], [ -74.210348223999972, 10.495163306000052 ], [ -74.193262342999958, 10.500294071000042 ], [ -74.179663404999985, 10.504781532000038 ], [ -74.175739484999951, 10.507298908000053 ], [ -74.175186541999949, 10.50710368600005 ] ] } },
{ "type": "Feature", "properties": { "T_LICENCIA": "Licencia Ambiental", "SECTOR": "Energía", "EXPEDIENTE": "LAM1261", "RESOLUCION": null, "PROYECTO": "REPOTENCIACIÓN LÍNEA TORCA – NOROESTE A 230 KV", "TIPO_INFRA": "Línea de Transmisión", "DESCRIP": "Torca-Noreste", "FUENTE": "Empresa", "CAPACIDAD": "230 kV", "LONGITUD_K": 17.7762575496, "SHAPE_Leng": 0.160266119501 }, "geometry": { "type": "LineString", "coordinates": [ [ -74.185037791999946, 4.770172277000029 ], [ -74.169749657999944, 4.769586099000037 ], [ -74.152737689999981, 4.765806608000048 ], [ -74.14929630599994, 4.764891742000032 ], [ -74.14564736899996, 4.764155821000031 ], [ -74.138947877999954, 4.762631584000076 ], [ -74.120767159999957, 4.764521413000068 ], [ -74.104194013999972, 4.766356513000062 ], [ -74.093192530999943, 4.772488359000022 ], [ -74.086381150999955, 4.775794150000024 ], [ -74.083273292999934, 4.777461914000071 ], [ -74.080151093999973, 4.778053785000054 ], [ -74.076769948999981, 4.778477534000046 ], [ -74.064472920999947, 4.780869068000072 ], [ -74.06131991999996, 4.780819158000043 ], [ -74.058972345999962, 4.780464326000072 ], [ -74.042082510999933, 4.779454391000058 ], [ -74.041105744999982, 4.779184503000067 ], [ -74.029845049999949, 4.777450964000025 ], [ -74.030334462999974, 4.778009620000034 ] ] } },
{ "type": "Feature", "properties": { "T_LICENCIA": null, "SECTOR": null, "EXPEDIENTE": "LAM1566", "RESOLUCION": "369", "PROYECTO": "VARIANTE DE CONEXIÓN ENTRE LA SUBESTACIÓN PÁEZ A 230 KV Y LA LÍNEA DE TRANSMISIÓN ELÉCTRICA JUANCHITO-SAN BERNARDINO A 230 KV", "TIPO_INFRA": "Líne de Interconexión", "DESCRIP": "Páez-Juanchito San Bernardino", "FUENTE": "Empresa", "CAPACIDAD": null, "LONGITUD_K": 23.0571459027, "SHAPE_Leng": 0.20790881218500001 }, "geometry": { "type": "LineString", "coordinates": [ [ -76.398331332999987, 3.183903261000069 ], [ -76.395274420999954, 3.189558422000061 ], [ -76.398119656999938, 3.207418573000041 ], [ -76.398598897999989, 3.210762242000044 ], [ -76.398798792999969, 3.213168340000038 ], [ -76.398420502999954, 3.217330656000058 ], [ -76.39813845599997, 3.228447635000066 ], [ -76.403974031999951, 3.243990802000042 ], [ -76.408433112999944, 3.256923167000025 ], [ -76.411209578999944, 3.267695136000043 ], [ -76.418024419999938, 3.276309543000025 ], [ -76.471868367999946, 3.307159216000059 ], [ -76.475186014999963, 3.318054103000065 ], [ -76.49132721899997, 3.332498626000074 ], [ -76.506103451999934, 3.331542063000029 ] ] } },
{ "type": "Feature", "properties": { "T_LICENCIA": "Plan de Manejo Ambiental", "SECTOR": "077000104", "EXPEDIENTE": "LAM2611", "RESOLUCION": "1230", "PROYECTO": "CADENA HIDROELECTRICA DEL RIO BOGOTA  CENTRALES HIDROELECTRICAS CANOAS, SALTO II, LAGUNETA Y DARIO VALENCIA SAMPE", "TIPO_INFRA": "Tunel", "DESCRIP": "Tunel La Titan-La Junca", "FUENTE": null, "CAPACIDAD": null, "LONGITUD_K": 8.5825631053299993, "SHAPE_Leng": 0.077404262098299995 }, "geometry": { "type": "LineString", "coordinates": [ [ -74.399794464999957, 4.577955220000035 ], [ -74.397715339999934, 4.57685800400003 ], [ -74.393050269999947, 4.570918501000051 ], [ -74.392696380999951, 4.57057012000007 ], [ -74.392301974999953, 4.570462117000034 ], [ -74.341242811999962, 4.57899081100004 ], [ -74.340421853999942, 4.579362066000044 ], [ -74.340147076999983, 4.579673064000076 ], [ -74.333919591999972, 4.591345032000049 ], [ -74.333898447999957, 4.591624026000034 ] ] } },
{ "type": "Feature", "properties": { "T_LICENCIA": "Plan de Manejo Ambiental", "SECTOR": "077000104", "EXPEDIENTE": "LAM2611", "RESOLUCION": "1230", "PROYECTO": "CADENA HIDROELECTRICA DEL RIO BOGOTA  CENTRALES HIDROELECTRICAS CANOAS, SALTO II, LAGUNETA Y DARIO VALENCIA SAMPE", "TIPO_INFRA": "Tunel", "DESCRIP": "Tunel Limonar", "FUENTE": null, "CAPACIDAD": null, "LONGITUD_K": 2.5678373349700001, "SHAPE_Leng": 0.023164137571199998 }, "geometry": { "type": "LineString", "coordinates": [ [ -74.309899153999936, 4.580959697000026 ], [ -74.314042736999966, 4.584678943000029 ], [ -74.322042499999952, 4.591230518000032 ], [ -74.325636223999936, 4.59172806600003 ], [ -74.323978717999978, 4.591498247000061 ], [ -74.322042499999952, 4.591230518000032 ] ] } },
{ "type": "Feature", "properties": { "T_LICENCIA": "Plan de Manejo Ambiental", "SECTOR": "077000104", "EXPEDIENTE": "LAM2611", "RESOLUCION": "1230", "PROYECTO": "CADENA HIDROELECTRICA DEL RIO BOGOTA  CENTRALES HIDROELECTRICAS CANOAS, SALTO II, LAGUNETA Y DARIO VALENCIA SAMPE", "TIPO_INFRA": "Tunel", "DESCRIP": "Tunel San Antonio y Tequendama", "FUENTE": null, "CAPACIDAD": null, "LONGITUD_K": 1.68389074728, "SHAPE_Leng": 0.015187484607599999 }, "geometry": { "type": "LineString", "coordinates": [ [ -74.303446099999974, 4.578196022000043 ], [ -74.293266756999969, 4.571478519000038 ], [ -74.290288161999968, 4.571202920000076 ] ] } }
]
}
