{
"type": "FeatureCollection",
"name": "RNSC14SPNNMULKV1",
"crs": { "type": "name", "properties": { "name": "urn:ogc:def:crs:OGC:1.3:CRS84" } },
"features": [
{ "type": "Feature", "properties": { "OBJECTID": 1, "Id": 1, "nombre": "la pradera", "observac": "informacion suministrada por Catastro", "año_reg": 2008, "acto_ad": "0119 (01 julio de 2008)" }, "geometry": { "type": "Polygon", "coordinates": [ [ [ -76.269835324999917, 4.37001080400006 ], [ -76.268007725999951, 4.368372872000066 ], [ -76.267458909999903, 4.367549027000052 ], [ -76.26684010699995, 4.366900268000052 ], [ -76.267839487999936, 4.365749213000072 ], [ -76.268734486999904, 4.366491683000049 ], [ -76.269048185999907, 4.366877374000069 ], [ -76.269611331999897, 4.367905589000088 ], [ -76.269639229999939, 4.369032498000081 ], [ -76.26990023299993, 4.369750942000053 ], [ -76.270051245999923, 4.369961296000042 ], [ -76.270067684999901, 4.370308828000077 ], [ -76.269835324999917, 4.37001080400006 ] ] ] } },
{ "type": "Feature", "properties": { "OBJECTID": 2, "Id": 2, "nombre": "islandia", "observac": "informacion suministrada por Catastro", "año_reg": 2007, "acto_ad": "0303 (26 diciembre de 2007)" }, "geometry": { "type": "Polygon", "coordinates": [ [ [ -74.405717585999923, 3.992922984000074 ], [ -74.405979353999953, 3.99290394500008 ], [ -74.404750939999929, 3.994683896000083 ], [ -74.403218796999909, 3.996222966000062 ], [ -74.402175990999922, 3.994619517000046 ], [ -74.402500129999908, 3.994282826000074 ], [ -74.40283983799992, 3.994087500000091 ], [ -74.403506975999903, 3.993940588000044 ], [ -74.4038916209999, 3.993705807000083 ], [ -74.405717585999923, 3.992922984000074 ] ] ] } },
{ "type": "Feature", "properties": { "OBJECTID": 3, "Id": 3, "nombre": "la pradera", "observac": "informacion suministrada por Catastro", "año_reg": 2007, "acto_ad": "0304 (26 diciembre de 2007)" }, "geometry": { "type": "Polygon", "coordinates": [ [ [ -74.402960271999916, 3.989681111000039 ], [ -74.400522467999906, 3.987419609000085 ], [ -74.400318416999937, 3.988653680000084 ], [ -74.399835780999922, 3.989987793000068 ], [ -74.400177799999938, 3.987991627000042 ], [ -74.400309867999908, 3.987593473000061 ], [ -74.40096348499992, 3.986398910000048 ], [ -74.401422556999933, 3.985923799000091 ], [ -74.401791260999914, 3.985714128000041 ], [ -74.402177964999908, 3.985338374000094 ], [ -74.40264017699991, 3.984768553000038 ], [ -74.403151171999923, 3.983530601000041 ], [ -74.403863110999907, 3.981031124000083 ], [ -74.404761544999928, 3.978930003000073 ], [ -74.405210067999917, 3.977653795000037 ], [ -74.405617534999919, 3.976964372000054 ], [ -74.406125152999948, 3.976332343000081 ], [ -74.406432654999946, 3.976116825000076 ], [ -74.408680771999911, 3.975165343000072 ], [ -74.410408913999902, 3.973672318000069 ], [ -74.412011779999943, 3.981901109000091 ], [ -74.411555524999926, 3.981074617000047 ], [ -74.4113614769999, 3.980982671000049 ], [ -74.411272521999933, 3.981031431000076 ], [ -74.410572764999927, 3.981935909000072 ], [ -74.409572031999915, 3.983699941000054 ], [ -74.408689264999907, 3.984755281000048 ], [ -74.408503926999913, 3.985477662000051 ], [ -74.408594773999937, 3.986603634000062 ], [ -74.408496329999934, 3.986635658000068 ], [ -74.40807174999992, 3.986120931000073 ], [ -74.407993352999938, 3.986133658000085 ], [ -74.407963063999944, 3.986303761000045 ], [ -74.408040610999933, 3.987037731000044 ], [ -74.408564778999903, 3.987452827000084 ], [ -74.408634280999934, 3.987784581000085 ], [ -74.408114946999945, 3.988427396000077 ], [ -74.407826195999917, 3.98898257400009 ], [ -74.407305798999914, 3.989167077000047 ], [ -74.40635434099994, 3.989258885000083 ], [ -74.405605368999943, 3.989442067000084 ], [ -74.404249187999937, 3.98998107500006 ], [ -74.403777355999921, 3.990269435000073 ], [ -74.402960271999916, 3.989681111000039 ] ] ] } },
{ "type": "Feature", "properties": { "OBJECTID": 4, "Id": 4, "nombre": "la esperanza", "observac": "informacion suministrada por Catastro", "año_reg": 2008, "acto_ad": "0159 (13 agosto de 2008)" }, "geometry": { "type": "Polygon", "coordinates": [ [ [ -74.427416137999899, 3.981573109000067 ], [ -74.42867905199995, 3.980425080000089 ], [ -74.430987666999897, 3.984422092000045 ], [ -74.42875598899991, 3.987168354000062 ], [ -74.427915862999953, 3.986699746000056 ], [ -74.425465175999932, 3.984526527000071 ], [ -74.425049856999919, 3.984044459000074 ], [ -74.425778854999919, 3.98324843000006 ], [ -74.426697469999908, 3.982061083000076 ], [ -74.427416137999899, 3.981573109000067 ] ] ] } },
{ "type": "Feature", "properties": { "OBJECTID": 5, "Id": 5, "nombre": "sueños verdes", "observac": "informacion suministrada por Catastro", "año_reg": 2006, "acto_ad": "0008 (31 enero de 2006)" }, "geometry": { "type": "Polygon", "coordinates": [ [ [ -76.670294738999928, 2.601283036000041 ], [ -76.67046038299992, 2.601228637000077 ], [ -76.670823343999928, 2.600780113000042 ], [ -76.671227820999945, 2.600726399000052 ], [ -76.671584753999923, 2.60054705500005 ], [ -76.672280853999951, 2.599925161000044 ], [ -76.672679353999911, 2.599967157000037 ], [ -76.67292911699991, 2.600140704000069 ], [ -76.673916466999913, 2.60017689600005 ], [ -76.67442208999995, 2.600027503000092 ], [ -76.675153875999911, 2.59939963700009 ], [ -76.675582147999933, 2.599339949000068 ], [ -76.675885464999908, 2.599435750000055 ], [ -76.674171844999933, 2.601457080000046 ], [ -76.673701714999936, 2.602258497000093 ], [ -76.673362445999942, 2.603036029000066 ], [ -76.673177576999933, 2.604627131000086 ], [ -76.673042023999926, 2.604848416000038 ], [ -76.673184492999951, 2.605082701000072 ], [ -76.672776920999922, 2.604713766000089 ], [ -76.672449816999915, 2.604594030000044 ], [ -76.672075116999906, 2.604516152000087 ], [ -76.670836139999949, 2.60449032300005 ], [ -76.670609137999918, 2.604058686000087 ], [ -76.670502615999908, 2.602276078000045 ], [ -76.670294738999928, 2.601283036000041 ] ] ] } },
{ "type": "Feature", "properties": { "OBJECTID": 6, "Id": 6, "nombre": "chaparral", "observac": "informacion suministrada por Catastro", "año_reg": 2009, "acto_ad": "0112 (05 junio de 2009)" }, "geometry": { "type": "Polygon", "coordinates": [ [ [ -74.41453819599991, 4.360695203000091 ], [ -74.415275080999947, 4.360825911000063 ], [ -74.415209085999948, 4.361185246000048 ], [ -74.414534008999908, 4.36102810400007 ], [ -74.41453819599991, 4.360695203000091 ] ] ] } },
{ "type": "Feature", "properties": { "OBJECTID": 7, "Id": 7, "nombre": "reserva hidrica el soche de san rafael", "observac": "informacion suministrada por Catastro", "año_reg": 2010, "acto_ad": "0239 (03 noviembre de 2010)" }, "geometry": { "type": "Polygon", "coordinates": [ [ [ -74.321207784999899, 4.528423042000043 ], [ -74.321327491999909, 4.528129878000072 ], [ -74.321893766999949, 4.528014708000057 ], [ -74.322129812999947, 4.528056742000047 ], [ -74.322093155999937, 4.528240987000061 ], [ -74.321774195999922, 4.528716520000046 ], [ -74.321207784999899, 4.528423042000043 ] ] ] } },
{ "type": "Feature", "properties": { "OBJECTID": 8, "Id": 8, "nombre": "bosques y montes de soche II", "observac": "informacion suministrada por Catastro", "año_reg": 2007, "acto_ad": "0276 (12 diciembre de 2007)" }, "geometry": { "type": "MultiPolygon", "coordinates": [ [ [ [ -74.317238201999942, 4.528354442000079 ], [ -74.317252229999951, 4.527551652000056 ], [ -74.317523550999908, 4.527279190000058 ], [ -74.317737669999929, 4.52680605200004 ], [ -74.317650433999916, 4.526026105000085 ], [ -74.319071410999925, 4.526583876000075 ], [ -74.32088652199991, 4.527478131000066 ], [ -74.321337824999944, 4.528151750000063 ], [ -74.321207784999899, 4.528423042000043 ], [ -74.320288170999902, 4.527976520000038 ], [ -74.320035744999927, 4.527941904000045 ], [ -74.31937877699994, 4.527935184000057 ], [ -74.318725339999901, 4.528150543000038 ], [ -74.318203356999902, 4.528553239000075 ], [ -74.317616228999952, 4.529633250000074 ], [ -74.317495528999928, 4.528985121000062 ], [ -74.317238201999942, 4.528354442000079 ] ] ], [ [ [ -74.314263673999903, 4.535848786000088 ], [ -74.313689684999929, 4.535870303000081 ], [ -74.312844721999909, 4.536153254000055 ], [ -74.313382963999913, 4.535482426000044 ], [ -74.313757820999911, 4.53517387800008 ], [ -74.314280208999946, 4.534889956000086 ], [ -74.315226738999911, 4.534649079000076 ], [ -74.315890581999952, 4.534618024000054 ], [ -74.3160687969999, 4.534488426000053 ], [ -74.316160917999923, 4.534235484000078 ], [ -74.316086951999921, 4.533593976000077 ], [ -74.316246712999941, 4.533421203000046 ], [ -74.316627747999917, 4.533217517000082 ], [ -74.316475599999933, 4.531577969000068 ], [ -74.317314822999947, 4.530319299000041 ], [ -74.31831647599995, 4.528512970000065 ], [ -74.318787049999912, 4.528186850000054 ], [ -74.319529960999944, 4.527983606000078 ], [ -74.320241832999898, 4.52803021200009 ], [ -74.321178114999952, 4.528465058000052 ], [ -74.320581384999912, 4.529395729000044 ], [ -74.320336834999921, 4.53015416900007 ], [ -74.320464790999949, 4.530880445000093 ], [ -74.321017302999905, 4.531879789000072 ], [ -74.321237623999934, 4.532484301000068 ], [ -74.321330474999911, 4.532995843000037 ], [ -74.321284306999928, 4.533530682000048 ], [ -74.320717827999943, 4.533932122000067 ], [ -74.319996549999928, 4.534190193000086 ], [ -74.319492763999904, 4.534745692000058 ], [ -74.319247095999913, 4.535314935000088 ], [ -74.318728557999918, 4.535663052000075 ], [ -74.317819039999904, 4.536156606000077 ], [ -74.315385395999897, 4.537205098000072 ], [ -74.315268518999915, 4.53695252600005 ], [ -74.315486274999898, 4.53647776400004 ], [ -74.315411777999941, 4.536195106000093 ], [ -74.315140652999901, 4.535971180000047 ], [ -74.314263673999903, 4.535848786000088 ] ] ] ] } },
{ "type": "Feature", "properties": { "OBJECTID": 9, "Id": 9, "nombre": "campo alegre", "observac": "informacion suministrada por Catastro", "año_reg": 2005, "acto_ad": "0238 (12 septiembre de 2005" }, "geometry": { "type": "Polygon", "coordinates": [ [ [ -76.312922014999913, 8.810415876000093 ], [ -76.311837926999942, 8.80759996900008 ], [ -76.310339076999924, 8.80793176800006 ], [ -76.310036809999929, 8.807579517000079 ], [ -76.308319441999913, 8.80776016100009 ], [ -76.307646882999904, 8.807390397000063 ], [ -76.30707487199993, 8.807238517000087 ], [ -76.306738173999918, 8.807254564000061 ], [ -76.306712488999949, 8.803436826000052 ], [ -76.307705706999911, 8.803405392000059 ], [ -76.308181710999918, 8.80116264600008 ], [ -76.308520009999938, 8.800376364000044 ], [ -76.310513494999952, 8.796914412000092 ], [ -76.308680229999936, 8.796190633000037 ], [ -76.308109805999948, 8.795285268000043 ], [ -76.309120321999899, 8.795019443000058 ], [ -76.3096092319999, 8.794652076000091 ], [ -76.310166031999927, 8.794016940000063 ], [ -76.310741016999941, 8.792728815000089 ], [ -76.308204019999948, 8.790463117000058 ], [ -76.307477885999901, 8.791583484000057 ], [ -76.306621284999949, 8.790694271000064 ], [ -76.307850534999943, 8.787320928000042 ], [ -76.315216537999902, 8.785521205000066 ], [ -76.315230224999937, 8.787044961000049 ], [ -76.315629743999921, 8.789205792000075 ], [ -76.316025568999919, 8.793158247000065 ], [ -76.317811369999902, 8.792408398000077 ], [ -76.318636199999901, 8.792393331000085 ], [ -76.319326641999908, 8.792244036000056 ], [ -76.320809690999909, 8.79137634600005 ], [ -76.321483607999937, 8.791076314000065 ], [ -76.322560955999904, 8.791045007000037 ], [ -76.323133774999917, 8.790795004000074 ], [ -76.323440787999914, 8.790566918000081 ], [ -76.32908903099991, 8.793099562000066 ], [ -76.327412134999918, 8.796678254000085 ], [ -76.326905490999934, 8.797287709000045 ], [ -76.32684162399994, 8.797628729000053 ], [ -76.326976524999907, 8.797862420000058 ], [ -76.326994153999919, 8.798068938000085 ], [ -76.32646978799994, 8.798516761000087 ], [ -76.3263788779999, 8.798839773000054 ], [ -76.326513119999902, 8.799396656000056 ], [ -76.326421975999949, 8.799836371000083 ], [ -76.326231660999952, 8.800222025000039 ], [ -76.324769833999937, 8.800102367000079 ], [ -76.324749840999914, 8.80105394900005 ], [ -76.324406610999915, 8.801187920000075 ], [ -76.323466565999922, 8.801886270000068 ], [ -76.321929661999945, 8.803166952000083 ], [ -76.323091611999928, 8.804291505000037 ], [ -76.3231543469999, 8.804507092000051 ], [ -76.322674614999926, 8.805188418000057 ], [ -76.322863316999928, 8.805592791000038 ], [ -76.322411539999905, 8.805843248000087 ], [ -76.323068562999936, 8.806733358000088 ], [ -76.323552678999931, 8.807751302000042 ], [ -76.321800983999935, 8.808446445000072 ], [ -76.321166959999914, 8.808788779000054 ], [ -76.320210540999938, 8.809119001000056 ], [ -76.319381087999943, 8.809300578000091 ], [ -76.317354107999904, 8.809468253000091 ], [ -76.312922014999913, 8.810415876000093 ] ] ] } },
{ "type": "Feature", "properties": { "OBJECTID": 10, "Id": 10, "nombre": "alto de padua", "observac": "informacion suministrada por Catastro", "año_reg": 2005, "acto_ad": "0039 (4 marzo de 2005)" }, "geometry": { "type": "Polygon", "coordinates": [ [ [ -73.141221193999911, 5.082588734000069 ], [ -73.141403874999924, 5.082517479000046 ], [ -73.141483360999928, 5.082797941000081 ], [ -73.142495744999906, 5.088971527000069 ], [ -73.143311126999947, 5.09204856000008 ], [ -73.143707955999901, 5.092898647000084 ], [ -73.143641528999922, 5.093184358000087 ], [ -73.143739079999932, 5.093738202000054 ], [ -73.142870820999917, 5.093800061000081 ], [ -73.142019120999919, 5.094221612000069 ], [ -73.141146867999907, 5.095347767000078 ], [ -73.141525138999953, 5.095641919000059 ], [ -73.141996044999928, 5.095824260000086 ], [ -73.141780098999902, 5.096485606000044 ], [ -73.141380823999953, 5.097182943000064 ], [ -73.142306768999902, 5.097776718000091 ], [ -73.140389297999945, 5.099120546000051 ], [ -73.13998272099991, 5.09918665400005 ], [ -73.139746142999911, 5.099590652000074 ], [ -73.139979052999934, 5.100142370000071 ], [ -73.139552586999912, 5.100341623000077 ], [ -73.139593201999901, 5.10077590800006 ], [ -73.13876730599992, 5.10119818600009 ], [ -73.136319261999915, 5.092887749000056 ], [ -73.134543551999911, 5.088107333000039 ], [ -73.135771549999902, 5.086891897000044 ], [ -73.13705084299994, 5.086078461000056 ], [ -73.139015769999901, 5.084633800000063 ], [ -73.141221193999911, 5.082588734000069 ] ] ] } },
{ "type": "Feature", "properties": { "OBJECTID": 12, "Id": 12, "nombre": "santa fe", "observac": "informacion suministrada por Catastro", "año_reg": 2006, "acto_ad": "0124 (07 septiembre de 2006" }, "geometry": { "type": "Polygon", "coordinates": [ [ [ -75.634360883999932, 8.376584138000055 ], [ -75.633821481999917, 8.375856 ], [ -75.635094273999925, 8.374531196000078 ], [ -75.635094713999933, 8.374412360000065 ], [ -75.63485847599992, 8.373757893000061 ], [ -75.633057666999946, 8.372104746000048 ], [ -75.634884806999935, 8.370113522000054 ], [ -75.635405872999911, 8.370382817000063 ], [ -75.637245032999942, 8.367151268000043 ], [ -75.63853793699991, 8.366815488000043 ], [ -75.639641237999911, 8.366945788000066 ], [ -75.639947203999952, 8.366894914000056 ], [ -75.640888293999922, 8.366519563000054 ], [ -75.641238895999948, 8.36649856300005 ], [ -75.642140617999928, 8.366687538000065 ], [ -75.642581562999908, 8.366436620000059 ], [ -75.643349124999929, 8.366602820000082 ], [ -75.644303899999898, 8.366561738000087 ], [ -75.64486258799991, 8.366742030000069 ], [ -75.646301129999927, 8.364942433000067 ], [ -75.646563123999897, 8.364288642000076 ], [ -75.648435089999907, 8.364675382000087 ], [ -75.646993087999931, 8.369453328000077 ], [ -75.651153883999939, 8.37171150000006 ], [ -75.649417075999907, 8.374505300000067 ], [ -75.648821649999945, 8.376203991000068 ], [ -75.648795323999934, 8.377280856000084 ], [ -75.647720101999937, 8.377618598000083 ], [ -75.647642793999921, 8.378361047000055 ], [ -75.647557357999915, 8.378456250000056 ], [ -75.64733465799992, 8.378329528000052 ], [ -75.646002758999941, 8.378156319000084 ], [ -75.644422911999925, 8.377803949000054 ], [ -75.642913442999941, 8.377243864000093 ], [ -75.640630237999915, 8.376165987000093 ], [ -75.640500890999931, 8.376185321000037 ], [ -75.640020250999953, 8.37708474100009 ], [ -75.638877188999913, 8.376941910000085 ], [ -75.637418079999918, 8.37621364000006 ], [ -75.63497143099994, 8.376313598000081 ], [ -75.634423813999945, 8.376499741000089 ], [ -75.634360883999932, 8.376584138000055 ] ] ] } },
{ "type": "Feature", "properties": { "OBJECTID": 13, "Id": 13, "nombre": "puerta dorada", "observac": "informacion suministrada por Catastro", "año_reg": 2003, "acto_ad": "0235 (29 agosto de 2003)" }, "geometry": { "type": "Polygon", "coordinates": [ [ [ -76.460973929999909, 2.458750784000074 ], [ -76.460217120999914, 2.458743938000055 ], [ -76.45994548099992, 2.458665746000065 ], [ -76.459660806999921, 2.458802244000083 ], [ -76.459531455999922, 2.458763149000049 ], [ -76.459415082999897, 2.458626471000059 ], [ -76.459344062999946, 2.458327165000071 ], [ -76.459299050999903, 2.457722086000047 ], [ -76.459156787999916, 2.457624432000046 ], [ -76.458826878999901, 2.457663321000041 ], [ -76.458199580999917, 2.457344247000094 ], [ -76.457002755999952, 2.457701536000059 ], [ -76.45665979599994, 2.457994152000083 ], [ -76.455798918999903, 2.458397413000057 ], [ -76.45493657499992, 2.456940085000042 ], [ -76.455205382999907, 2.456355371000086 ], [ -76.454731494999919, 2.456050334000054 ], [ -76.454924518999917, 2.455364812000084 ], [ -76.455977497999925, 2.45573384100004 ], [ -76.457112083999903, 2.455661402000089 ], [ -76.457655996999904, 2.455776281000055 ], [ -76.458189605999905, 2.455760889000089 ], [ -76.459080542999914, 2.456047876000071 ], [ -76.459251451999933, 2.456167798000081 ], [ -76.459872762999908, 2.456986151000081 ], [ -76.4606961799999, 2.45766390700004 ], [ -76.461084514999925, 2.458143463000056 ], [ -76.461224273999903, 2.458409270000061 ], [ -76.461275277999903, 2.458835497000052 ], [ -76.460973929999909, 2.458750784000074 ] ] ] } },
{ "type": "Feature", "properties": { "OBJECTID": 14, "Id": 14, "nombre": "los pinos", "observac": "informacion suministrada por Catastro", "año_reg": 2006, "acto_ad": "0078 (26 mayo de 2006)" }, "geometry": { "type": "Polygon", "coordinates": [ [ [ -76.513893604999907, 2.391630762000091 ], [ -76.51421877699994, 2.391620798000076 ], [ -76.515098528999943, 2.391942976000053 ], [ -76.516720707999923, 2.39311598900008 ], [ -76.517160564999926, 2.393323051000039 ], [ -76.516926139999953, 2.393653079000046 ], [ -76.517028306999919, 2.39450964200006 ], [ -76.516917552999928, 2.395453358000054 ], [ -76.516704420999929, 2.396087736000084 ], [ -76.516532489999918, 2.396238938000067 ], [ -76.515376592999928, 2.396239489000038 ], [ -76.515080306999948, 2.395769863000055 ], [ -76.513794683999947, 2.394491806000076 ], [ -76.513282529999913, 2.394169828000088 ], [ -76.512764594999908, 2.394092597000054 ], [ -76.512301710999907, 2.39391713200007 ], [ -76.512893384999927, 2.393089810000049 ], [ -76.513172192999946, 2.392387359000054 ], [ -76.513823748999926, 2.391831603000071 ], [ -76.513893604999907, 2.391630762000091 ] ] ] } },
{ "type": "Feature", "properties": { "OBJECTID": 15, "Id": 15, "nombre": "santa teresa", "observac": "informacion suministrada por Catastro", "año_reg": 2006, "acto_ad": "0084 (26 mayo de 2006)" }, "geometry": { "type": "Polygon", "coordinates": [ [ [ -76.506264767999937, 2.37342430700005 ], [ -76.506622809999897, 2.372486996000077 ], [ -76.506581981999943, 2.371182262000048 ], [ -76.506685516999937, 2.370724872000039 ], [ -76.507270071999926, 2.36920206800005 ], [ -76.507734250999931, 2.368586728000082 ], [ -76.507947816999945, 2.368676913000058 ], [ -76.508478358999923, 2.368711777000044 ], [ -76.508801854999945, 2.369605976000059 ], [ -76.509525123999936, 2.370167655000046 ], [ -76.50900813699991, 2.370730992000063 ], [ -76.509695103999945, 2.37161493800005 ], [ -76.509994632999906, 2.372129666000092 ], [ -76.510531137999919, 2.372338668000054 ], [ -76.510972110999944, 2.37236656500005 ], [ -76.511364792999927, 2.372539990000064 ], [ -76.511488757999928, 2.372699447000059 ], [ -76.510434361999899, 2.373135669000078 ], [ -76.510062200999926, 2.373343444000056 ], [ -76.509814025999901, 2.373655231000043 ], [ -76.509503901999949, 2.373800654000092 ], [ -76.509565576999933, 2.374667027000044 ], [ -76.509668845999897, 2.374888852000083 ], [ -76.510061470999915, 2.37520782200005 ], [ -76.510099827999909, 2.375949576000039 ], [ -76.507987188999948, 2.375920869000083 ], [ -76.507311899999934, 2.376003770000068 ], [ -76.507146483999918, 2.376121527000066 ], [ -76.506967141999951, 2.376606609000078 ], [ -76.506140562999917, 2.376660861000062 ], [ -76.506140820999917, 2.376005902000088 ], [ -76.505955071999949, 2.375267702000087 ], [ -76.505924284999935, 2.374711495000042 ], [ -76.506264767999937, 2.37342430700005 ] ] ] } },
{ "type": "Feature", "properties": { "OBJECTID": 16, "Id": 16, "nombre": "mana", "observac": "informacion suministrada por Catastro", "año_reg": 2005, "acto_ad": "0108 (01 junio de 2005)" }, "geometry": { "type": "Polygon", "coordinates": [ [ [ -76.349285925999936, 1.847014510000065 ], [ -76.349063004999948, 1.846618355000089 ], [ -76.349302897999905, 1.845744738000064 ], [ -76.349981163999928, 1.845664147000093 ], [ -76.351260469999943, 1.844931941000084 ], [ -76.350959915999908, 1.84564071200009 ], [ -76.350798636999912, 1.846268058000078 ], [ -76.3505907199999, 1.84643483800005 ], [ -76.350365215999943, 1.846855245000086 ], [ -76.350332816999924, 1.847123322000073 ], [ -76.349890125999934, 1.846422195000059 ], [ -76.349285925999936, 1.847014510000065 ] ] ] } },
{ "type": "Feature", "properties": { "OBJECTID": 17, "Id": 17, "nombre": "el cedro", "observac": "informacion suministrada por Catastro", "año_reg": 2005, "acto_ad": "0137 (01 junio de 2005)" }, "geometry": { "type": "Polygon", "coordinates": [ [ [ -76.343383203999906, 1.842024811000044 ], [ -76.343846498999937, 1.84204836300006 ], [ -76.344323604999943, 1.84192078500007 ], [ -76.3445671529999, 1.843141113000058 ], [ -76.344628741999941, 1.844413144000043 ], [ -76.343820939999944, 1.844532342000093 ], [ -76.343686197999943, 1.843363379000039 ], [ -76.343383203999906, 1.842024811000044 ] ] ] } },
{ "type": "Feature", "properties": { "OBJECTID": 18, "Id": 18, "nombre": "el retiro", "observac": "informacion suministrada por Catastro", "año_reg": 2005, "acto_ad": "0130 (01 junio de 2005)" }, "geometry": { "type": "Polygon", "coordinates": [ [ [ -76.401129039999944, 1.961886487000072 ], [ -76.400994139999909, 1.961239248000084 ], [ -76.40099448299992, 1.960350110000093 ], [ -76.400899706999951, 1.959909181000057 ], [ -76.400023880999925, 1.958409800000084 ], [ -76.399761063999904, 1.958137813000064 ], [ -76.399308361999942, 1.957858404000092 ], [ -76.399133276999919, 1.957358656000054 ], [ -76.399236574999918, 1.956803046000061 ], [ -76.399859789999937, 1.956744137000044 ], [ -76.400948134999908, 1.956369800000061 ], [ -76.402102049999939, 1.956406992000041 ], [ -76.402372320999916, 1.956289525000045 ], [ -76.402708286999939, 1.956260261000068 ], [ -76.404358713999898, 1.956598918000054 ], [ -76.405402912999932, 1.957076958000073 ], [ -76.407175097999925, 1.957685044000073 ], [ -76.406495487999905, 1.958383734000051 ], [ -76.406407696999906, 1.958773158000042 ], [ -76.406735942999944, 1.959838779000052 ], [ -76.407181248999905, 1.96036067600005 ], [ -76.407224865999922, 1.96089711500008 ], [ -76.407159066999952, 1.961080797000079 ], [ -76.406801107999911, 1.961323148000076 ], [ -76.406151039999941, 1.961491908000085 ], [ -76.404894855999942, 1.961498769000059 ], [ -76.403570423999952, 1.961388032000059 ], [ -76.402126644999953, 1.962092902000052 ], [ -76.401695754999935, 1.962070689000086 ], [ -76.401129039999944, 1.961886487000072 ] ] ] } },
{ "type": "Feature", "properties": { "OBJECTID": 19, "Id": 19, "nombre": "primavera 6", "observac": "informacion suministrada por Catastro", "año_reg": 2005, "acto_ad": "0148 (01 junio de 2005)" }, "geometry": { "type": "Polygon", "coordinates": [ [ [ -76.413636900999904, 1.944348839000043 ], [ -76.413563454999917, 1.943958379000094 ], [ -76.4136878569999, 1.943297083000061 ], [ -76.414016789999948, 1.942540337000082 ], [ -76.414463295999951, 1.939851044000079 ], [ -76.41444897699995, 1.93907947200006 ], [ -76.414303287999928, 1.938065359000063 ], [ -76.415424328999904, 1.937890950000053 ], [ -76.416669900999921, 1.937548686000071 ], [ -76.417502359999901, 1.937227547000077 ], [ -76.418338045999917, 1.940824433000046 ], [ -76.418250912999952, 1.941329101000065 ], [ -76.417976480999926, 1.941914445000066 ], [ -76.415761537999913, 1.945042738000041 ], [ -76.414778079999905, 1.945836425000039 ], [ -76.414596283999913, 1.946112697000046 ], [ -76.414161909999905, 1.945075540000062 ], [ -76.413636900999904, 1.944348839000043 ] ] ] } },
{ "type": "Feature", "properties": { "OBJECTID": 20, "Id": 20, "nombre": "el placer", "observac": "informacion suministrada por Catastro", "año_reg": 2005, "acto_ad": "0118 (01 junio de 2005)" }, "geometry": { "type": "Polygon", "coordinates": [ [ [ -76.328785556999946, 1.763401094000073 ], [ -76.328615001999935, 1.762814652000088 ], [ -76.328826635999917, 1.762083129000075 ], [ -76.328792970999928, 1.761691792000079 ], [ -76.327897199999938, 1.760730153000054 ], [ -76.327078109999945, 1.758228768000038 ], [ -76.327408161999927, 1.757335659000091 ], [ -76.327459002999944, 1.757029425000042 ], [ -76.327383096999938, 1.756561509000051 ], [ -76.32869958099991, 1.755533498000091 ], [ -76.328448150999918, 1.75698727300005 ], [ -76.328455782999924, 1.759131047000039 ], [ -76.32877697899994, 1.759292805000086 ], [ -76.32934337599994, 1.759369589000073 ], [ -76.330247770999904, 1.759880358000089 ], [ -76.331000185999926, 1.759889156000042 ], [ -76.331312942999944, 1.760008376000087 ], [ -76.331729724999946, 1.760450903000049 ], [ -76.331485560999909, 1.760591174000069 ], [ -76.331138752999948, 1.761084449000066 ], [ -76.330064909999919, 1.761526399000047 ], [ -76.329599661999907, 1.762232303000076 ], [ -76.329193726999904, 1.762589441000046 ], [ -76.328785556999946, 1.763401094000073 ] ] ] } },
{ "type": "Feature", "properties": { "OBJECTID": 21, "Id": 21, "nombre": "el comino", "observac": "informacion suministrada por Catastro", "año_reg": 2005, "acto_ad": "0135 (01 de junio de 2005)" }, "geometry": { "type": "MultiPolygon", "coordinates": [ [ [ [ -76.340044325999884, 1.836529773000109 ], [ -76.341659669999899, 1.835692767000126 ], [ -76.342295456999921, 1.83762430000013 ], [ -76.342442516999938, 1.838720944000102 ], [ -76.34257526399989, 1.839076551000119 ], [ -76.341730972999926, 1.839364001000149 ], [ -76.341250154999841, 1.839616656000146 ], [ -76.341071824999915, 1.839816322000161 ], [ -76.340791381999907, 1.838794492000147 ], [ -76.340677020999919, 1.837884327000097 ], [ -76.340044325999884, 1.836529773000109 ] ] ], [ [ [ -76.347197574999882, 1.841819035000015 ], [ -76.348382339999944, 1.8399808650002 ], [ -76.348931789999938, 1.838843268000119 ], [ -76.349750203999861, 1.837887918000092 ], [ -76.349725430999854, 1.83838048500013 ], [ -76.349848142999917, 1.83889172500011 ], [ -76.350216616999944, 1.839563841000142 ], [ -76.350699579999912, 1.840825517000098 ], [ -76.350179201999936, 1.840957232000051 ], [ -76.349175156999934, 1.841637051000077 ], [ -76.348785770999939, 1.842065639 ], [ -76.347465773999943, 1.843969391000144 ], [ -76.347417769999879, 1.843587932000105 ], [ -76.346897290999891, 1.842500631000121 ], [ -76.347197574999882, 1.841819035000015 ] ] ] ] } },
{ "type": "Feature", "properties": { "OBJECTID": 22, "Id": 22, "nombre": "el silencio", "observac": "informacion suministrada por Catastro", "año_reg": 2005, "acto_ad": "0114 (1 junio de 2005)" }, "geometry": { "type": "Polygon", "coordinates": [ [ [ -76.353202582999927, 1.834756756000047 ], [ -76.352556963999916, 1.833118127000091 ], [ -76.353678554999931, 1.832806566000045 ], [ -76.356169711999939, 1.832403529000089 ], [ -76.357845384999905, 1.832449526000062 ], [ -76.358455246999938, 1.832720261000077 ], [ -76.358144066999898, 1.833496762000038 ], [ -76.358098855999913, 1.833867772000076 ], [ -76.358191313999953, 1.834361719000071 ], [ -76.355890163999902, 1.834872807000067 ], [ -76.354353833999937, 1.834711432000063 ], [ -76.353202582999927, 1.834756756000047 ] ] ] } },
{ "type": "Feature", "properties": { "OBJECTID": 23, "Id": 23, "nombre": "el recuerdo", "observac": "informacion suministrada por Catastro", "año_reg": 2005, "acto_ad": "0117 (1 junio de 2005)" }, "geometry": { "type": "Polygon", "coordinates": [ [ [ -76.343822710999916, 1.853887688000043 ], [ -76.343645053999921, 1.853828021000083 ], [ -76.343061886999919, 1.853864463000093 ], [ -76.342700871999909, 1.85372460800005 ], [ -76.342973620999942, 1.852956162000055 ], [ -76.343017524999937, 1.852485616000081 ], [ -76.343330437999953, 1.85202049500009 ], [ -76.343342787999916, 1.851872091000075 ], [ -76.343039856999951, 1.851228857000081 ], [ -76.343027642999914, 1.851039219000086 ], [ -76.344085575999941, 1.848784632000047 ], [ -76.344139124999913, 1.848054968000042 ], [ -76.344088068999952, 1.847399025000072 ], [ -76.344473157999914, 1.847007751000092 ], [ -76.344616539999947, 1.848106208000047 ], [ -76.344808870999941, 1.848691681000048 ], [ -76.345066861999953, 1.849009214000091 ], [ -76.345471085999918, 1.849163108000084 ], [ -76.345747293999921, 1.851156191000086 ], [ -76.34595590899994, 1.852009634000069 ], [ -76.345655360999899, 1.852474660000041 ], [ -76.345422338999924, 1.852600176000067 ], [ -76.345194524999897, 1.852650509000057 ], [ -76.344679735999932, 1.852576960000079 ], [ -76.344438216999947, 1.852718971000058 ], [ -76.344433496999898, 1.853136129000063 ], [ -76.344834251999941, 1.853548863000071 ], [ -76.344961673999933, 1.853911063000055 ], [ -76.344966064999937, 1.854332809000084 ], [ -76.344774639999912, 1.854529851000052 ], [ -76.344569589999935, 1.854612285000087 ], [ -76.344328152999935, 1.854548009000041 ], [ -76.343822710999916, 1.853887688000043 ] ], [ [ -76.343653763999953, 1.852890473000059 ], [ -76.34430911499993, 1.852103017000047 ], [ -76.344272833999923, 1.851843604000067 ], [ -76.34344522899994, 1.851835029000085 ], [ -76.343653763999953, 1.852890473000059 ] ] ] } },
{ "type": "Feature", "properties": { "OBJECTID": 24, "Id": 24, "nombre": "palmira", "observac": "informacion suministrada por Catastro", "año_reg": 2005, "acto_ad": "0259 (30 septiembre de 2005" }, "geometry": { "type": "Polygon", "coordinates": [ [ [ -76.341584588999922, 1.849527630000068 ], [ -76.341265465999925, 1.848685938000074 ], [ -76.340946094999936, 1.848182865000069 ], [ -76.340248369999927, 1.847761383000091 ], [ -76.341599668999947, 1.846223563000081 ], [ -76.340956649999953, 1.845666769000047 ], [ -76.340104274999931, 1.845092734000048 ], [ -76.340985929999931, 1.844145577000063 ], [ -76.341334222999933, 1.844034407000038 ], [ -76.341907788999947, 1.844092354000054 ], [ -76.342333829999916, 1.844224443000087 ], [ -76.34287497899993, 1.84455415900004 ], [ -76.343275485999925, 1.845923290000087 ], [ -76.344098402999919, 1.847424208000064 ], [ -76.344085575999941, 1.848784632000047 ], [ -76.343027642999914, 1.851039219000086 ], [ -76.343039856999951, 1.851228857000081 ], [ -76.343342787999916, 1.851872091000075 ], [ -76.343219723999937, 1.852251312000078 ], [ -76.343017524999937, 1.852485616000081 ], [ -76.342445692999945, 1.85145123500007 ], [ -76.342239783999901, 1.850673376000088 ], [ -76.341945068999905, 1.84997655300009 ], [ -76.341584588999922, 1.849527630000068 ] ] ] } },
{ "type": "Feature", "properties": { "OBJECTID": 25, "Id": 25, "nombre": "el roble", "observac": "informacion suministrada por Catastro", "año_reg": 2005, "acto_ad": "0116 (01 junio de 2005)" }, "geometry": { "type": "Polygon", "coordinates": [ [ [ -76.353006753999921, 1.839416322000091 ], [ -76.35225407899992, 1.839924672000052 ], [ -76.351799692999919, 1.838926847000039 ], [ -76.351328819999935, 1.838180488000091 ], [ -76.350915131999898, 1.83788837700007 ], [ -76.349704202999931, 1.837887901000045 ], [ -76.350381195999944, 1.836423852000053 ], [ -76.351898487999904, 1.837265743000046 ], [ -76.352483037999946, 1.837167031000092 ], [ -76.354728228999932, 1.837145921000058 ], [ -76.354995887999905, 1.83719 ], [ -76.355574835999903, 1.837454065000088 ], [ -76.357000485999947, 1.837778927000045 ], [ -76.357652096999914, 1.837742435000052 ], [ -76.357596732999923, 1.838118978000068 ], [ -76.35766910399991, 1.839485092000075 ], [ -76.357358814999941, 1.840754789000073 ], [ -76.357299368999918, 1.841327789000047 ], [ -76.357399381999926, 1.841887098000086 ], [ -76.35765441399991, 1.842134743000088 ], [ -76.356956735999916, 1.841909442000087 ], [ -76.356317599999898, 1.841896825000049 ], [ -76.355305892999922, 1.841199725000081 ], [ -76.354494846999899, 1.840754177000065 ], [ -76.354208152999945, 1.840494345000081 ], [ -76.353684259999909, 1.839125465000052 ], [ -76.353006753999921, 1.839416322000091 ] ] ] } },
{ "type": "Feature", "properties": { "OBJECTID": 26, "Id": 26, "nombre": "villa maria", "observac": "informacion suministrada por Catastro", "año_reg": 2005, "acto_ad": "0286 (28 octubre de 2005)" }, "geometry": { "type": "Polygon", "coordinates": [ [ [ -76.341424493999909, 1.954523400000085 ], [ -76.340995864999911, 1.954327892000038 ], [ -76.340680388999942, 1.954356244000053 ], [ -76.339657003999946, 1.954701697000075 ], [ -76.339349625999944, 1.95470156600004 ], [ -76.33819718399991, 1.954176138000093 ], [ -76.337687574999904, 1.954204406000088 ], [ -76.337141487999929, 1.954415773000051 ], [ -76.336078537999924, 1.954318685000089 ], [ -76.335776857999917, 1.953095468000072 ], [ -76.335976523999932, 1.952230130000089 ], [ -76.336166277999951, 1.952019458000052 ], [ -76.336166632999948, 1.951175963000082 ], [ -76.33555225099991, 1.951554146000092 ], [ -76.334173259999943, 1.951191387000051 ], [ -76.334051573999943, 1.95202553900009 ], [ -76.333804212999951, 1.952662032000092 ], [ -76.333194750999951, 1.952355943000043 ], [ -76.33274597399992, 1.951993585000082 ], [ -76.332256969999946, 1.951122551000083 ], [ -76.331304952999915, 1.949964305000094 ], [ -76.33156157499991, 1.949755623000044 ], [ -76.332516124999927, 1.94958919000004 ], [ -76.332868044999941, 1.949455055000044 ], [ -76.33378229199991, 1.948963064000054 ], [ -76.335230140999897, 1.94908169200005 ], [ -76.33677083099991, 1.949635770000043 ], [ -76.337923130999911, 1.950482673000067 ], [ -76.338901458999942, 1.951492272000053 ], [ -76.339467670999909, 1.951508790000048 ], [ -76.339940953999928, 1.951301455000078 ], [ -76.340369872999929, 1.950801116000093 ], [ -76.34045128799994, 1.949543740000081 ], [ -76.3406455679999, 1.949185725000063 ], [ -76.340876194999908, 1.948962011000049 ], [ -76.341325164999944, 1.948868608000055 ], [ -76.342182577999949, 1.948881178000079 ], [ -76.344079342999919, 1.949040681000042 ], [ -76.346444159999919, 1.948784681000063 ], [ -76.346618123999917, 1.948854550000078 ], [ -76.34605666199991, 1.953470208000056 ], [ -76.345442725999931, 1.953772883000056 ], [ -76.343792372999928, 1.954313402000082 ], [ -76.342861905999939, 1.954903055000045 ], [ -76.342416948999926, 1.955069708000053 ], [ -76.342157780999912, 1.95511061600007 ], [ -76.341424493999909, 1.954523400000085 ] ] ] } },
{ "type": "Feature", "properties": { "OBJECTID": 27, "Id": 27, "nombre": "el silencio del oso", "observac": "informacion suministrada por Catastro", "año_reg": 2005, "acto_ad": "0126 (1 junio de 2005)" }, "geometry": { "type": "Polygon", "coordinates": [ [ [ -76.383334613999921, 1.82278036200006 ], [ -76.387752371999909, 1.825135346000081 ], [ -76.388857486999939, 1.825749390000055 ], [ -76.38524635999994, 1.828735438000081 ], [ -76.384637702999953, 1.827613214000053 ], [ -76.384572629999923, 1.826310468000088 ], [ -76.383316865999916, 1.824490586000081 ], [ -76.382503152999902, 1.823858162000079 ], [ -76.383334613999921, 1.82278036200006 ] ] ] } },
{ "type": "Feature", "properties": { "OBJECTID": 28, "Id": 28, "nombre": "la vega", "observac": "informacion suministrada por Catastro", "año_reg": 2005, "acto_ad": "0110 (1 junio de 2005)" }, "geometry": { "type": "Polygon", "coordinates": [ [ [ -76.347072544999946, 1.847374012000046 ], [ -76.347275819999936, 1.847385827000039 ], [ -76.3477140789999, 1.847711678000053 ], [ -76.34800496899993, 1.847715916000084 ], [ -76.348417996999899, 1.847484768000072 ], [ -76.348496542999897, 1.847905746000038 ], [ -76.348797291999915, 1.848340573000087 ], [ -76.348842297999909, 1.848644076000085 ], [ -76.347529308999924, 1.84873398700006 ], [ -76.347832233999952, 1.849397830000044 ], [ -76.347856692999926, 1.849707028000068 ], [ -76.347139163999941, 1.850433714000076 ], [ -76.347026142999937, 1.849730313000066 ], [ -76.34705499599994, 1.849289216000045 ], [ -76.347202660999926, 1.848852290000082 ], [ -76.3470963769999, 1.848237994000044 ], [ -76.347072544999946, 1.847374012000046 ] ] ] } },
{ "type": "Feature", "properties": { "OBJECTID": 29, "Id": 29, "nombre": "arroyito", "observac": "informacion suministrada por Catastro", "año_reg": 2005, "acto_ad": "0112 (1 junio de 2005)" }, "geometry": { "type": "Polygon", "coordinates": [ [ [ -76.343348159999948, 1.846007909000093 ], [ -76.343173160999925, 1.845659409000064 ], [ -76.342924669999945, 1.84472071600004 ], [ -76.345493399999953, 1.844250460000069 ], [ -76.345459295999945, 1.845726278000086 ], [ -76.345528825999907, 1.846031371000038 ], [ -76.34573101299992, 1.846238828000082 ], [ -76.345232982999903, 1.846279063000054 ], [ -76.345097658999919, 1.846584073000088 ], [ -76.344827647999921, 1.846772264000037 ], [ -76.344637938999938, 1.845785247000038 ], [ -76.344101157999944, 1.84595405500005 ], [ -76.343348159999948, 1.846007909000093 ] ] ] } },
{ "type": "Feature", "properties": { "OBJECTID": 30, "Id": 30, "nombre": "el mirador 3", "observac": "informacion suministrada por Catastro", "año_reg": 2005, "acto_ad": "0133 (01 junio de 2005)" }, "geometry": { "type": "Polygon", "coordinates": [ [ [ -76.347139163999941, 1.850433714000076 ], [ -76.347856692999926, 1.849707028000068 ], [ -76.347832233999952, 1.849397830000044 ], [ -76.347529308999924, 1.84873398700006 ], [ -76.348842297999909, 1.848644076000085 ], [ -76.349040273999947, 1.85091951600009 ], [ -76.348970557999905, 1.851084388000061 ], [ -76.348490367999943, 1.851557778000085 ], [ -76.348238271999946, 1.851606531000073 ], [ -76.347554660999947, 1.852183866000075 ], [ -76.347607153999945, 1.851696982000078 ], [ -76.347139163999941, 1.850433714000076 ] ] ] } },
{ "type": "Feature", "properties": { "OBJECTID": 32, "Id": 32, "nombre": "tulcan los canelos 2", "observac": "informacion suministrada por Catastro", "año_reg": 2005, "acto_ad": "0104 (1 junio de 2005)" }, "geometry": { "type": "Polygon", "coordinates": [ [ [ -76.490933804999941, 1.951090776000058 ], [ -76.49011928199991, 1.951029639000069 ], [ -76.48909836699994, 1.951799502000085 ], [ -76.488755187999914, 1.951879063000092 ], [ -76.487488355999915, 1.951276639000071 ], [ -76.487013340999908, 1.950922365000054 ], [ -76.485843489999922, 1.949753386000054 ], [ -76.485280430999921, 1.94955843300005 ], [ -76.484479764999946, 1.949487341000065 ], [ -76.48413656699995, 1.949628872000062 ], [ -76.483546805999936, 1.950354609000044 ], [ -76.483124375999921, 1.95062005200009 ], [ -76.482411610999918, 1.950805722000041 ], [ -76.481593305999922, 1.950849709000067 ], [ -76.48091582099994, 1.95078750600004 ], [ -76.479825027999937, 1.950025789000051 ], [ -76.479332377999924, 1.949786595000091 ], [ -76.477915733999907, 1.949910049000039 ], [ -76.477203052999926, 1.94984783600006 ], [ -76.475803929999927, 1.950201470000081 ], [ -76.475108802999898, 1.950263203000077 ], [ -76.474616078999929, 1.950245330000087 ], [ -76.47321728299994, 1.949625146000074 ], [ -76.47248701399991, 1.949545218000083 ], [ -76.471985482999912, 1.949545046000082 ], [ -76.471070349999934, 1.949730642000077 ], [ -76.469759315999909, 1.949774451000053 ], [ -76.468589024999915, 1.949942250000049 ], [ -76.468184236999946, 1.95007490200004 ], [ -76.466521228999909, 1.950198262000072 ], [ -76.465183739999929, 1.950419116000091 ], [ -76.464647046999914, 1.950330401000087 ], [ -76.464127997999924, 1.950100045000056 ], [ -76.463362576999941, 1.94990501500007 ], [ -76.462262728999917, 1.94990462800007 ], [ -76.458267853999928, 1.950611451000043 ], [ -76.457255996999947, 1.95060224100007 ], [ -76.456619545999899, 1.950317722000079 ], [ -76.456834021999953, 1.949566307000055 ], [ -76.456728912999949, 1.948202932000072 ], [ -76.456834822999951, 1.94727342200008 ], [ -76.456703004999952, 1.946813028000065 ], [ -76.454679528999918, 1.946148347000076 ], [ -76.453818013999921, 1.946010024000088 ], [ -76.453545235999911, 1.944032115000084 ], [ -76.453325493999898, 1.943385781000075 ], [ -76.452894504999904, 1.942969541000082 ], [ -76.451768478999952, 1.942376003000049 ], [ -76.450546029999941, 1.940764351000041 ], [ -76.449472770999932, 1.940250504000062 ], [ -76.448188672999947, 1.939836305000085 ], [ -76.447602653999922, 1.939257606000069 ], [ -76.447287089999918, 1.939064039000073 ], [ -76.447519120999914, 1.938268588000085 ], [ -76.448139805999915, 1.937075505000053 ], [ -76.449135364999904, 1.935909990000084 ], [ -76.449830783999914, 1.93540960100006 ], [ -76.451773618999937, 1.934697052000047 ], [ -76.454135853999901, 1.933398709000073 ], [ -76.458563026999911, 1.933927284000049 ], [ -76.467361518999951, 1.934249016000081 ], [ -76.480012740999939, 1.933785139000065 ], [ -76.487368753999931, 1.933710685000051 ], [ -76.495325868999942, 1.933480359000043 ], [ -76.508915897999941, 1.933527817000083 ], [ -76.513375322999934, 1.933455413000047 ], [ -76.518023636999942, 1.933607322000057 ], [ -76.523023869999918, 1.934398492000071 ], [ -76.522550832999912, 1.93644831000006 ], [ -76.522280787999932, 1.93715645900005 ], [ -76.522221951999938, 1.937723033000054 ], [ -76.521916692999923, 1.938490192000074 ], [ -76.521670228999938, 1.938797015000091 ], [ -76.521623231999911, 1.939021280000077 ], [ -76.521705285999928, 1.939245577000065 ], [ -76.522502770999949, 1.940119318000086 ], [ -76.522748763999914, 1.941335200000083 ], [ -76.522480489999907, 1.942314944000088 ], [ -76.522107007999921, 1.942391687000054 ], [ -76.521934106999936, 1.942550748000087 ], [ -76.52156348199992, 1.942550632000064 ], [ -76.519099595999933, 1.943258092000065 ], [ -76.517339622999941, 1.943930360000081 ], [ -76.513045400999943, 1.945215617000088 ], [ -76.512775010999917, 1.947477015000061 ], [ -76.512183286999914, 1.947476030000075 ], [ -76.510766618999924, 1.947661486000072 ], [ -76.509543583999914, 1.947661094000068 ], [ -76.506129581999915, 1.948415892000071 ], [ -76.505861627999934, 1.947086427000045 ], [ -76.505712128999903, 1.946829645000093 ], [ -76.505324982999923, 1.946829520000051 ], [ -76.504832195999938, 1.946997563000082 ], [ -76.503996147999942, 1.947501910000085 ], [ -76.501980718999903, 1.949059366000085 ], [ -76.501382219999925, 1.949616903000049 ], [ -76.499340015999906, 1.952316372000041 ], [ -76.498800409999944, 1.953487400000085 ], [ -76.498523271999943, 1.952237739000054 ], [ -76.498259563999909, 1.951449740000044 ], [ -76.49811073099994, 1.949156788000039 ], [ -76.498128746999953, 1.947873121000043 ], [ -76.497496646999934, 1.943517281000084 ], [ -76.495094043999927, 1.945171984000069 ], [ -76.493536372999927, 1.946047907000093 ], [ -76.491389191999929, 1.94689707200007 ], [ -76.490933804999941, 1.951090776000058 ] ] ] } },
{ "type": "Feature", "properties": { "OBJECTID": 33, "Id": 33, "nombre": "lote 5", "observac": "informacion suministrada por Catastro", "año_reg": 2009, "acto_ad": "0165 (1 septie. De 2009)" }, "geometry": { "type": "Polygon", "coordinates": [ [ [ -74.302000051999926, 4.943023498000059 ], [ -74.302449576999948, 4.943129513000088 ], [ -74.303452000999926, 4.94730622600008 ], [ -74.302013055999907, 4.947493320000092 ], [ -74.30169062199991, 4.945502858000054 ], [ -74.301709943999924, 4.943957254000054 ], [ -74.301617458999942, 4.943204953000077 ], [ -74.302000051999926, 4.943023498000059 ] ] ] } },
{ "type": "Feature", "properties": { "OBJECTID": 34, "Id": 35, "nombre": "parcela 16 el arrayan", "observac": "informacion suministrada por Catastro", "año_reg": 2005, "acto_ad": "0299 (28 octubre de 2005)" }, "geometry": { "type": "Polygon", "coordinates": [ [ [ -76.585852265999904, 2.217154604000086 ], [ -76.587621116999912, 2.215817181000091 ], [ -76.5887566749999, 2.21532213200004 ], [ -76.590254711999933, 2.214909763000094 ], [ -76.590815534999933, 2.215033792000042 ], [ -76.5912805399999, 2.215350448000038 ], [ -76.590018172999919, 2.215720231000091 ], [ -76.58949139899994, 2.216084740000042 ], [ -76.588985098999899, 2.216579987000046 ], [ -76.587965771999905, 2.217226447000087 ], [ -76.587899086999926, 2.220470181000053 ], [ -76.586713122999925, 2.220322343000078 ], [ -76.585863827999901, 2.221602829000062 ], [ -76.58417456299992, 2.221079362000069 ], [ -76.584471153999914, 2.220447012000079 ], [ -76.585073242999897, 2.219848587000058 ], [ -76.585333305999939, 2.219367023000075 ], [ -76.586215766999942, 2.218961345000082 ], [ -76.586831519999919, 2.218404209000084 ], [ -76.585852265999904, 2.217154604000086 ] ] ] } },
{ "type": "Feature", "properties": { "OBJECTID": 35, "Id": 36, "nombre": "parcela 13 las brisas", "observac": "informacion suministrada por Catastro", "año_reg": 2005, "acto_ad": "0292 (28 octubre de 2005)" }, "geometry": { "type": "Polygon", "coordinates": [ [ [ -76.561800926999922, 2.248292586000048 ], [ -76.562886027999923, 2.246314312000038 ], [ -76.563694454999904, 2.246541248000085 ], [ -76.564555932999951, 2.246661534000054 ], [ -76.564615501999924, 2.246888217000048 ], [ -76.563755797999931, 2.24865144000006 ], [ -76.561800926999922, 2.248292586000048 ] ] ] } },
{ "type": "Feature", "properties": { "OBJECTID": 36, "Id": 37, "nombre": "parcela 2 la palma", "observac": "informacion suministrada por Catastro", "año_reg": 2005, "acto_ad": "0303 (28 octubre de 2005)" }, "geometry": { "type": "Polygon", "coordinates": [ [ [ -76.538782090999916, 2.230100322000055 ], [ -76.538058721999903, 2.229811915000084 ], [ -76.536848559999953, 2.230035869000062 ], [ -76.536335749999921, 2.229979271000047 ], [ -76.536629284999947, 2.229637576000073 ], [ -76.536851892999948, 2.228990711000051 ], [ -76.537014527999929, 2.227968959000066 ], [ -76.537501361999944, 2.227981223000086 ], [ -76.53829627999994, 2.228523076000045 ], [ -76.538296372999923, 2.228438265000079 ], [ -76.538749609999911, 2.228401513000051 ], [ -76.539043856999911, 2.22800942300006 ], [ -76.539201332999937, 2.227541597000084 ], [ -76.540460096999936, 2.226833336000084 ], [ -76.540753968999923, 2.22752149900009 ], [ -76.541143651999903, 2.228058322000038 ], [ -76.538782090999916, 2.230100322000055 ] ] ] } },
{ "type": "Feature", "properties": { "OBJECTID": 37, "Id": 38, "nombre": "parcela 8 campo bello", "observac": "informacion suministrada por Catastro", "año_reg": 2005, "acto_ad": "0306 (28 octubre de 2005)" }, "geometry": { "type": "Polygon", "coordinates": [ [ [ -76.539219934999949, 2.219549358000052 ], [ -76.539216538999938, 2.219459751000045 ], [ -76.540209519999905, 2.219601739000041 ], [ -76.541953291999903, 2.22065507800005 ], [ -76.542664368999908, 2.221405311000069 ], [ -76.541432827999927, 2.222526421000055 ], [ -76.540639312999929, 2.222822011000062 ], [ -76.540447750999931, 2.222966437000082 ], [ -76.540208148999909, 2.223578727000074 ], [ -76.539702242999908, 2.222897370000055 ], [ -76.53912125599993, 2.221761868000044 ], [ -76.538305108999907, 2.220517684000072 ], [ -76.538305291999905, 2.220352982000065 ], [ -76.538931832999936, 2.219875180000088 ], [ -76.539219934999949, 2.219549358000052 ] ] ] } },
{ "type": "Feature", "properties": { "OBJECTID": 38, "Id": 39, "nombre": "celula verde", "observac": "informacion suministrada por Catastro", "año_reg": 2005, "acto_ad": "0264 (03 octubre 2005)" }, "geometry": { "type": "Polygon", "coordinates": [ [ [ -74.118914308999933, 4.897652246000064 ], [ -74.119787607999911, 4.898054993000073 ], [ -74.119867824999915, 4.898595275000048 ], [ -74.120137972999942, 4.899177397000074 ], [ -74.120484650999913, 4.899628644000074 ], [ -74.121417165999901, 4.900418022000053 ], [ -74.122106986999938, 4.900826537000057 ], [ -74.121911316999899, 4.90132974900007 ], [ -74.121943409999915, 4.901882467000064 ], [ -74.121687024999915, 4.902206748000083 ], [ -74.120635059999927, 4.901826440000093 ], [ -74.119456022999941, 4.901042564000079 ], [ -74.119399354999928, 4.900978470000041 ], [ -74.119987776999949, 4.900635751000038 ], [ -74.117671562999931, 4.898203685000055 ], [ -74.118710217999933, 4.897676619000038 ], [ -74.118914308999933, 4.897652246000064 ] ] ] } },
{ "type": "Feature", "properties": { "OBJECTID": 39, "Id": 40, "nombre": "el pajonal", "observac": "informacion suministrada por Catastro", "año_reg": 2003, "acto_ad": "0239 (29 agosto de 2003)" }, "geometry": { "type": "Polygon", "coordinates": [ [ [ -76.372470406999923, 2.43190560000005 ], [ -76.372619090999933, 2.431437564000078 ], [ -76.373112287999902, 2.430696394000051 ], [ -76.373565074999931, 2.430270367000048 ], [ -76.374044485999946, 2.429946738000069 ], [ -76.375924405999911, 2.429232163000052 ], [ -76.377452690999917, 2.427877190000061 ], [ -76.378794916999937, 2.426998724000043 ], [ -76.379043594999928, 2.426641783000093 ], [ -76.379700503999914, 2.426320751000048 ], [ -76.380499534999899, 2.425722207000092 ], [ -76.381637433999913, 2.42516222200004 ], [ -76.383271763999915, 2.423616607000042 ], [ -76.383683696999924, 2.423395892000087 ], [ -76.384349494999924, 2.422803248000093 ], [ -76.385627234999902, 2.424254610000048 ], [ -76.38642619399991, 2.424738484000045 ], [ -76.388387048999903, 2.42497155500007 ], [ -76.387951797999904, 2.425719798000046 ], [ -76.387579127999913, 2.426665709000076 ], [ -76.387149052999916, 2.428846784000086 ], [ -76.387959966999915, 2.429315203000044 ], [ -76.387708037999914, 2.431594445000087 ], [ -76.387070144999939, 2.431593879000047 ], [ -76.38584521599995, 2.431941413000061 ], [ -76.384957559999918, 2.432530238000084 ], [ -76.38454177299991, 2.432902857000045 ], [ -76.384283146999906, 2.433473269000046 ], [ -76.384271741999953, 2.433817851000072 ], [ -76.384367093999913, 2.434072101000083 ], [ -76.383995364999919, 2.436207208000042 ], [ -76.384253269999931, 2.437105519000056 ], [ -76.384359518999929, 2.438031995000074 ], [ -76.384628671999906, 2.438896416000091 ], [ -76.384645278999926, 2.439387882000062 ], [ -76.384509956999921, 2.440455463000092 ], [ -76.384728365999933, 2.441720932000067 ], [ -76.384177268999906, 2.44313853400007 ], [ -76.384216224999932, 2.443861619000074 ], [ -76.384041277999927, 2.445550560000072 ], [ -76.384074706999911, 2.446098522000057 ], [ -76.383994795999911, 2.446806670000058 ], [ -76.383911876999946, 2.446889988000066 ], [ -76.384099043999925, 2.447138189000043 ], [ -76.384103540999945, 2.44728062300004 ], [ -76.383797131999927, 2.447983443000055 ], [ -76.383742150999922, 2.44830963000004 ], [ -76.383828175999952, 2.449853456000085 ], [ -76.383224821999931, 2.450599774000068 ], [ -76.383011279999948, 2.451328673000091 ], [ -76.382919572999924, 2.452020879000088 ], [ -76.382919025999911, 2.453117451000082 ], [ -76.383928866999952, 2.455574536000086 ], [ -76.384606671999904, 2.456438267000067 ], [ -76.384375315999932, 2.456390879000082 ], [ -76.38400484899995, 2.455972669000062 ], [ -76.38339848499993, 2.45557128900009 ], [ -76.382405010999946, 2.454333673000065 ], [ -76.382040118999953, 2.453994551000051 ], [ -76.381450551999933, 2.453700512000069 ], [ -76.381271045999938, 2.453271100000052 ], [ -76.380878072999906, 2.45293196700004 ], [ -76.380569400999946, 2.452479895000067 ], [ -76.380260557999918, 2.452366761000064 ], [ -76.380148304999921, 2.452219833000072 ], [ -76.380097932999945, 2.451869574000057 ], [ -76.379895958999953, 2.451445800000045 ], [ -76.379293125999936, 2.450647012000047 ], [ -76.378168543999948, 2.448515310000062 ], [ -76.377697124999941, 2.447814605000076 ], [ -76.377375664999931, 2.446737381000048 ], [ -76.376687157999925, 2.445893460000093 ], [ -76.376724918999912, 2.445260802000064 ], [ -76.376522895999926, 2.444936828000039 ], [ -76.376478345999942, 2.444176083000059 ], [ -76.375827421999929, 2.443053499000087 ], [ -76.375550449999935, 2.442857531000072 ], [ -76.375243625999929, 2.442465714000093 ], [ -76.374577824999903, 2.441147295000064 ], [ -76.373627214999942, 2.440325835000067 ], [ -76.37235456499991, 2.439594595000074 ], [ -76.371263340999917, 2.438668897000071 ], [ -76.370993928999951, 2.438334062000081 ], [ -76.370876227999929, 2.437863730000061 ], [ -76.370901649999951, 2.437562938000042 ], [ -76.371142014999919, 2.437029239000083 ], [ -76.371475350999901, 2.435893978000081 ], [ -76.372052792999909, 2.43514861500006 ], [ -76.372356912999919, 2.433471043000054 ], [ -76.372470406999923, 2.43190560000005 ] ] ] } },
{ "type": "Feature", "properties": { "OBJECTID": 40, "Id": 41, "nombre": "los chagualos", "observac": "informacion suministrada por Catastro", "año_reg": 2009, "acto_ad": "0009 (16 enero de 2009)" }, "geometry": { "type": "Polygon", "coordinates": [ [ [ -76.137295839999922, 4.026095264000048 ], [ -76.135410485999898, 4.024692584000093 ], [ -76.134458241999937, 4.024123244000066 ], [ -76.13293651999993, 4.023338759000069 ], [ -76.132789921999915, 4.021424677000084 ], [ -76.132879850999927, 4.020931357000052 ], [ -76.133476986999938, 4.01963122300009 ], [ -76.13385061799994, 4.018465389000085 ], [ -76.134030686999949, 4.017299321000053 ], [ -76.134272672999941, 4.014159612000071 ], [ -76.134690357999943, 4.01350221000007 ], [ -76.135733428999913, 4.01281565700009 ], [ -76.136447561999944, 4.013280040000041 ], [ -76.136715620999951, 4.013235505000068 ], [ -76.137162565999915, 4.013011758000061 ], [ -76.137559378999924, 4.013010054000063 ], [ -76.137976, 4.013245008000069 ], [ -76.138880470999936, 4.014435912000067 ], [ -76.138053375999903, 4.015151021000065 ], [ -76.137754751999921, 4.015853425000046 ], [ -76.139319118999936, 4.016526968000051 ], [ -76.13847994899993, 4.017164338000043 ], [ -76.138660862999927, 4.017648802000053 ], [ -76.13860087799992, 4.018007588000046 ], [ -76.137796049999906, 4.018679478000081 ], [ -76.137824721999948, 4.019606560000057 ], [ -76.137481462999915, 4.020279005000077 ], [ -76.136857860999953, 4.02093876400005 ], [ -76.136867692999942, 4.023044460000051 ], [ -76.138505121999913, 4.023390336000091 ], [ -76.138863860999948, 4.02222448100008 ], [ -76.13913195899994, 4.022150042000078 ], [ -76.14005807399991, 4.022182180000073 ], [ -76.140667802999928, 4.02182231800009 ], [ -76.140745093999897, 4.022042766000084 ], [ -76.14004461199994, 4.022610116000067 ], [ -76.140409312999907, 4.023747190000051 ], [ -76.140528592999942, 4.024648772000091 ], [ -76.13874087399995, 4.025469003000069 ], [ -76.138502390999918, 4.025678050000067 ], [ -76.137802886999907, 4.025423017000094 ], [ -76.137579883999933, 4.025138653000056 ], [ -76.137295839999922, 4.026095264000048 ] ] ] } },
{ "type": "Feature", "properties": { "OBJECTID": 55, "Id": 0, "nombre": "ayllu y delirio", "observac": "vectorizado a partir de plano catastral escaneado", "año_reg": 2010, "acto_ad": "0067 (25 marzo de 2010)" }, "geometry": { "type": "Polygon", "coordinates": [ [ [ -73.969309393999936, 5.117487530000062 ], [ -73.969405159999951, 5.117836947000058 ], [ -73.96941807099995, 5.118719185000089 ], [ -73.969335256999898, 5.119016160000058 ], [ -73.969078213999921, 5.119278164000093 ], [ -73.968390040999907, 5.118972315000065 ], [ -73.967540749999898, 5.118400019000092 ], [ -73.966460513999948, 5.118299369000056 ], [ -73.966639210999915, 5.11771415700008 ], [ -73.967593139999906, 5.117740536000042 ], [ -73.967715223999903, 5.117072330000042 ], [ -73.968133392999903, 5.117037466000056 ], [ -73.968473094999922, 5.117343252000069 ], [ -73.969309393999936, 5.117487530000062 ] ] ] } },
{ "type": "Feature", "properties": { "OBJECTID": 56, "Id": 0, "nombre": "las aves el dorado", "observac": "vectorizado a partir de plano escaneado", "año_reg": 2010, "acto_ad": "0109 (21 junio de 2010)" }, "geometry": { "type": "Polygon", "coordinates": [ [ [ -74.088237308999908, 11.10947716700008 ], [ -74.0865439129999, 11.111450256000069 ], [ -74.085439208999901, 11.11214280900009 ], [ -74.084652027999937, 11.112913749000086 ], [ -74.084274988999937, 11.113965606000079 ], [ -74.085743602999912, 11.115631542000074 ], [ -74.085684092999941, 11.116611526000042 ], [ -74.084903504999943, 11.116938208000079 ], [ -74.084275058999935, 11.11696435500005 ], [ -74.082601409999938, 11.117245317000084 ], [ -74.081066682999904, 11.117905194000059 ], [ -74.079889168999898, 11.118068536000067 ], [ -74.079531945999918, 11.118186137000066 ], [ -74.079168107999919, 11.118440935000081 ], [ -74.07817581899991, 11.118584670000075 ], [ -74.078129515999933, 11.120727566000085 ], [ -74.077825211999937, 11.12131555600007 ], [ -74.088337141999943, 11.125927814000079 ], [ -74.087020664999898, 11.12577106100008 ], [ -74.086392192999938, 11.12556201700005 ], [ -74.086021729999914, 11.125575094000055 ], [ -74.085697583999945, 11.125934430000086 ], [ -74.085274198999912, 11.126052040000047 ], [ -74.084460497999942, 11.125954061000073 ], [ -74.083739454999943, 11.127783378000061 ], [ -74.083051455999907, 11.128332182000065 ], [ -74.082363445999931, 11.12841059200008 ], [ -74.082092209999928, 11.128364864000048 ], [ -74.081364495999935, 11.127580888000068 ], [ -74.081099876999929, 11.127580891000036 ], [ -74.079869401999929, 11.127927164000084 ], [ -74.07940631799994, 11.127835702000084 ], [ -74.0786256909999, 11.127535178000073 ], [ -74.077580446999946, 11.12775731000005 ], [ -74.077434905999951, 11.12769197700004 ], [ -74.077315827999939, 11.127495981000038 ], [ -74.07679982399992, 11.126437599000042 ], [ -74.076588129999948, 11.126235069000074 ], [ -74.076204434999909, 11.126189335000049 ], [ -74.075635506999902, 11.126215465000087 ], [ -74.074702723999906, 11.126803447000043 ], [ -74.074173487999929, 11.126790375000041 ], [ -74.073862557999917, 11.127090899000052 ], [ -74.073022395999942, 11.127005956000062 ], [ -74.072718081999938, 11.127136616000087 ], [ -74.072294684999918, 11.127587401000085 ], [ -74.071494199999904, 11.128201508000075 ], [ -74.071084035999945, 11.128377897000064 ], [ -74.0708260319999, 11.128377891000071 ], [ -74.070389424999917, 11.127744159000088 ], [ -74.070131425999932, 11.12758735500006 ], [ -74.069582342999922, 11.127528543000039 ], [ -74.068914193999944, 11.127084265000065 ], [ -74.068808353999941, 11.126842533000058 ], [ -74.068768677999913, 11.126254543000073 ], [ -74.068345306999902, 11.125725339000041 ], [ -74.068186531999913, 11.125862532000042 ], [ -74.067657299999951, 11.125790650000056 ], [ -74.067306688999906, 11.125581575000069 ], [ -74.066082845999915, 11.12530713600006 ], [ -74.064865666999935, 11.123948178000092 ], [ -74.06520977699995, 11.121334905000083 ], [ -74.064832725999906, 11.120818765000081 ], [ -74.064700510999899, 11.118715062000092 ], [ -74.062087662999943, 11.115219666000087 ], [ -74.063589497999942, 11.111273673000085 ], [ -74.063960062999911, 11.108706132000066 ], [ -74.063285400999916, 11.107203460000051 ], [ -74.061366931999942, 11.109307061000038 ], [ -74.058740623999938, 11.111338742000044 ], [ -74.05852903899995, 11.10980995400007 ], [ -74.057649366999897, 11.107849930000043 ], [ -74.054778705999922, 11.104491649000067 ], [ -74.05477886999995, 11.102368350000063 ], [ -74.059726938999916, 11.10035644900006 ], [ -74.060950624999919, 11.101473700000042 ], [ -74.061982506999925, 11.102225076000082 ], [ -74.064205072999926, 11.103107169000054 ], [ -74.068981018999921, 11.104008927000052 ], [ -74.069682196999906, 11.104198410000038 ], [ -74.071263153999951, 11.104923635000091 ], [ -74.072863974999905, 11.104845265000051 ], [ -74.073644538999929, 11.104923675000066 ], [ -74.075304891999906, 11.105309152000075 ], [ -74.077653205999923, 11.106197679000047 ], [ -74.079121737999913, 11.106903263000049 ], [ -74.08056382399991, 11.108347094000067 ], [ -74.081622231999916, 11.108503879000068 ], [ -74.082746789999931, 11.108543061000091 ], [ -74.086292451999952, 11.108523379000076 ], [ -74.087463324999931, 11.108850004000089 ], [ -74.088237308999908, 11.10947716700008 ] ] ] } },
{ "type": "Feature", "properties": { "OBJECTID": 57, "Id": 0, "nombre": "parque ambiental palangana", "observac": "vectorizado a partir de plano escaneado, se tomo como magna origen bogota", "año_reg": 2010, "acto_ad": "0091 (19 mayo de 2010)" }, "geometry": { "type": "MultiPolygon", "coordinates": [ [ [ [ -74.15036744899993, 11.26104524200008 ], [ -74.152289601999939, 11.259539714000084 ], [ -74.15594343999993, 11.257062776000055 ], [ -74.155873423999935, 11.257240937000063 ], [ -74.155888143999903, 11.257574085000044 ], [ -74.155489719999935, 11.258186918000092 ], [ -74.154994492999947, 11.258561050000083 ], [ -74.154959589999919, 11.258672464000085 ], [ -74.154301319999945, 11.258960874000081 ], [ -74.153847116999941, 11.25866744700005 ], [ -74.153840963999926, 11.259113954000043 ], [ -74.15397986399995, 11.259359716000063 ], [ -74.15385097199993, 11.25970192200009 ], [ -74.153618993999942, 11.259747075000064 ], [ -74.153409344999943, 11.259547306000059 ], [ -74.152862892999906, 11.259288384000058 ], [ -74.153123725999933, 11.259981505000042 ], [ -74.153310100999931, 11.260236982000038 ], [ -74.153241204999915, 11.260520818000089 ], [ -74.15277815099995, 11.260640298000055 ], [ -74.152330159999906, 11.260125825000046 ], [ -74.152255960999923, 11.260689943000045 ], [ -74.151940668999941, 11.260690022000063 ], [ -74.151895008999929, 11.260771377000083 ], [ -74.15197567599995, 11.260975600000052 ], [ -74.151694440999904, 11.261057013000084 ], [ -74.151297715999931, 11.261360382000078 ], [ -74.151238639999917, 11.261523967000073 ], [ -74.150995063999915, 11.261759216000087 ], [ -74.151022919999946, 11.262107571000058 ], [ -74.150706764999939, 11.262247348000074 ], [ -74.15036744899993, 11.26104524200008 ] ] ], [ [ [ -74.157486910999921, 11.256840209000075 ], [ -74.157726786999945, 11.25669343800007 ], [ -74.157845860999942, 11.257336818000056 ], [ -74.158396000999915, 11.258204332000048 ], [ -74.158814774999939, 11.260027568000055 ], [ -74.158524146999923, 11.260909981000054 ], [ -74.158509405999951, 11.261341721000065 ], [ -74.157615824999937, 11.262352141000065 ], [ -74.156161392999934, 11.262186961000054 ], [ -74.157390372999942, 11.260924959000079 ], [ -74.157729945999904, 11.260434449000059 ], [ -74.157625761999952, 11.259897951000085 ], [ -74.15731132499991, 11.259147738000081 ], [ -74.15757835799991, 11.257389285000045 ], [ -74.157486910999921, 11.256840209000075 ] ] ] ] } },
{ "type": "Feature", "properties": { "OBJECTID": 58, "Id": 0, "nombre": "el cedro", "observac": "vectorizado a partir de plano escaneado", "año_reg": 2010, "acto_ad": "0073 (8 abril de 2010)" }, "geometry": { "type": "Polygon", "coordinates": [ [ [ -76.206806499999914, 1.722990487000061 ], [ -76.2065684989999, 1.723165504000065 ], [ -76.206415124999921, 1.723433209000063 ], [ -76.205468358999951, 1.723329136000075 ], [ -76.204248746999951, 1.722481548000076 ], [ -76.202155335999919, 1.720821539000042 ], [ -76.200249942999903, 1.718265933000055 ], [ -76.199581198999908, 1.716673881000077 ], [ -76.200277252999911, 1.716583397000079 ], [ -76.201027158999921, 1.717920197000069 ], [ -76.203344275999939, 1.720362444000045 ], [ -76.205214840999929, 1.722010334000061 ], [ -76.206806499999914, 1.722990487000061 ] ] ] } },
{ "type": "Feature", "properties": { "OBJECTID": 59, "Id": 0, "nombre": "villa margarita", "observac": "vectorizado a partir de plano escaneado, se debe verificar cae dentro del PNN Nevado del Huila", "año_reg": 2010, "acto_ad": "0157 (31 agosto de 2010)" }, "geometry": { "type": "Polygon", "coordinates": [ [ [ -75.671603619999928, 2.985515870000086 ], [ -75.668013200999951, 2.98542165200007 ], [ -75.667551421999917, 2.982836641000063 ], [ -75.666743838999935, 2.982417844000054 ], [ -75.666695343999947, 2.981373856000062 ], [ -75.666900093999914, 2.981422469000051 ], [ -75.66729231599993, 2.981175635000056 ], [ -75.668147462999912, 2.981655036000063 ], [ -75.668381542999953, 2.981592289000048 ], [ -75.668782671999907, 2.981934909000074 ], [ -75.669277568999917, 2.98208829400005 ], [ -75.669679080999913, 2.982047993000037 ], [ -75.670134771999926, 2.981757057000038 ], [ -75.670736933999933, 2.981947157000093 ], [ -75.671467676999953, 2.981959316000086 ], [ -75.67213694499992, 2.984309745000076 ], [ -75.672129088999952, 2.984725769000079 ], [ -75.671603619999928, 2.985515870000086 ] ] ] } },
{ "type": "Feature", "properties": { "OBJECTID": 60, "Id": 0, "nombre": "Sanguare", "observac": "Vectorizado a partir de plano escaneado", "año_reg": 2002, "acto_ad": "0212 (22 agosto de 2002)" }, "geometry": { "type": "Polygon", "coordinates": [ [ [ -75.703962587999911, 9.699298532000057 ], [ -75.702973671999928, 9.702005885000062 ], [ -75.702027375999933, 9.703812145000086 ], [ -75.701950444999909, 9.704092096000068 ], [ -75.700780858999906, 9.70504511900009 ], [ -75.700064821999945, 9.705902799000057 ], [ -75.699550136999903, 9.706309081000086 ], [ -75.69859792099993, 9.706888288000073 ], [ -75.6971454749999, 9.707625182000072 ], [ -75.694945653999923, 9.709219890000043 ], [ -75.692576051999936, 9.711327965000066 ], [ -75.691812641999945, 9.712108192000073 ], [ -75.691096788999914, 9.713012456000058 ], [ -75.690288112999951, 9.714150145000076 ], [ -75.689387053999951, 9.715614454000047 ], [ -75.688997438999934, 9.715989070000091 ], [ -75.688437388999944, 9.716737271000056 ], [ -75.68764627999991, 9.718278724000072 ], [ -75.687105807999899, 9.71985006400007 ], [ -75.68703768599994, 9.721978361000083 ], [ -75.687450530999911, 9.723187970000083 ], [ -75.687436506999916, 9.723529755000072 ], [ -75.687280982999937, 9.723747943000092 ], [ -75.687062685999933, 9.723935361000088 ], [ -75.68679682699991, 9.723998741000059 ], [ -75.685331289999908, 9.725294838000082 ], [ -75.684596109999916, 9.725438083000085 ], [ -75.684189934999949, 9.725626382000087 ], [ -75.683203437999907, 9.725599944000066 ], [ -75.682390712999904, 9.725898875000041 ], [ -75.681658486999936, 9.726663410000072 ], [ -75.68051926499993, 9.727445381000052 ], [ -75.680190626999945, 9.727477986000054 ], [ -75.679937464999909, 9.726919992000091 ], [ -75.679419399999915, 9.726627295000071 ], [ -75.678668039999934, 9.726661875000048 ], [ -75.678200486999913, 9.727114511000082 ], [ -75.67770479099994, 9.728235185000074 ], [ -75.677081628999929, 9.728890473000092 ], [ -75.676787471999944, 9.729590821000045 ], [ -75.676603279999938, 9.730368319000092 ], [ -75.67670334099995, 9.73165706900005 ], [ -75.677386095999907, 9.733657601000061 ], [ -75.677483431999917, 9.73437165200005 ], [ -75.677360759999942, 9.734915871000055 ], [ -75.675817839999922, 9.733121284000049 ], [ -75.663643521999916, 9.727943369000059 ], [ -75.656035435999911, 9.724856421000084 ], [ -75.659103072999926, 9.717945669000073 ], [ -75.66455465599995, 9.705292260000078 ], [ -75.665932268999939, 9.70527035200007 ], [ -75.668064125999933, 9.705835191000062 ], [ -75.668706221999912, 9.705878812000037 ], [ -75.669378750999897, 9.705735897000068 ], [ -75.671784786999922, 9.704684027000042 ], [ -75.674915139999939, 9.704514141000061 ], [ -75.674859423999919, 9.705974482000045 ], [ -75.680292533999932, 9.706088937000061 ], [ -75.680286267999918, 9.704768684000044 ], [ -75.683325921999938, 9.705282584000088 ], [ -75.685361861999922, 9.705428376000043 ], [ -75.686598339999932, 9.705360449000068 ], [ -75.687836076999929, 9.705556567000087 ], [ -75.689010525999947, 9.705613183000082 ], [ -75.691201977999924, 9.705540752000047 ], [ -75.69179584199992, 9.705320501000074 ], [ -75.693437866999943, 9.704939988000092 ], [ -75.696046642999931, 9.703747212000053 ], [ -75.698279151999941, 9.70244746700007 ], [ -75.699790913999948, 9.701026858000091 ], [ -75.70010222499991, 9.700652604000084 ], [ -75.700754140999948, 9.699484577000078 ], [ -75.701112264999949, 9.699079036000057 ], [ -75.701970076999942, 9.69840707600008 ], [ -75.703299475999927, 9.698136730000044 ], [ -75.70378515099992, 9.698212093000052 ], [ -75.703942447999907, 9.698366673000066 ], [ -75.703962587999911, 9.699298532000057 ] ] ] } },
{ "type": "Feature", "properties": { "OBJECTID": 61, "Id": 0, "nombre": "Guayacanes", "observac": "vectorizado a partir de plano escaneado", "año_reg": 2002, "acto_ad": "0114 (22 mayo de 2002)" }, "geometry": { "type": "Polygon", "coordinates": [ [ [ -77.489816010999903, 1.06332812100004 ], [ -77.489655419999906, 1.06328196000004 ], [ -77.489243092999914, 1.062612367000042 ], [ -77.48835046499994, 1.062421458000074 ], [ -77.487845082999911, 1.062486601000046 ], [ -77.487304225999935, 1.062402005000081 ], [ -77.486752802999945, 1.06243173900009 ], [ -77.486113815999943, 1.06208848600005 ], [ -77.485776357999953, 1.061573524000039 ], [ -77.485904688999938, 1.060050879000073 ], [ -77.486160388999906, 1.059100447000048 ], [ -77.486434681999924, 1.058572964000064 ], [ -77.486925238999902, 1.057955887000048 ], [ -77.487188415999924, 1.057483141000091 ], [ -77.487513406999938, 1.057164640000053 ], [ -77.488231459999952, 1.057296407000081 ], [ -77.488735659999918, 1.057057496000084 ], [ -77.488938366999946, 1.057251530000087 ], [ -77.489164611999911, 1.057878464000055 ], [ -77.489607143999933, 1.058587472000056 ], [ -77.490028633999941, 1.05905141900007 ], [ -77.489856944999929, 1.059780412000066 ], [ -77.490298201999906, 1.060188377000088 ], [ -77.490539254999931, 1.060647372000062 ], [ -77.490685163999899, 1.061228290000088 ], [ -77.49071736399992, 1.061742048000042 ], [ -77.490618551999944, 1.062171233000072 ], [ -77.490265190999935, 1.062901494000073 ], [ -77.490076136999903, 1.063152803000094 ], [ -77.489816010999903, 1.06332812100004 ] ] ] } },
{ "type": "Feature", "properties": { "OBJECTID": 62, "Id": 0, "nombre": "Chicaque", "observac": "vectorizado a partir de plano escaneado", "año_reg": 2002, "acto_ad": "0015 (24 Enero de 2002)" }, "geometry": { "type": "Polygon", "coordinates": [ [ [ -74.319820051999898, 4.617807275000075 ], [ -74.319047378999926, 4.618293042000062 ], [ -74.318872404999922, 4.618501885000057 ], [ -74.318522626999936, 4.619436561000043 ], [ -74.317814465999902, 4.620258679000074 ], [ -74.316662047999898, 4.620966611000085 ], [ -74.316293894999944, 4.621274939000045 ], [ -74.316137252999908, 4.621995794000043 ], [ -74.315516424999942, 4.622257809000075 ], [ -74.314179147999937, 4.623272347000068 ], [ -74.313761394999915, 4.623408360000042 ], [ -74.312797017999912, 4.623481586000082 ], [ -74.312491560999945, 4.623625846000039 ], [ -74.311674338999921, 4.624267380000049 ], [ -74.310662357999945, 4.625232094000069 ], [ -74.310165387999916, 4.625523891000057 ], [ -74.309587470999929, 4.625726234000069 ], [ -74.309177907999924, 4.62566174300008 ], [ -74.308685717999936, 4.625411691000068 ], [ -74.308520209999926, 4.624251831000038 ], [ -74.307761497999934, 4.621955445000083 ], [ -74.307513373999939, 4.620636812000043 ], [ -74.307295217999922, 4.620084542000086 ], [ -74.306687325999917, 4.619483790000061 ], [ -74.30635247999993, 4.618947022000043 ], [ -74.306301689999941, 4.618478653000068 ], [ -74.306409388999953, 4.617877673000066 ], [ -74.306116102999908, 4.616468194000049 ], [ -74.306089140999916, 4.614753739000093 ], [ -74.305910321999932, 4.613251430000048 ], [ -74.305698849999942, 4.612937768000052 ], [ -74.304912669999908, 4.612498354000081 ], [ -74.304001541999924, 4.606771976000061 ], [ -74.306043619999912, 4.603044139000076 ], [ -74.308492354999942, 4.604207692000045 ], [ -74.31506873099994, 4.603255532000048 ], [ -74.315062308999927, 4.603816711000093 ], [ -74.314692468999908, 4.603989163000051 ], [ -74.316145997999911, 4.605088945000091 ], [ -74.316895339999917, 4.607331197000065 ], [ -74.317133853999906, 4.609518383000079 ], [ -74.317288051999924, 4.609739268000055 ], [ -74.317369972999927, 4.611113462000048 ], [ -74.317784283999913, 4.612244516000089 ], [ -74.318416493999905, 4.613132467000071 ], [ -74.319247360999952, 4.615498412000079 ], [ -74.319820051999898, 4.617807275000075 ] ] ] } },
{ "type": "Feature", "properties": { "OBJECTID": 63, "Id": 0, "nombre": "Paraver", "observac": "vectorizado a partir de plano escaneado, verificar donde esta el archivo original digital", "año_reg": 2001, "acto_ad": "0199 (13 Agosto de 2001)" }, "geometry": { "type": "Polygon", "coordinates": [ [ [ -73.274991994999937, 10.565079113000081 ], [ -73.268255022999938, 10.568092716000081 ], [ -73.266894449999938, 10.559173430000044 ], [ -73.265584758999921, 10.557780046000062 ], [ -73.259712321999928, 10.556115748000082 ], [ -73.256948398999953, 10.554582838000044 ], [ -73.257688210999902, 10.553794664000065 ], [ -73.257929776999902, 10.553212355000085 ], [ -73.257949331999953, 10.552891636000084 ], [ -73.254624146999902, 10.545603948000064 ], [ -73.253573536999909, 10.544503180000049 ], [ -73.253813362999949, 10.539901990000089 ], [ -73.254912991999902, 10.540148524000074 ], [ -73.25629185899993, 10.540880023000057 ], [ -73.256577895999953, 10.541152189000059 ], [ -73.257745309999905, 10.541698071000042 ], [ -73.25858924399995, 10.541987108000058 ], [ -73.259776176999935, 10.542227685000057 ], [ -73.259791499999949, 10.542326423000077 ], [ -73.260850540999911, 10.542603676000056 ], [ -73.260931892999906, 10.54248668200006 ], [ -73.261935767999944, 10.542409090000092 ], [ -73.263538792999952, 10.542070874000046 ], [ -73.264112964999924, 10.541825610000046 ], [ -73.2643529959999, 10.541816977000053 ], [ -73.2649321909999, 10.542031290000068 ], [ -73.265816978999908, 10.542197041000065 ], [ -73.267310127999906, 10.542154619000087 ], [ -73.267873878999922, 10.542316454000058 ], [ -73.268331110999952, 10.542684665000081 ], [ -73.269854495999937, 10.543000093000046 ], [ -73.270951381999907, 10.54549813400007 ], [ -73.27077206599995, 10.546126880000088 ], [ -73.270952037999905, 10.546438859000091 ], [ -73.271095592999927, 10.547565011000074 ], [ -73.271284110999943, 10.548185446000048 ], [ -73.271495044999938, 10.548577697000042 ], [ -73.271791684999926, 10.549571614000058 ], [ -73.271931532999929, 10.549732357000039 ], [ -73.272340485999905, 10.550689549000083 ], [ -73.272576535999917, 10.551014008000038 ], [ -73.272652408999932, 10.551800709000076 ], [ -73.272533040999917, 10.553345658000069 ], [ -73.272849774999941, 10.55380911900005 ], [ -73.273322928999903, 10.554057076000049 ], [ -73.273827712999946, 10.55412930500006 ], [ -73.274991994999937, 10.565079113000081 ] ] ] } },
{ "type": "Feature", "properties": { "OBJECTID": 64, "Id": 0, "nombre": "Villa Luz", "observac": "vectorizado a partir de plano escaneado, plano contiene otras dos reservas", "año_reg": 2004, "acto_ad": "0142 (11 agosto de 2004)" }, "geometry": { "type": "Polygon", "coordinates": [ [ [ -73.832415691999927, 4.558647535000091 ], [ -73.83306676299992, 4.558393409000075 ], [ -73.833827799999938, 4.558276184000079 ], [ -73.834047372999919, 4.558114714000055 ], [ -73.834647418999907, 4.558026804000065 ], [ -73.834749980999902, 4.557674377000069 ], [ -73.835745163999945, 4.55757191500004 ], [ -73.83637469699994, 4.556837832000042 ], [ -73.836594353999942, 4.556426700000088 ], [ -73.836857859999952, 4.556177128000058 ], [ -73.839242571999932, 4.558307399000057 ], [ -73.835595090999902, 4.561365297000066 ], [ -73.832415691999927, 4.558647535000091 ] ] ] } },
{ "type": "Feature", "properties": { "OBJECTID": 65, "Id": 0, "nombre": "Montevivo", "observac": "vectorizado a partir de plano escaneado", "año_reg": 2005, "acto_ad": "0181 (28 junio de 2005)" }, "geometry": { "type": "Polygon", "coordinates": [ [ [ -75.490290881999897, 6.21650353800004 ], [ -75.489854919999914, 6.216937205000079 ], [ -75.488770246999934, 6.216281467000044 ], [ -75.487879860999897, 6.216061294000042 ], [ -75.484949165999922, 6.214986750000037 ], [ -75.484341178999898, 6.214810922000083 ], [ -75.483482281999898, 6.214960569000084 ], [ -75.482613700999934, 6.214718705000053 ], [ -75.483863118999921, 6.211188276000087 ], [ -75.483821555999953, 6.210557431000041 ], [ -75.48344271499991, 6.210066935000043 ], [ -75.483498094999902, 6.209719119000056 ], [ -75.48379338399991, 6.209089291000055 ], [ -75.484836437999945, 6.209125063000045 ], [ -75.485738527999899, 6.209062537000079 ], [ -75.486575812999945, 6.208869321000066 ], [ -75.486979987999916, 6.208163696000042 ], [ -75.487546402999897, 6.20770867400006 ], [ -75.488166361999902, 6.20751479900008 ], [ -75.489295691999928, 6.207768311000052 ], [ -75.490371214999925, 6.207847667000067 ], [ -75.491479761999926, 6.207785752000063 ], [ -75.492587917999913, 6.207854327000064 ], [ -75.491992858999936, 6.210614669000051 ], [ -75.491664619999938, 6.21136402400009 ], [ -75.491249840999899, 6.211982625000076 ], [ -75.490997826999944, 6.212677836000069 ], [ -75.490615677999926, 6.213285659000064 ], [ -75.490407061999917, 6.214002750000077 ], [ -75.490240897999911, 6.21505707700004 ], [ -75.490336210999942, 6.215883827000084 ], [ -75.490290881999897, 6.21650353800004 ] ] ] } },
{ "type": "Feature", "properties": { "OBJECTID": 66, "Id": 0, "nombre": "Las Bromelias", "observac": "vectorizado a partir de plano escaneado", "año_reg": 2005, "acto_ad": "0036 (4 marzo de 2005)" }, "geometry": { "type": "Polygon", "coordinates": [ [ [ -76.643336248999901, 2.414163569000038 ], [ -76.640922466999939, 2.415740264000078 ], [ -76.640508199999942, 2.415014528000086 ], [ -76.640046276999897, 2.413757606000047 ], [ -76.639877138999907, 2.412983845000042 ], [ -76.63991122099992, 2.412350459000038 ], [ -76.640670463999925, 2.412382778000051 ], [ -76.641658833999941, 2.412551471000086 ], [ -76.643266777999941, 2.413299641000037 ], [ -76.643190922999906, 2.41370250500006 ], [ -76.643336248999901, 2.414163569000038 ] ] ] } },
{ "type": "Feature", "properties": { "OBJECTID": 67, "Id": 0, "nombre": "La gaviota", "observac": "vectorizado a partir de plano escaneado", "año_reg": 2005, "acto_ad": "0044 (11 marzo de 2005)" }, "geometry": { "type": "Polygon", "coordinates": [ [ [ -75.134951539999918, 5.383434780000073 ], [ -75.134353191999935, 5.383625112000061 ], [ -75.133470287999899, 5.383375206000039 ], [ -75.133377103999919, 5.383854321000058 ], [ -75.133251400999939, 5.38398425400004 ], [ -75.133244615999899, 5.384106969000072 ], [ -75.132909172999916, 5.384317897000074 ], [ -75.132671388999938, 5.384363883000049 ], [ -75.132569736999926, 5.384241356000075 ], [ -75.132321555999908, 5.384343453000042 ], [ -75.132307322999907, 5.384203245000037 ], [ -75.131988277999938, 5.383779593000042 ], [ -75.131977519999907, 5.383625355000049 ], [ -75.131581104999952, 5.382959935000088 ], [ -75.131591267999909, 5.382767098000045 ], [ -75.131685929999946, 5.382893144000093 ], [ -75.132123096999919, 5.382846814000061 ], [ -75.131793607999953, 5.382451226000057 ], [ -75.132006958999909, 5.382436834000089 ], [ -75.132495480999921, 5.381741841000064 ], [ -75.132897769999943, 5.381755169000087 ], [ -75.133163372999945, 5.381614478000074 ], [ -75.133512691999897, 5.381336915000077 ], [ -75.133456501999945, 5.381207298000049 ], [ -75.133928489999903, 5.381069755000055 ], [ -75.133991084999934, 5.38085579300008 ], [ -75.134480338999936, 5.380588505000048 ], [ -75.1347568999999, 5.380717742000058 ], [ -75.13473638399995, 5.380991230000063 ], [ -75.134824028999901, 5.380992329000037 ], [ -75.135075337999922, 5.38067637100005 ], [ -75.135130570999934, 5.380757786000061 ], [ -75.135193488999903, 5.380731383000068 ], [ -75.135235304999924, 5.38063928300005 ], [ -75.135177570999929, 5.380628866000052 ], [ -75.13513772999994, 5.380344964000074 ], [ -75.135295096999926, 5.380321028000083 ], [ -75.135279183999899, 5.38022114000006 ], [ -75.135405449999951, 5.380418123000084 ], [ -75.135654840999905, 5.380512348000082 ], [ -75.135736458999929, 5.380680485000084 ], [ -75.135592453999948, 5.380846384000051 ], [ -75.135293483999931, 5.380907377000085 ], [ -75.135409146999905, 5.38104127400004 ], [ -75.135474674999898, 5.381006979000063 ], [ -75.13542732499991, 5.380933439000046 ], [ -75.135710667999945, 5.380938207000042 ], [ -75.135734745999912, 5.381208989000072 ], [ -75.135831913999937, 5.381266667000091 ], [ -75.135517800999935, 5.381674761000056 ], [ -75.135462399999938, 5.381496060000075 ], [ -75.1352237239999, 5.381530655000063 ], [ -75.135150447999933, 5.381635956000082 ], [ -75.135124588999929, 5.381854237000084 ], [ -75.135500804999936, 5.38246885600006 ], [ -75.135304679999933, 5.382837305000066 ], [ -75.135341706999952, 5.383010778000084 ], [ -75.13523975499993, 5.383221303000084 ], [ -75.134951539999918, 5.383434780000073 ] ] ] } },
{ "type": "Feature", "properties": { "OBJECTID": 68, "Id": 0, "nombre": "Reserva Aves el paujil", "observac": "vectorizado a partir de plano escaneado, en coordenadas UTM", "año_reg": 2005, "acto_ad": "0334 (12 diciembre de 2005)" }, "geometry": { "type": "Polygon", "coordinates": [ [ [ -74.260672695999915, 6.050749039000038 ], [ -74.259669326999926, 6.050706673000093 ], [ -74.258767956999918, 6.050951440000063 ], [ -74.258357976999946, 6.051258376000078 ], [ -74.256186488999901, 6.051849897000068 ], [ -74.256003082999939, 6.051193655000077 ], [ -74.255492365999942, 6.05029096700008 ], [ -74.255248593999909, 6.048855653000089 ], [ -74.252938380999922, 6.046085020000078 ], [ -74.252795739999897, 6.045572332000063 ], [ -74.252223373999925, 6.044833555000082 ], [ -74.251897164999946, 6.043787621000092 ], [ -74.25171323099994, 6.043520872000045 ], [ -74.2505065389999, 6.042432726000072 ], [ -74.250302804999933, 6.041673956000068 ], [ -74.249955107999938, 6.041365981000069 ], [ -74.248953566999944, 6.04001161900004 ], [ -74.248278710999898, 6.039354697000078 ], [ -74.247665656999914, 6.038431364000076 ], [ -74.247236080999926, 6.038102775000084 ], [ -74.246621981999908, 6.037937927000087 ], [ -74.244471785999906, 6.037975945000085 ], [ -74.243569837999928, 6.038651181000091 ], [ -74.243057841999928, 6.038691468000081 ], [ -74.241420067999911, 6.038381692000087 ], [ -74.240294404999929, 6.037949628000092 ], [ -74.239188506999938, 6.038030082000091 ], [ -74.238471078999908, 6.038541569000074 ], [ -74.237590115999922, 6.038847830000066 ], [ -74.236996296999905, 6.038826498000049 ], [ -74.236423099999911, 6.038702696000087 ], [ -74.235849643999927, 6.038763389000053 ], [ -74.235419155999921, 6.039090778000059 ], [ -74.2353358659999, 6.040074643000082 ], [ -74.23523307499994, 6.040361494000081 ], [ -74.234761314999901, 6.04091432000007 ], [ -74.234555732999922, 6.041488020000088 ], [ -74.233981062999931, 6.042409694000071 ], [ -74.233282832999919, 6.043823183000086 ], [ -74.23307776799993, 6.044027890000052 ], [ -74.23254505999995, 6.044232134000083 ], [ -74.232298604999926, 6.044744276000074 ], [ -74.23229744899993, 6.045564259000059 ], [ -74.230495118999897, 6.045766706000052 ], [ -74.229860714999916, 6.045478812000056 ], [ -74.229818541999919, 6.04633973600005 ], [ -74.229429435999918, 6.046359684000038 ], [ -74.228201903999945, 6.045558457000084 ], [ -74.228427942999929, 6.045005289000073 ], [ -74.228367177999928, 6.044533713000078 ], [ -74.227999625999928, 6.043795205000038 ], [ -74.227058642999907, 6.043096882000043 ], [ -74.225687312999924, 6.042623440000057 ], [ -74.226241546999915, 6.041681249000078 ], [ -74.225444232999905, 6.040757633000055 ], [ -74.225492933999931, 6.035304813000039 ], [ -74.22537097299994, 6.034669153000038 ], [ -74.224961717999918, 6.034463574000085 ], [ -74.224757410999928, 6.034135290000052 ], [ -74.224921986999902, 6.033602535000057 ], [ -74.225325195999915, 6.033258033000038 ], [ -74.225737182999922, 6.031536654000092 ], [ -74.223198441999898, 6.031232378000084 ], [ -74.223445994999906, 6.029948091000051 ], [ -74.222877575999917, 6.026476019000086 ], [ -74.222687467999947, 6.025765096000043 ], [ -74.2212415219999, 6.02499771500004 ], [ -74.220585636999942, 6.025434102000077 ], [ -74.219630515999938, 6.025104743000043 ], [ -74.218812728999922, 6.024201591000065 ], [ -74.218513964999943, 6.023107853000056 ], [ -74.218597200999909, 6.022178659000076 ], [ -74.220512848999931, 6.019038132000048 ], [ -74.221523887999922, 6.018438254000046 ], [ -74.222288466999942, 6.018357346000073 ], [ -74.223982134999915, 6.017703770000082 ], [ -74.225838878999923, 6.017569742000092 ], [ -74.226139588999899, 6.017296841000075 ], [ -74.227014996999912, 6.016068104000055 ], [ -74.227890053999943, 6.015085361000047 ], [ -74.229884452999897, 6.014131528000064 ], [ -74.230621224999936, 6.014405895000039 ], [ -74.233080326999925, 6.013042711000082 ], [ -74.233818284999927, 6.012469757000076 ], [ -74.234392543999945, 6.011814573000038 ], [ -74.234610615999941, 6.012060874000042 ], [ -74.234882413999912, 6.012935907000042 ], [ -74.235346204999928, 6.013182552000046 ], [ -74.235399472999916, 6.014139276000037 ], [ -74.235807477999913, 6.015233162000072 ], [ -74.236297428999933, 6.016299829000047 ], [ -74.236733615999924, 6.016765098000064 ], [ -74.236732395999923, 6.017639748000079 ], [ -74.237032682999939, 6.017667500000073 ], [ -74.238506131999941, 6.018298214000083 ], [ -74.239487912999948, 6.019092236000063 ], [ -74.239651119999905, 6.019529790000092 ], [ -74.24131542799995, 6.020352093000042 ], [ -74.243553094999925, 6.02117518700004 ], [ -74.249723313999937, 6.021293039000057 ], [ -74.251087467999923, 6.02200557000009 ], [ -74.252396758999907, 6.022909353000045 ], [ -74.253872183999931, 6.022118718000058 ], [ -74.255947479999918, 6.021902889000046 ], [ -74.256739664999941, 6.021603306000088 ], [ -74.257886559999918, 6.021468202000051 ], [ -74.258432092999954, 6.021851606000041 ], [ -74.25810412699991, 6.022097157000076 ], [ -74.258130539999911, 6.022753185000056 ], [ -74.259112694999942, 6.02330118000009 ], [ -74.261322071999928, 6.024889491000067 ], [ -74.261730653999905, 6.025600703000066 ], [ -74.262165099999947, 6.02737793700004 ], [ -74.262464508999926, 6.028061667000088 ], [ -74.262873204999948, 6.028690880000056 ], [ -74.263091370999916, 6.028882506000059 ], [ -74.263555853999947, 6.028637137000089 ], [ -74.263801911999906, 6.028391472000067 ], [ -74.263720923999927, 6.027708037000082 ], [ -74.263912228999914, 6.027571630000068 ], [ -74.264076046999946, 6.027571852000051 ], [ -74.264131204999899, 6.02716193100008 ], [ -74.264077187999931, 6.026724529000091 ], [ -74.264323134999927, 6.026560863000043 ], [ -74.264568345999919, 6.026943856000059 ], [ -74.264950402999943, 6.027081037000073 ], [ -74.265278295999906, 6.026890148000064 ], [ -74.265360865999924, 6.026398265000068 ], [ -74.266452577999928, 6.02670039800006 ], [ -74.267080068999917, 6.027056572000049 ], [ -74.267570605999936, 6.027740557000072 ], [ -74.268525330999921, 6.028397833000042 ], [ -74.2693714319999, 6.028617632000078 ], [ -74.270763193999926, 6.029138825000075 ], [ -74.27106290699993, 6.029603888000054 ], [ -74.271936386999926, 6.029769054000042 ], [ -74.272509897999953, 6.029660488000047 ], [ -74.274011604999941, 6.029635158000076 ], [ -74.274748643999942, 6.029745472000059 ], [ -74.275185275999945, 6.029910052000048 ], [ -74.275184296999953, 6.030648044000088 ], [ -74.274690841999927, 6.032150707000085 ], [ -74.274417155999913, 6.032642338000073 ], [ -74.273323277999907, 6.03395286600005 ], [ -74.272446983999941, 6.035892344000047 ], [ -74.272118758999909, 6.03632923400005 ], [ -74.272171936999939, 6.037399850000043 ], [ -74.271660373999907, 6.038820485000088 ], [ -74.271477083999912, 6.039767785000038 ], [ -74.271219130999953, 6.042099860000064 ], [ -74.27117975199991, 6.04432289600004 ], [ -74.270112918999928, 6.045802004000052 ], [ -74.269647322999901, 6.046867367000061 ], [ -74.268881783999916, 6.047631662000072 ], [ -74.268799578999904, 6.047850216000086 ], [ -74.268770181999912, 6.049408159000052 ], [ -74.268113155999913, 6.05069192600007 ], [ -74.267811522999921, 6.051648175000082 ], [ -74.267483026999912, 6.052276392000067 ], [ -74.267100067999934, 6.052795202000084 ], [ -74.267017455999905, 6.05331441800007 ], [ -74.266716518999942, 6.053751340000076 ], [ -74.265188255999931, 6.053175279000072 ], [ -74.265489561999914, 6.052465029000075 ], [ -74.265381304999948, 6.051754224000092 ], [ -74.265054983999903, 6.050769794000075 ], [ -74.264482003999944, 6.050468355000078 ], [ -74.263690148999899, 6.050494615000048 ], [ -74.262378180999917, 6.051504155000089 ], [ -74.261777081999924, 6.05180400100005 ], [ -74.261121930999934, 6.051693778000072 ], [ -74.260685881999905, 6.051091859000053 ], [ -74.260672695999915, 6.050749039000038 ] ] ] } },
{ "type": "Feature", "properties": { "OBJECTID": 69, "Id": 0, "nombre": "El Guayabo", "observac": "vectorizado a partir de plano escaneado", "año_reg": 2005, "acto_ad": "0062 (12 abril de 2005)" }, "geometry": { "type": "Polygon", "coordinates": [ [ [ -75.129240586999913, 5.367857204000074 ], [ -75.128833903999919, 5.368081559000075 ], [ -75.128779782999914, 5.367980883000087 ], [ -75.128659629999902, 5.367983547000051 ], [ -75.128671646999919, 5.367840976000082 ], [ -75.128563855999914, 5.36790260500004 ], [ -75.128497544999902, 5.367843733000086 ], [ -75.128554226999938, 5.368008306000092 ], [ -75.128242537999938, 5.367856459000052 ], [ -75.128085659999897, 5.367893594000066 ], [ -75.128041410999913, 5.367829769000082 ], [ -75.127997371999925, 5.367888830000084 ], [ -75.127405867999926, 5.367582624000079 ], [ -75.127300544999912, 5.367654080000079 ], [ -75.127140535999899, 5.367293062000044 ], [ -75.126931860999946, 5.36715332700004 ], [ -75.126786803999948, 5.366932377000069 ], [ -75.126768645999903, 5.366349918000083 ], [ -75.126932665999902, 5.366187425000078 ], [ -75.1268879779999, 5.365865535000069 ], [ -75.127002463999929, 5.36541556800006 ], [ -75.12697980799993, 5.365071520000072 ], [ -75.126800404999926, 5.364840797000056 ], [ -75.127497513999913, 5.363804885000093 ], [ -75.127147427999944, 5.362704407000081 ], [ -75.127559196999925, 5.362588187000085 ], [ -75.128292594999948, 5.363181300000065 ], [ -75.128391067999928, 5.363407245000076 ], [ -75.128472705999911, 5.363348119000079 ], [ -75.128561168999909, 5.363456109000083 ], [ -75.128666270999929, 5.363734475000058 ], [ -75.128643775999933, 5.363963905000048 ], [ -75.128928972999915, 5.364399259000038 ], [ -75.128834395999945, 5.364540333000093 ], [ -75.129161985999929, 5.364910074000079 ], [ -75.129267121999931, 5.365208102000054 ], [ -75.129483199999925, 5.365374859000042 ], [ -75.129618036999943, 5.365833409000061 ], [ -75.129824613999915, 5.366180418000056 ], [ -75.129887077999911, 5.366380209000056 ], [ -75.129306345999908, 5.36711525700008 ], [ -75.129362482999909, 5.367439585000056 ], [ -75.129225361999943, 5.36755779300006 ], [ -75.129240586999913, 5.367857204000074 ] ] ] } },
{ "type": "Feature", "properties": { "OBJECTID": 70, "Id": 0, "nombre": "El garcero", "observac": "vectorizado a partir de plano escaneado", "año_reg": 2005, "acto_ad": "0050 (28 marzo de 2005)" }, "geometry": { "type": "Polygon", "coordinates": [ [ [ -74.107324346999917, 9.001179223000065 ], [ -74.11728009199993, 9.013087845000086 ], [ -74.115737599999932, 9.014681515000063 ], [ -74.113930026999924, 9.017125877000069 ], [ -74.112062083999945, 9.018575784000063 ], [ -74.105000023999935, 9.025621348000072 ], [ -74.104585680999946, 9.024945552000077 ], [ -74.104538204999926, 9.024649017000058 ], [ -74.104043279999928, 9.024204241000064 ], [ -74.103914456999917, 9.023981845000037 ], [ -74.103568686999949, 9.023665110000081 ], [ -74.103480537999928, 9.023395535000077 ], [ -74.103107653999928, 9.023105759000089 ], [ -74.102951711999935, 9.02284966700006 ], [ -74.101622903999953, 9.02198708700007 ], [ -74.100978849999933, 9.021724282000037 ], [ -74.100300889999914, 9.021292990000063 ], [ -74.099466984999935, 9.020410157000072 ], [ -74.099073758999907, 9.019924932000038 ], [ -74.09819234999992, 9.017909860000088 ], [ -74.097656754999946, 9.017229195000084 ], [ -74.096687285999906, 9.016508110000075 ], [ -74.096124593999946, 9.016177897000091 ], [ -74.095744951999905, 9.016103778000058 ], [ -74.09630031599994, 9.003446947000043 ], [ -74.098923809999917, 9.003696191000074 ], [ -74.101445651999938, 9.004491322000092 ], [ -74.104950509999924, 9.00589966800004 ], [ -74.105770652999922, 9.004086684000072 ], [ -74.107324346999917, 9.001179223000065 ] ] ] } },
{ "type": "Feature", "properties": { "OBJECTID": 71, "Id": 0, "nombre": "Ecosistemas Andinos", "observac": "vectorizado a partir de plano escaneado", "año_reg": 2005, "acto_ad": "0037 (4 marzo de 2005)" }, "geometry": { "type": "Polygon", "coordinates": [ [ [ -74.47113566999991, 5.034647020000079 ], [ -74.470995216999938, 5.035206600000038 ], [ -74.46951409299993, 5.034773485000073 ], [ -74.468768268999952, 5.034475880000059 ], [ -74.468684510999935, 5.033921663000058 ], [ -74.47113566999991, 5.034647020000079 ] ] ] } },
{ "type": "Feature", "properties": { "OBJECTID": 41, "Id": 0, "nombre": "Dinaboy", "observac": "vectorizado a partir de plano escaneado otro acto 194 (29 Julio de 2002)", "año_reg": 2001, "acto_ad": "0308 (30 Noviembre 2001)\n" }, "geometry": { "type": "Polygon", "coordinates": [ [ [ -76.716266472999905, 3.746651394000082 ], [ -76.716151303999936, 3.748709557000041 ], [ -76.715649539999902, 3.748811425000042 ], [ -76.715007550999928, 3.750125405000063 ], [ -76.713585234999925, 3.749429403000079 ], [ -76.712415777999922, 3.751547020000089 ], [ -76.71246631799994, 3.752185026000063 ], [ -76.711329423999928, 3.754044270000065 ], [ -76.710708447999934, 3.754032665000068 ], [ -76.710019386999932, 3.754826308000077 ], [ -76.709048343999939, 3.754950655000073 ], [ -76.708833760999937, 3.755098009000051 ], [ -76.708539959999939, 3.755676322000056 ], [ -76.70659842799995, 3.754620688000045 ], [ -76.706395391999934, 3.754166923000071 ], [ -76.705379763999929, 3.752941555000064 ], [ -76.704375230999915, 3.75218121100005 ], [ -76.703686838999943, 3.751409661000082 ], [ -76.702535492999914, 3.750739987000088 ], [ -76.701056723999898, 3.750070169000082 ], [ -76.701497610999922, 3.748777379000046 ], [ -76.70076440999992, 3.747200530000043 ], [ -76.700629179999908, 3.746610690000068 ], [ -76.700640680999925, 3.746122992000039 ], [ -76.701148961999934, 3.745635509000067 ], [ -76.701126532999922, 3.745283899000071 ], [ -76.700889765999932, 3.744512544000088 ], [ -76.701093071999935, 3.744331162000037 ], [ -76.701431735999904, 3.744444728000076 ], [ -76.701544684999931, 3.744342700000061 ], [ -76.701612548999947, 3.744059181000068 ], [ -76.701635359999898, 3.74352611900008 ], [ -76.701455166999949, 3.742471240000043 ], [ -76.701534248999906, 3.74235785500008 ], [ -76.70238086899991, 3.742732507000085 ], [ -76.703272743999946, 3.742891680000071 ], [ -76.704514520999908, 3.743289185000037 ], [ -76.704650320999917, 3.742552017000094 ], [ -76.705656080999916, 3.740408821000074 ], [ -76.70658235499991, 3.739320391000092 ], [ -76.707395564999899, 3.738606196000092 ], [ -76.70818608299993, 3.738152855000067 ], [ -76.709224896999899, 3.737915117000057 ], [ -76.710500574999912, 3.738233233000074 ], [ -76.7127018139999, 3.739152862000083 ], [ -76.713774145999935, 3.739765779000038 ], [ -76.715004445999909, 3.740616942000088 ], [ -76.71613309199995, 3.741570139000089 ], [ -76.716889039999899, 3.742806728000062 ], [ -76.717058166999948, 3.74336255500009 ], [ -76.717102995999937, 3.744167853000079 ], [ -76.717023685999948, 3.74483699600006 ], [ -76.716809138999906, 3.744904958000063 ], [ -76.716628373999924, 3.745188432000077 ], [ -76.716266472999905, 3.746651394000082 ] ] ] } },
{ "type": "Feature", "properties": { "OBJECTID": 42, "Id": 0, "nombre": "Buenos Aires", "observac": "vectorizado a partir de plano escaneado", "año_reg": 2001, "acto_ad": "0061 (2 Abril de 2001)" }, "geometry": { "type": "Polygon", "coordinates": [ [ [ -76.175967901999911, 3.666310448000047 ], [ -76.174702889999935, 3.666107981000039 ], [ -76.172418287999903, 3.666041642000039 ], [ -76.170716435999907, 3.665774712000086 ], [ -76.16931526399992, 3.665206315000091 ], [ -76.168696469999929, 3.665050224000083 ], [ -76.167649638999933, 3.665122309000083 ], [ -76.166557138999906, 3.665349803000083 ], [ -76.164909141999942, 3.66583277400008 ], [ -76.160392958999921, 3.667272964000063 ], [ -76.158999688999927, 3.667884209000078 ], [ -76.156376730999909, 3.669353766000086 ], [ -76.155903328999898, 3.66943557500008 ], [ -76.155275518999929, 3.669197164000082 ], [ -76.154948196999953, 3.668849330000057 ], [ -76.156287147999933, 3.667954554000062 ], [ -76.159639720999905, 3.665077488000065 ], [ -76.161900113999934, 3.662098688000071 ], [ -76.1655174469999, 3.658398849000093 ], [ -76.166245137999908, 3.658875113000079 ], [ -76.166927465999947, 3.65920501700009 ], [ -76.168392656999913, 3.659462565000069 ], [ -76.170185545999914, 3.659702155000048 ], [ -76.173634998999944, 3.659980006000069 ], [ -76.175109342999917, 3.660191829000041 ], [ -76.17645645999994, 3.660202340000069 ], [ -76.177193591999924, 3.660349400000086 ], [ -76.177721024999926, 3.66084374400009 ], [ -76.178066312999931, 3.661438494000038 ], [ -76.178119972999923, 3.662389588000053 ], [ -76.17764597799993, 3.663065810000091 ], [ -76.17672568799992, 3.664025063000054 ], [ -76.176260176999904, 3.665313981000054 ], [ -76.176113657999906, 3.666191716000071 ], [ -76.175967901999911, 3.666310448000047 ] ] ] } },
{ "type": "Feature", "properties": { "OBJECTID": 43, "Id": 0, "nombre": "San Cayetano", "observac": "vectorizado a partir de plano escaneado", "año_reg": 2004, "acto_ad": "0155 (31 agosto de 2004)" }, "geometry": { "type": "Polygon", "coordinates": [ [ [ -74.31506965199992, 4.635907069000041 ], [ -74.312646354999913, 4.637495164000086 ], [ -74.30801110099992, 4.630883832000052 ], [ -74.309512229999939, 4.629828738000072 ], [ -74.31506965199992, 4.635907069000041 ] ] ] } },
{ "type": "Feature", "properties": { "OBJECTID": 44, "Id": 0, "nombre": "Rancho Luna", "observac": "vectorizado a partir de plano escaneado", "año_reg": 2004, "acto_ad": "0192 (16 noviembre de 2004)" }, "geometry": { "type": "Polygon", "coordinates": [ [ [ -73.897080310999911, 11.253817045000062 ], [ -73.897465075999946, 11.254025879000039 ], [ -73.897359157999915, 11.254435557000079 ], [ -73.897064521999937, 11.254912168000089 ], [ -73.897034044999941, 11.25536659100004 ], [ -73.896814976999906, 11.255686801000081 ], [ -73.897108952999929, 11.256253174000051 ], [ -73.896942742999897, 11.256528716000048 ], [ -73.897025622999934, 11.256744814000058 ], [ -73.895922887999916, 11.258092558000044 ], [ -73.894489122999914, 11.257801117000042 ], [ -73.894466634999901, 11.257562707000091 ], [ -73.894776410999953, 11.25702651000006 ], [ -73.897080310999911, 11.253817045000062 ] ] ] } },
{ "type": "Feature", "properties": { "OBJECTID": 45, "Id": 0, "nombre": "Los Andes", "observac": "vectorizado a partir de plano escaneado", "año_reg": 2004, "acto_ad": "0179 (28 octubre de 2004)" }, "geometry": { "type": "Polygon", "coordinates": [ [ [ -74.087994408999919, 4.457936182000083 ], [ -74.08664462999991, 4.45760858500006 ], [ -74.085585979999905, 4.457109800000069 ], [ -74.084077402999924, 4.456053195000038 ], [ -74.082798204999904, 4.455530796000062 ], [ -74.081483719999937, 4.454612903000054 ], [ -74.080907347999926, 4.45415838200006 ], [ -74.080204526999921, 4.453411670000094 ], [ -74.079245870999898, 4.452145503000054 ], [ -74.078469537999922, 4.45134861400004 ], [ -74.078283296999928, 4.451055602000054 ], [ -74.078183969999941, 4.450509915000055 ], [ -74.077520036999942, 4.450011448000055 ], [ -74.078889732999926, 4.448668223000084 ], [ -74.079673908999951, 4.447529627000051 ], [ -74.080123502999925, 4.446516958000075 ], [ -74.08092335799995, 4.445241940000074 ], [ -74.081200431999946, 4.444969096000079 ], [ -74.081472276999932, 4.444911379000075 ], [ -74.081336353999916, 4.44456507700005 ], [ -74.0813468099999, 4.444229270000051 ], [ -74.081712753999909, 4.442781100000047 ], [ -74.08188526999993, 4.442287882000073 ], [ -74.082251213999939, 4.441632007000067 ], [ -74.082423727999924, 4.440719030000082 ], [ -74.083547691999911, 4.438819615000057 ], [ -74.084127972999909, 4.438614980000068 ], [ -74.084723932999907, 4.437817435000056 ], [ -74.085048051999934, 4.437555083000063 ], [ -74.085372170999904, 4.437429153000039 ], [ -74.085727657999939, 4.43741341000009 ], [ -74.086219067999934, 4.437639028000092 ], [ -74.0864856849999, 4.437854152000057 ], [ -74.086788897999952, 4.438279156000078 ], [ -74.087322129999905, 4.438378845000045 ], [ -74.08762534199991, 4.438646439000081 ], [ -74.087714214999949, 4.43879335400004 ], [ -74.087651490999917, 4.439779789000056 ], [ -74.087803103999931, 4.440635048000047 ], [ -74.087923338999929, 4.440288745000089 ], [ -74.088231772999904, 4.439842748000046 ], [ -74.088597713999945, 4.439617123000062 ], [ -74.088984569999923, 4.439690577000079 ], [ -74.089125716999945, 4.439506931000039 ], [ -74.089214588999937, 4.43950693000005 ], [ -74.089512573999912, 4.439716806000092 ], [ -74.09073064699993, 4.439994881000075 ], [ -74.091065235999906, 4.440918348000082 ], [ -74.091107072999932, 4.441978240000083 ], [ -74.09129005199992, 4.442460960000062 ], [ -74.091561902999899, 4.442880716000047 ], [ -74.091488718999926, 4.443242759000043 ], [ -74.091556682999908, 4.443447391000063 ], [ -74.091316214999949, 4.44419246800004 ], [ -74.091394641999898, 4.444879822000075 ], [ -74.091232583999897, 4.445131680000088 ], [ -74.091201220999949, 4.445399277000092 ], [ -74.0912430489999, 4.445824283000093 ], [ -74.091546272999949, 4.446611328000074 ], [ -74.091546277999953, 4.44697861700007 ], [ -74.091133298999921, 4.448327100000085 ], [ -74.091107162999947, 4.448547474000065 ], [ -74.091248323999935, 4.449208593000037 ], [ -74.09108627899991, 4.450515096000061 ], [ -74.09058964299993, 4.451207706000048 ], [ -74.090573969999923, 4.452000002000091 ], [ -74.090291695999952, 4.45432442300006 ], [ -74.090004172999897, 4.455158698000048 ], [ -74.089815972999929, 4.455410556000061 ], [ -74.089554579999913, 4.455520746000047 ], [ -74.089267055999926, 4.456297304000088 ], [ -74.088754733999906, 4.457309979000058 ], [ -74.088430609999932, 4.457745482000064 ], [ -74.087994408999919, 4.457936182000083 ] ] ] } },
{ "type": "Feature", "properties": { "OBJECTID": 46, "Id": 0, "nombre": "Las Guacamayas", "observac": "vectorizado a partir de plano escaneado", "año_reg": 2004, "acto_ad": "0036 (1 marzo de 2004)" }, "geometry": { "type": "Polygon", "coordinates": [ [ [ -74.836889752999923, 3.779009006000081 ], [ -74.838044239999931, 3.778967657000067 ], [ -74.838626573999932, 3.77902765500005 ], [ -74.83916837299995, 3.778654045000053 ], [ -74.839630040999907, 3.778492285000084 ], [ -74.840503478999949, 3.778511688000037 ], [ -74.841136350999932, 3.778964944000052 ], [ -74.841207038999926, 3.779438863000053 ], [ -74.841157202999909, 3.779852380000079 ], [ -74.840846317999933, 3.780235873000038 ], [ -74.840234277999912, 3.78064988400007 ], [ -74.839621843999907, 3.780610083000056 ], [ -74.83922032299995, 3.780670944000065 ], [ -74.839090029999909, 3.780923176000044 ], [ -74.838798950999944, 3.780994025000041 ], [ -74.838296965999916, 3.780974295000078 ], [ -74.838206322999952, 3.780641579000076 ], [ -74.837945316999935, 3.780661977000079 ], [ -74.837744731999919, 3.780894101000058 ], [ -74.837333879999903, 3.781771832000061 ], [ -74.837022693999927, 3.781812443000092 ], [ -74.836761784999908, 3.78194377300008 ], [ -74.83727241899993, 3.780360024000061 ], [ -74.837010416999931, 3.77923076400009 ], [ -74.836889752999923, 3.779009006000081 ] ] ] } },
{ "type": "Feature", "properties": { "OBJECTID": 47, "Id": 0, "nombre": "La reserva", "observac": "vectorizado a partir de plano escaneado, plano contiene otras dos reservas", "año_reg": 2004, "acto_ad": "0144 (11 agosto 2004)" }, "geometry": { "type": "Polygon", "coordinates": [ [ [ -73.816284080999935, 4.562769504000073 ], [ -73.816790401999924, 4.563072100000056 ], [ -73.817005542999937, 4.563411639000037 ], [ -73.817374191999932, 4.564445585000044 ], [ -73.817650770999933, 4.564970307000067 ], [ -73.8180961569999, 4.566405461000045 ], [ -73.819049305999897, 4.56688414000007 ], [ -73.820079258999897, 4.567578866000076 ], [ -73.821063240999933, 4.567841533000092 ], [ -73.822154656999942, 4.568659719000038 ], [ -73.823184847999926, 4.568706380000037 ], [ -73.825583701999903, 4.568244339000046 ], [ -73.827459437999948, 4.568707905000053 ], [ -73.827889971999923, 4.568708058000084 ], [ -73.828566542999909, 4.568662006000068 ], [ -73.830304189999936, 4.568276866000076 ], [ -73.830934721999938, 4.567968486000041 ], [ -73.831796248999922, 4.566641804000085 ], [ -73.831950185999915, 4.56613266700009 ], [ -73.832319415999905, 4.565546454000071 ], [ -73.833272981999926, 4.564837003000093 ], [ -73.833519158999934, 4.564374187000055 ], [ -73.833919107999918, 4.56388056500009 ], [ -73.835580153999899, 4.562631303000046 ], [ -73.836364513999911, 4.562106950000043 ], [ -73.836562372999936, 4.562076472000058 ], [ -73.836598278999929, 4.562308722000068 ], [ -73.836451404999934, 4.563174899000046 ], [ -73.834528735999925, 4.565593139000043 ], [ -73.834414605999939, 4.565952666000044 ], [ -73.834479501999908, 4.566688164000084 ], [ -73.834185929999933, 4.567881168000042 ], [ -73.833680458999936, 4.569564416000048 ], [ -73.833240323999917, 4.570691993000082 ], [ -73.834143300999926, 4.577162424000051 ], [ -73.833513892999918, 4.577470611000081 ], [ -73.833162552999909, 4.577764208000076 ], [ -73.83168384499993, 4.579437892000044 ], [ -73.830864030999919, 4.580171902000075 ], [ -73.830175925999924, 4.580920644000059 ], [ -73.829019503999916, 4.581654534000052 ], [ -73.825608915999908, 4.583430322000083 ], [ -73.82503805999994, 4.583679778000089 ], [ -73.824130607999905, 4.583899741000039 ], [ -73.823633284999914, 4.583150580000051 ], [ -73.823311560999912, 4.582460225000091 ], [ -73.822521675999951, 4.581329123000046 ], [ -73.821760988999927, 4.580403634000049 ], [ -73.819581011999901, 4.578655214000094 ], [ -73.819083600999932, 4.578170397000065 ], [ -73.818791051999938, 4.577759083000046 ], [ -73.818718, 4.577421280000067 ], [ -73.818762059999926, 4.576995405000048 ], [ -73.820050324999897, 4.575909117000037 ], [ -73.820006606999925, 4.575395093000054 ], [ -73.820240977999902, 4.574807742000075 ], [ -73.820285455999908, 4.573221677000049 ], [ -73.819802952999908, 4.571987883000077 ], [ -73.819539691999921, 4.571532523000087 ], [ -73.818427762999931, 4.570665646000066 ], [ -73.817988911999919, 4.570136792000085 ], [ -73.816277533999937, 4.567712983000092 ], [ -73.815531670999917, 4.566332230000057 ], [ -73.815122094999936, 4.565803385000038 ], [ -73.813893248999932, 4.564539938000053 ], [ -73.813615239999933, 4.564407661000075 ], [ -73.814244702999929, 4.563937946000067 ], [ -73.816284080999935, 4.562769504000073 ] ] ] } },
{ "type": "Feature", "properties": { "OBJECTID": 48, "Id": 0, "nombre": "la Gruta", "observac": "se vectorizo a partir de plano escaneado, plano contiene a otras 2 reservas", "año_reg": 2004, "acto_ad": "0143 (11 agosto de 2004)" }, "geometry": { "type": "Polygon", "coordinates": [ [ [ -73.816284080999935, 4.562769504000073 ], [ -73.825469468999927, 4.563956718000043 ], [ -73.826786597999899, 4.563927815000056 ], [ -73.827635556999951, 4.563502223000057 ], [ -73.83062240299995, 4.559523379000041 ], [ -73.831046901999912, 4.559244494000041 ], [ -73.831559161999905, 4.559097813000051 ], [ -73.831866568999942, 4.558862944000055 ], [ -73.832415691999927, 4.558647535000091 ], [ -73.835582892999923, 4.561375522000048 ], [ -73.836289001999944, 4.561801955000078 ], [ -73.836562372999936, 4.562076472000058 ], [ -73.836364513999911, 4.562106950000043 ], [ -73.835580153999899, 4.562631303000046 ], [ -73.833919107999918, 4.56388056500009 ], [ -73.833519158999934, 4.564374187000055 ], [ -73.833272981999926, 4.564837003000093 ], [ -73.832319415999905, 4.565546454000071 ], [ -73.831950185999915, 4.56613266700009 ], [ -73.831796248999922, 4.566641804000085 ], [ -73.830934721999938, 4.567968486000041 ], [ -73.830304189999936, 4.568276866000076 ], [ -73.828566542999909, 4.568662006000068 ], [ -73.827889971999923, 4.568708058000084 ], [ -73.827459437999948, 4.568707905000053 ], [ -73.825583701999903, 4.568244339000046 ], [ -73.823184847999926, 4.568706380000037 ], [ -73.822154656999942, 4.568659719000038 ], [ -73.821063240999933, 4.567841533000092 ], [ -73.820079258999897, 4.567578866000076 ], [ -73.819049305999897, 4.56688414000007 ], [ -73.8180961569999, 4.566405461000045 ], [ -73.817650770999933, 4.564970307000067 ], [ -73.817374191999932, 4.564445585000044 ], [ -73.817005542999937, 4.563411639000037 ], [ -73.816790401999924, 4.563072100000056 ], [ -73.816284080999935, 4.562769504000073 ] ] ] } },
{ "type": "Feature", "properties": { "OBJECTID": 49, "Id": 0, "nombre": "Inti Rai", "observac": "vectorizado a partir de plano escaneado", "año_reg": 2004, "acto_ad": "0141 (11 agosto de 2004)" }, "geometry": { "type": "Polygon", "coordinates": [ [ [ -76.30360150599995, 2.467885386000091 ], [ -76.303046490999918, 2.468848303000073 ], [ -76.301365266999937, 2.470655506000071 ], [ -76.29799313299992, 2.462102619000063 ], [ -76.299976132999916, 2.461394032000044 ], [ -76.301368548999903, 2.465028139000083 ], [ -76.301217215999941, 2.465230838000082 ], [ -76.301237003999915, 2.465512191000073 ], [ -76.301399940999943, 2.465669131000084 ], [ -76.301747245999934, 2.465697853000052 ], [ -76.301853742999924, 2.465398486000083 ], [ -76.302016758999912, 2.465419970000085 ], [ -76.302243306999912, 2.465890635000051 ], [ -76.302625957999908, 2.466083351000066 ], [ -76.302647060999902, 2.466361405000043 ], [ -76.302901878999933, 2.466974672000049 ], [ -76.302979151999921, 2.468172435000042 ], [ -76.303291036999951, 2.468165489000057 ], [ -76.30360150599995, 2.467885386000091 ] ] ] } },
{ "type": "Feature", "properties": { "OBJECTID": 50, "Id": 0, "nombre": "Rogitama", "observac": "vectorizado a partir de plano escaneado pero con coordenadas muy borrosas", "año_reg": 2003, "acto_ad": "0204 (22 agosto de 2003)" }, "geometry": { "type": "Polygon", "coordinates": [ [ [ -73.458620330999906, 5.800792591000061 ], [ -73.455062466999948, 5.796624859000076 ], [ -73.45434746199993, 5.797120250000091 ], [ -73.453231845999937, 5.796758630000056 ], [ -73.452977072999943, 5.796068916000081 ], [ -73.453066905999947, 5.795003530000088 ], [ -73.455172966999953, 5.795731854000053 ], [ -73.456724137999913, 5.793628709000075 ], [ -73.458110683999905, 5.794215208000082 ], [ -73.458984556999951, 5.796268796000049 ], [ -73.458968035999931, 5.797067893000076 ], [ -73.462423762999947, 5.793969232000052 ], [ -73.462746915999901, 5.79413149700008 ], [ -73.462412917999927, 5.794350497000039 ], [ -73.462339707999945, 5.794533221000052 ], [ -73.462375871999939, 5.79484663900007 ], [ -73.46217749099992, 5.795039673000076 ], [ -73.462219080999944, 5.795159847000093 ], [ -73.462432724999928, 5.795316769000067 ], [ -73.458935744999906, 5.797981878000087 ], [ -73.458620330999906, 5.800792591000061 ] ] ] } },
{ "type": "Feature", "properties": { "OBJECTID": 52, "Id": 0, "nombre": "Pueblo Viejo", "observac": "vectorizado a paritr de plano de referencia, el completo estan mal las coordenadas", "año_reg": 2003, "acto_ad": "0207 (22 agosto de 2003)" }, "geometry": { "type": "Polygon", "coordinates": [ [ [ -77.796917287999918, 1.046525812000084 ], [ -77.796986878999917, 1.048017508000044 ], [ -77.794023355999911, 1.049928141000066 ], [ -77.789217786999927, 1.052048316000082 ], [ -77.788691805999918, 1.053512269000066 ], [ -77.787348524999913, 1.05439087700006 ], [ -77.780672040999946, 1.051590199000088 ], [ -77.780201132999935, 1.051604247000057 ], [ -77.779882354999927, 1.050614488000065 ], [ -77.776198461999911, 1.051939741000069 ], [ -77.768563354999912, 1.035574333000056 ], [ -77.767884581999908, 1.035072594000042 ], [ -77.76803685099992, 1.034682204000092 ], [ -77.768507651999926, 1.03418021300007 ], [ -77.768617817999939, 1.031224628000075 ], [ -77.779654529999902, 1.022313716000042 ], [ -77.786264460999917, 1.037689481000086 ], [ -77.787442171999942, 1.039668876000064 ], [ -77.788328842999931, 1.040811859000087 ], [ -77.788440087999902, 1.042791494000085 ], [ -77.796917287999918, 1.046525812000084 ] ] ] } },
{ "type": "Feature", "properties": { "OBJECTID": 53, "Id": 0, "nombre": "El tauro", "observac": "vectorizado a partir de plano escaneado", "año_reg": 2003, "acto_ad": "0206 (22 agosto de 2003)" }, "geometry": { "type": "Polygon", "coordinates": [ [ [ -74.040932710999925, 4.667234053000072 ], [ -74.040113809999923, 4.668504991000077 ], [ -74.039630928999941, 4.668195994000087 ], [ -74.039322985999945, 4.668322372000091 ], [ -74.037495521999915, 4.665265794000049 ], [ -74.036792930999923, 4.664277575000085 ], [ -74.036648967999952, 4.663901943000042 ], [ -74.036407065999924, 4.663988610000047 ], [ -74.035946396999918, 4.662636341000052 ], [ -74.035243762999926, 4.66237624900009 ], [ -74.034662064999907, 4.662312645000043 ], [ -74.033550520999938, 4.66193116900007 ], [ -74.032306528999925, 4.661295416000087 ], [ -74.031978267999932, 4.660913992000076 ], [ -74.031534870999906, 4.659798653000053 ], [ -74.031264208999914, 4.659365223000066 ], [ -74.029478901999937, 4.657874164000077 ], [ -74.028632347999917, 4.656839696000077 ], [ -74.029248743999915, 4.654892284000084 ], [ -74.030112775999953, 4.653129812000088 ], [ -74.030348922999906, 4.652933350000069 ], [ -74.030867319999913, 4.652153249000094 ], [ -74.031598802999952, 4.651488738000069 ], [ -74.03197892299994, 4.651442534000068 ], [ -74.032814022999901, 4.651506158000075 ], [ -74.033165331999953, 4.651667989000089 ], [ -74.033833407999907, 4.651783610000052 ], [ -74.035014049999916, 4.652136195000082 ], [ -74.035612990999937, 4.652627432000088 ], [ -74.036027606999937, 4.653523173000053 ], [ -74.036701380999943, 4.654655862000084 ], [ -74.037426993999929, 4.655753880000077 ], [ -74.037910750999913, 4.656256665000058 ], [ -74.038043194999943, 4.656620738000072 ], [ -74.037916436999922, 4.657464436000055 ], [ -74.037570800999902, 4.658654848000083 ], [ -74.037415204999945, 4.660157327000093 ], [ -74.037472746999924, 4.660995257000081 ], [ -74.03788159699991, 4.662127928000075 ], [ -74.038532347999933, 4.66319704600005 ], [ -74.038906628999939, 4.664578202000087 ], [ -74.038987221999946, 4.665248548000079 ], [ -74.039902915999903, 4.666265671000076 ], [ -74.040932710999925, 4.667234053000072 ] ] ] } },
{ "type": "Feature", "properties": { "OBJECTID": 54, "Id": 0, "nombre": "Techotiva", "observac": "vectorizado plano escaneado, se asumio que la escala era 1:10000", "año_reg": 2002, "acto_ad": "0056 (22 marzo de 2002)" }, "geometry": { "type": "Polygon", "coordinates": [ [ [ -74.345565801999953, 4.398029057000088 ], [ -74.34524747599994, 4.398591869000086 ], [ -74.344916213999909, 4.398604775000081 ], [ -74.344648540999913, 4.398289418000047 ], [ -74.3443851749999, 4.398140311000077 ], [ -74.344007200999897, 4.398166022000055 ], [ -74.343960305999929, 4.397658757000045 ], [ -74.343603424999912, 4.397279488000038 ], [ -74.342970517999902, 4.396981311000047 ], [ -74.342222970999899, 4.396764167000072 ], [ -74.342256907999911, 4.396653321000088 ], [ -74.342647510999939, 4.396307891000049 ], [ -74.342931887999953, 4.395817561000058 ], [ -74.344550186999925, 4.396375426000077 ], [ -74.344490934999953, 4.396959459000072 ], [ -74.345174817999919, 4.397291720000055 ], [ -74.345085813999901, 4.397811822000051 ], [ -74.345565801999953, 4.398029057000088 ] ] ] } },
{ "type": "Feature", "properties": { "OBJECTID": 72, "Id": 0, "nombre": "Bosques de Chipaque", "observac": "vectorizado a partir de plano escaneado", "año_reg": 2005, "acto_ad": "0083 (13 mayo de 2005)" }, "geometry": { "type": "Polygon", "coordinates": [ [ [ -74.09361412699991, 4.432384268000078 ], [ -74.093273736999947, 4.432503453000038 ], [ -74.092529623999951, 4.432376341000065 ], [ -74.09184883699993, 4.432090321000089 ], [ -74.090946402999919, 4.431915538000055 ], [ -74.090724750999925, 4.431788416000074 ], [ -74.090281443999913, 4.431240198000069 ], [ -74.089640238999948, 4.430946231000064 ], [ -74.089537331999907, 4.431049521000091 ], [ -74.089695655999947, 4.431311713000071 ], [ -74.08972732299992, 4.431558016000054 ], [ -74.089371116999928, 4.433004060000087 ], [ -74.089458196999942, 4.433329815000093 ], [ -74.089996501999906, 4.434243516000038 ], [ -74.089529451999908, 4.434179959000062 ], [ -74.088492437999946, 4.433663528000068 ], [ -74.0877958129999, 4.432686266000076 ], [ -74.087455419999912, 4.432559144000038 ], [ -74.086687559999916, 4.432487643000059 ], [ -74.085626806999926, 4.432638611000073 ], [ -74.085080596999944, 4.432543271000043 ], [ -74.087708627999916, 4.420863696000083 ], [ -74.09793878399995, 4.425406905000045 ], [ -74.097769925999899, 4.426180249000083 ], [ -74.097463857999912, 4.426943003000076 ], [ -74.097073343999909, 4.427387947000057 ], [ -74.096746151999923, 4.427578640000092 ], [ -74.096482293999941, 4.42803417500005 ], [ -74.096165651999911, 4.427970619000064 ], [ -74.09590178499991, 4.428023593000091 ], [ -74.094899095999949, 4.428479142000072 ], [ -74.094434687999922, 4.428426182000067 ], [ -74.093664252999929, 4.431879742000092 ], [ -74.09361412699991, 4.432384268000078 ] ] ] } },
{ "type": "Feature", "properties": { "OBJECTID": 73, "Id": 0, "nombre": "de las Aves Colibri el Sol", "observac": "vectorizado a partir de plano escaneado", "año_reg": 2006, "acto_ad": "0166 (12 diciembre de 2006)" }, "geometry": { "type": "MultiPolygon", "coordinates": [ [ [ [ -76.085904334999952, 6.444321332000072 ], [ -76.085610113999905, 6.443345003000047 ], [ -76.08562885799995, 6.442665496000075 ], [ -76.085282721999931, 6.441514823000091 ], [ -76.085214846999918, 6.440591208000058 ], [ -76.084955024999942, 6.439841461000071 ], [ -76.08497370099991, 6.439196802000083 ], [ -76.085307069999942, 6.437960334000081 ], [ -76.085744439999928, 6.436985431000039 ], [ -76.084440173999951, 6.43588516300008 ], [ -76.082753995999951, 6.434122028000047 ], [ -76.081814682999948, 6.433458072000064 ], [ -76.081397487999936, 6.433021652000093 ], [ -76.08014709999992, 6.431102545000044 ], [ -76.078877526999918, 6.430089455000086 ], [ -76.078599581999924, 6.429705578000039 ], [ -76.078864339999939, 6.427928832000077 ], [ -76.079057204999913, 6.427284515000053 ], [ -76.079075339999918, 6.426918643000079 ], [ -76.078936981999902, 6.42641307100007 ], [ -76.078520681999919, 6.425523622000071 ], [ -76.078260088999912, 6.425174628000093 ], [ -76.077842834999899, 6.42477305400007 ], [ -76.076920552999923, 6.424318217000064 ], [ -76.076503095999897, 6.424021187000051 ], [ -76.076451148999922, 6.423864267000056 ], [ -76.077062563999903, 6.42295941000009 ], [ -76.077483059999906, 6.421705695000071 ], [ -76.077641461999917, 6.420869645000039 ], [ -76.077469976999907, 6.419492799000068 ], [ -76.077524414999914, 6.418377759000066 ], [ -76.077752452999903, 6.417559269000037 ], [ -76.078067000999908, 6.417037160000064 ], [ -76.077876458999924, 6.416496638000069 ], [ -76.077773212999944, 6.41585174100004 ], [ -76.077495069999941, 6.415572409000049 ], [ -76.076973178999935, 6.415240328000039 ], [ -76.076939263999918, 6.414769809000063 ], [ -76.076748792999922, 6.414194438000038 ], [ -76.076019151999901, 6.413217254000074 ], [ -76.075933597999949, 6.412432999000089 ], [ -76.076387964999924, 6.411667226000077 ], [ -76.076006239999913, 6.410917238000081 ], [ -76.075872629999935, 6.407989716000088 ], [ -76.075456378999945, 6.407082843000069 ], [ -76.075424102999932, 6.405775967000068 ], [ -76.075094498999931, 6.405095778000089 ], [ -76.075982320999913, 6.405341456000087 ], [ -76.080925300999922, 6.407215503000089 ], [ -76.082038780999937, 6.407862368000053 ], [ -76.082891641999936, 6.40817766400005 ], [ -76.08430237999994, 6.408232679000093 ], [ -76.085714334999921, 6.407660422000049 ], [ -76.086690741999917, 6.407139588000064 ], [ -76.087004294999929, 6.407122772000093 ], [ -76.087455875999922, 6.407785767000064 ], [ -76.088256250999905, 6.408222923000039 ], [ -76.088934568999946, 6.408729538000046 ], [ -76.090830051999944, 6.410318808000056 ], [ -76.091839314999902, 6.410826059000044 ], [ -76.094293531999938, 6.411719425000058 ], [ -76.09505915099993, 6.412121656000068 ], [ -76.09632802099992, 6.413500613000053 ], [ -76.097528293999915, 6.41432185900004 ], [ -76.099182575999919, 6.414551547000087 ], [ -76.09968716599991, 6.414831302000039 ], [ -76.100312517999953, 6.415721138000038 ], [ -76.10048536599993, 6.416418441000076 ], [ -76.100691183999913, 6.41809156700009 ], [ -76.100688483999932, 6.419502929000089 ], [ -76.100458278999952, 6.421471433000079 ], [ -76.100421240999935, 6.422621365000055 ], [ -76.100697265999941, 6.42401583700007 ], [ -76.101304475999939, 6.425288974000068 ], [ -76.101877517999924, 6.426213558000086 ], [ -76.102259924999942, 6.426632473000041 ], [ -76.102816650999898, 6.42698202400004 ], [ -76.10377460299992, 6.427018704000091 ], [ -76.104541183999913, 6.426933047000091 ], [ -76.1029964949999, 6.433133145000056 ], [ -76.106734149999909, 6.437008483000056 ], [ -76.107950650999953, 6.438491869000075 ], [ -76.108976809999945, 6.439312767000047 ], [ -76.109844510999949, 6.441022002000068 ], [ -76.110661648999951, 6.441842500000064 ], [ -76.110904555999923, 6.442348267000057 ], [ -76.11099009499992, 6.443167373000051 ], [ -76.110989432999929, 6.443515858000069 ], [ -76.110238853999931, 6.444333374000053 ], [ -76.108042912999906, 6.444921617000091 ], [ -76.103234162999911, 6.445469999000068 ], [ -76.100029342999903, 6.44530702600008 ], [ -76.097035338999945, 6.444220955000048 ], [ -76.09557291099992, 6.443817374000048 ], [ -76.092645803999915, 6.444177621000051 ], [ -76.091879601999949, 6.444054166000058 ], [ -76.091095711999913, 6.444070070000066 ], [ -76.090886074999901, 6.444383299000037 ], [ -76.090675355999906, 6.445254101000046 ], [ -76.090812814999936, 6.446230124000067 ], [ -76.091627660999904, 6.448218068000074 ], [ -76.091434393999918, 6.449071480000043 ], [ -76.090736001999915, 6.449906486000089 ], [ -76.090265038999917, 6.450236631000053 ], [ -76.089446233999922, 6.450287311000068 ], [ -76.08869778299993, 6.449989643000038 ], [ -76.088210654999898, 6.449675059000072 ], [ -76.087897177999935, 6.449639600000069 ], [ -76.087325092999947, 6.448227124000084 ], [ -76.086927304999904, 6.446762715000091 ], [ -76.085904334999952, 6.444321332000072 ] ] ], [ [ [ -76.109593211999936, 6.473313268000084 ], [ -76.109487043999934, 6.472322263000081 ], [ -76.109218096999939, 6.471691238000062 ], [ -76.109291170999938, 6.471150940000086 ], [ -76.11181582699993, 6.469462390000047 ], [ -76.112176132999934, 6.46940903400008 ], [ -76.112932353999952, 6.469518562000076 ], [ -76.113526036999929, 6.469861971000057 ], [ -76.116097457999899, 6.471992585000066 ], [ -76.117069669999921, 6.472174578000079 ], [ -76.121301711999934, 6.472380752000049 ], [ -76.121626, 6.47232732100008 ], [ -76.121860575999904, 6.472093573000052 ], [ -76.122022735999906, 6.472057850000056 ], [ -76.123689750999915, 6.476276425000037 ], [ -76.124263776999953, 6.477502504000086 ], [ -76.12651068699995, 6.479848641000046 ], [ -76.127553880999926, 6.480607219000092 ], [ -76.128363479999905, 6.481077122000045 ], [ -76.128375401999904, 6.484319786000071 ], [ -76.128158900999949, 6.484517541000059 ], [ -76.127671153999927, 6.48529125500005 ], [ -76.127202297999929, 6.48559662200006 ], [ -76.125706213999933, 6.486224318000041 ], [ -76.124426663999941, 6.486636242000088 ], [ -76.12284103099995, 6.486993540000071 ], [ -76.121813698999915, 6.487369904000047 ], [ -76.120804136999936, 6.48787240200005 ], [ -76.120606904999931, 6.487403648000054 ], [ -76.120121601999926, 6.486880304000067 ], [ -76.117153038999902, 6.485181293000039 ], [ -76.116145842999913, 6.484440778000078 ], [ -76.113427602999934, 6.48371501400004 ], [ -76.110115779999944, 6.482591779000074 ], [ -76.108945677999941, 6.482283290000055 ], [ -76.108081169999934, 6.482281632000081 ], [ -76.107596265999916, 6.481560119000051 ], [ -76.107184131999929, 6.480460439000069 ], [ -76.107187622999902, 6.478640975000076 ], [ -76.107496735999916, 6.477110329000084 ], [ -76.108311205999939, 6.47502219900008 ], [ -76.108510146999947, 6.474590231000093 ], [ -76.109231937999937, 6.473871029000065 ], [ -76.109520756999927, 6.473529305000056 ], [ -76.109593211999936, 6.473313268000084 ] ] ] ] } },
{ "type": "Feature", "properties": { "OBJECTID": 74, "Id": 0, "nombre": "El Rincon y Paramo", "observac": "vectorizado a partir de plano escaneado, cae en otro mpio pero ahi da por las coordenadas", "año_reg": 2006, "acto_ad": "0163 (06 diciembre de 2006)" }, "geometry": { "type": "Polygon", "coordinates": [ [ [ -77.316803971999946, 1.139527373000078 ], [ -77.316151135999917, 1.139255749000085 ], [ -77.315711792999934, 1.139874958000064 ], [ -77.314858044999937, 1.139034722000076 ], [ -77.3147136689999, 1.138977871000066 ], [ -77.317663285999913, 1.131648643000062 ], [ -77.318504477999909, 1.13250783400008 ], [ -77.318648875999941, 1.132817408000051 ], [ -77.318705493999914, 1.134340063000081 ], [ -77.319025679999925, 1.135041345000047 ], [ -77.3188311749999, 1.136058573000071 ], [ -77.318567583999936, 1.136608269000078 ], [ -77.317356256999915, 1.138358481000068 ], [ -77.316803971999946, 1.139527373000078 ] ] ] } },
{ "type": "Feature", "properties": { "OBJECTID": 75, "Id": 0, "nombre": "Horizontes", "observac": "vectorizado a partir de plano escaneado", "año_reg": 2005, "acto_ad": "0202 (21 julio de 2005)" }, "geometry": { "type": "Polygon", "coordinates": [ [ [ -76.297249505999901, 8.360254402000066 ], [ -76.296501549999903, 8.361781128000075 ], [ -76.295018643999924, 8.362052668000047 ], [ -76.291147661999901, 8.357096829000056 ], [ -76.289705425999898, 8.355677018000051 ], [ -76.285875598999951, 8.352531328000055 ], [ -76.283622858999934, 8.354099513000051 ], [ -76.280693724999935, 8.351289422000093 ], [ -76.277787919999923, 8.351661880000051 ], [ -76.275123232999931, 8.354319692000047 ], [ -76.274402447999933, 8.35346510100004 ], [ -76.270817027999897, 8.358294607000062 ], [ -76.267290292999917, 8.359926845000075 ], [ -76.26419865999992, 8.360076261000074 ], [ -76.258555025999897, 8.365902866000056 ], [ -76.256787951999911, 8.36668553800007 ], [ -76.253136415999904, 8.36739007400007 ], [ -76.254658787999915, 8.359010451000074 ], [ -76.257009380999932, 8.357019798000067 ], [ -76.257979226999907, 8.356309648000092 ], [ -76.259102636999899, 8.356964804000086 ], [ -76.264329790999909, 8.354334663000088 ], [ -76.266553188999922, 8.352581074000057 ], [ -76.266286540999943, 8.351853518000041 ], [ -76.268250037999906, 8.34969878600009 ], [ -76.269015878999937, 8.350368017000051 ], [ -76.269921742999941, 8.348159176000081 ], [ -76.270848290999936, 8.34675156600008 ], [ -76.272893733999922, 8.344567299000062 ], [ -76.274609892999933, 8.343124196000076 ], [ -76.275789131999943, 8.341976732000091 ], [ -76.276504562999946, 8.341800142000068 ], [ -76.282132225999931, 8.336195738000072 ], [ -76.284053179999944, 8.332898380000074 ], [ -76.282355278999944, 8.329052196000077 ], [ -76.278633461999902, 8.327879991000088 ], [ -76.276110744999926, 8.326762116000054 ], [ -76.272809927999901, 8.323713843000064 ], [ -76.27285229599994, 8.321213907000072 ], [ -76.273353981999946, 8.316281648000086 ], [ -76.272991318999914, 8.315160723000076 ], [ -76.273803814999951, 8.314843379000081 ], [ -76.279159286999914, 8.314713262000055 ], [ -76.281969792999917, 8.313450359000058 ], [ -76.283491690999938, 8.31222194500009 ], [ -76.287004865999904, 8.309677012000066 ], [ -76.288384343999951, 8.308885983000039 ], [ -76.2891007959999, 8.308167816000093 ], [ -76.290398515999925, 8.307287594000059 ], [ -76.291070273999935, 8.306569334000073 ], [ -76.290416084999947, 8.305952300000058 ], [ -76.293269564999946, 8.301766501000088 ], [ -76.294120278999912, 8.300937310000052 ], [ -76.295734314999947, 8.302023598000062 ], [ -76.296838708999928, 8.300964927000052 ], [ -76.299387104999937, 8.296585592000042 ], [ -76.300376593999943, 8.297129083000073 ], [ -76.300985440999909, 8.298079846000064 ], [ -76.30120663699995, 8.299215313000047 ], [ -76.303085467999949, 8.302000932000055 ], [ -76.302435174999914, 8.303179206000038 ], [ -76.306279921999931, 8.306161533000079 ], [ -76.306737900999906, 8.308098660000041 ], [ -76.306512335999912, 8.309181325000054 ], [ -76.305804974999944, 8.309076089000087 ], [ -76.305416830999945, 8.309505607000062 ], [ -76.306226921999951, 8.310397408000085 ], [ -76.306059684999923, 8.312118180000084 ], [ -76.305440208999926, 8.312769802000048 ], [ -76.305283040999939, 8.313155259000041 ], [ -76.303978041999926, 8.313953912000045 ], [ -76.30341713599995, 8.315117523000083 ], [ -76.302999395999905, 8.315443121000044 ], [ -76.30198706099992, 8.315129561000049 ], [ -76.301459033999947, 8.314727927000092 ], [ -76.301196749999917, 8.315536030000089 ], [ -76.301342193999915, 8.31731675900005 ], [ -76.301814524999941, 8.319520984000064 ], [ -76.301894388999926, 8.320567151000091 ], [ -76.302169050999908, 8.321035055000038 ], [ -76.302351109999904, 8.323134851000077 ], [ -76.302349233999905, 8.324084417000051 ], [ -76.302532524999947, 8.325561061000087 ], [ -76.302643517999911, 8.325932204000082 ], [ -76.302626422999936, 8.327044947000047 ], [ -76.301973600999929, 8.329476939000074 ], [ -76.300387350999927, 8.329340290000061 ], [ -76.299497009999925, 8.335095298000056 ], [ -76.298037009999916, 8.33513693000009 ], [ -76.297653398999898, 8.337013054000067 ], [ -76.297295867999935, 8.337012347000041 ], [ -76.297650606999923, 8.338415145000056 ], [ -76.297500039999932, 8.339216045000057 ], [ -76.298867912999924, 8.340561494000042 ], [ -76.300465053999915, 8.342738263000058 ], [ -76.300835440999947, 8.343770164000091 ], [ -76.30177374099992, 8.343890706000082 ], [ -76.302561907999916, 8.344597013000055 ], [ -76.300968190999924, 8.34819185300006 ], [ -76.299894622999943, 8.348664522000092 ], [ -76.300443504999919, 8.349837727000079 ], [ -76.301573897999901, 8.350759847000063 ], [ -76.302513376999912, 8.350294329000064 ], [ -76.302749974999927, 8.351185015000056 ], [ -76.302723688999947, 8.353173122000044 ], [ -76.300441737999904, 8.354474285000038 ], [ -76.298816297999906, 8.355264856000076 ], [ -76.296035837999909, 8.356268266000086 ], [ -76.294775201999926, 8.357148564000056 ], [ -76.296365744999946, 8.358917322000082 ], [ -76.297249505999901, 8.360254402000066 ] ] ] } },
{ "type": "Feature", "properties": { "OBJECTID": 76, "Id": 0, "nombre": "El Hato", "observac": "vectorizado a apartir de plano escaneado, pertenece red renacifer", "año_reg": 2007, "acto_ad": "0293 (24 diciembre de 2007)" }, "geometry": { "type": "Polygon", "coordinates": [ [ [ -74.378196845999923, 3.900866262000079 ], [ -74.378966849999927, 3.898390379000091 ], [ -74.379634187999898, 3.898717421000072 ], [ -74.380534020999903, 3.898315793000052 ], [ -74.380270821999943, 3.899971767000068 ], [ -74.38041069499991, 3.900599003000082 ], [ -74.380806267999901, 3.901194141000076 ], [ -74.378196845999923, 3.900866262000079 ] ] ] } },
{ "type": "Feature", "properties": { "OBJECTID": 77, "Id": 0, "nombre": "El Pedregal", "observac": "vectoriado a partir de plano escaneado, pertenece a la red renacifer", "año_reg": 2007, "acto_ad": "0300 (26 diciembre de 2007)" }, "geometry": { "type": "Polygon", "coordinates": [ [ [ -74.373771262999924, 3.896514737000075 ], [ -74.373611532999917, 3.897182543000042 ], [ -74.37292307599995, 3.899817837000057 ], [ -74.370741153999916, 3.897859781000079 ], [ -74.3713658879999, 3.894623129000081 ], [ -74.371562482999934, 3.894768519000081 ], [ -74.372405646999937, 3.895022777000065 ], [ -74.372918006999953, 3.89591093100006 ], [ -74.373771262999924, 3.896514737000075 ] ] ] } },
{ "type": "Feature", "properties": { "OBJECTID": 78, "Id": 0, "nombre": "El Plan", "observac": "vectorizado a partir de plano escaneado. pertenece red renacifer", "año_reg": 2007, "acto_ad": "0291 (24 diciembre de 2007)" }, "geometry": { "type": "Polygon", "coordinates": [ [ [ -74.37292307599995, 3.899817837000057 ], [ -74.373771262999924, 3.896514737000075 ], [ -74.374516696999933, 3.897245467000062 ], [ -74.37482192899995, 3.897442767000086 ], [ -74.374636033999934, 3.898325969000041 ], [ -74.374967343999913, 3.899146650000091 ], [ -74.375536612999952, 3.900060756000073 ], [ -74.375754647999941, 3.902351638000084 ], [ -74.37292307599995, 3.899817837000057 ] ] ] } },
{ "type": "Feature", "properties": { "OBJECTID": 79, "Id": 0, "nombre": "La Esperanza", "observac": "vectorizado a partir de plano escaneado, no se encontraba en el archivo de excel", "año_reg": 2007, "acto_ad": "0294 (24 diciembre de 2007)" }, "geometry": { "type": "Polygon", "coordinates": [ [ [ -74.377105876999906, 3.909810993000065 ], [ -74.380197144999897, 3.905717442000082 ], [ -74.381517972999916, 3.905930930000068 ], [ -74.381712552999943, 3.90594918100004 ], [ -74.382439156999908, 3.905927545000054 ], [ -74.382444254999939, 3.905931382000063 ], [ -74.378625351999915, 3.910407633000091 ], [ -74.378008923999914, 3.910090972000091 ], [ -74.377105876999906, 3.909810993000065 ] ] ] } },
{ "type": "Feature", "properties": { "OBJECTID": 80, "Id": 0, "nombre": "La Fernanda", "observac": "vectorizado a partir de plano escaneado, no se encontraba en el registro de excel", "año_reg": 2007, "acto_ad": "0292 (24 diciembre de 2007)" }, "geometry": { "type": "Polygon", "coordinates": [ [ [ -74.378196845999923, 3.900866262000079 ], [ -74.380806267999901, 3.901194141000076 ], [ -74.381745762999913, 3.902340120000076 ], [ -74.381916573999945, 3.902690716000052 ], [ -74.382153514999914, 3.90355558400006 ], [ -74.3826707959999, 3.904117466000059 ], [ -74.377377618999901, 3.903453126000045 ], [ -74.378196845999923, 3.900866262000079 ] ] ] } },
{ "type": "Feature", "properties": { "OBJECTID": 81, "Id": 0, "nombre": "La Reserva", "observac": "vectorizado a partir de plano escaneado, no se encontraba en el archivo de excel", "año_reg": 2007, "acto_ad": "0298 (26 diciembre 2007)" }, "geometry": { "type": "Polygon", "coordinates": [ [ [ -74.378625351999915, 3.910407633000091 ], [ -74.38244231199991, 3.905931364000082 ], [ -74.383242558999939, 3.905922593000071 ], [ -74.381980270999918, 3.907260920000056 ], [ -74.382193884999936, 3.907977741000082 ], [ -74.379816991999917, 3.91103710100009 ], [ -74.378625351999915, 3.910407633000091 ] ] ] } },
{ "type": "Feature", "properties": { "OBJECTID": 82, "Id": 0, "nombre": "Paz verde", "observac": "vectorizado a partir de plano escaneado, no se encontraba en el registro de excel", "año_reg": 2007, "acto_ad": "0299 (26 diciembre de 2007)" }, "geometry": { "type": "Polygon", "coordinates": [ [ [ -74.37677518299995, 3.909697895000079 ], [ -74.37562276999995, 3.908911271000079 ], [ -74.376817406999919, 3.905154113000037 ], [ -74.380197144999897, 3.905717442000082 ], [ -74.377105876999906, 3.909810993000065 ], [ -74.37677518299995, 3.909697895000079 ] ] ] } },
{ "type": "Feature", "properties": { "OBJECTID": 83, "Id": 0, "nombre": "Villarrica", "observac": "vectorizado a partir de plano escaneado, no se encontraba en el registro de excel", "año_reg": 2007, "acto_ad": "0302 (26 diciembre de 2007)" }, "geometry": { "type": "Polygon", "coordinates": [ [ [ -74.377575215999912, 3.914651561000085 ], [ -74.377139731999932, 3.914594167000075 ], [ -74.376005276999933, 3.914709666000078 ], [ -74.375099966999926, 3.914698476000069 ], [ -74.374985158999948, 3.914088495000044 ], [ -74.375042343999951, 3.913766199000065 ], [ -74.374973297999929, 3.912937515000067 ], [ -74.374812603999942, 3.912189431000058 ], [ -74.374823890999949, 3.911694504000081 ], [ -74.374961180999946, 3.911049905000084 ], [ -74.375430666999932, 3.910036873000081 ], [ -74.376020199999914, 3.909230896000054 ], [ -74.37677518299995, 3.909697895000079 ], [ -74.378008923999914, 3.910090972000091 ], [ -74.379816991999917, 3.91103710100009 ], [ -74.382193884999936, 3.907977741000082 ], [ -74.381980270999918, 3.907260920000056 ], [ -74.384038547999921, 3.905081243000041 ], [ -74.384807518999935, 3.905901579000044 ], [ -74.385059105999915, 3.906445328000075 ], [ -74.385511609999924, 3.907037290000062 ], [ -74.388185340999939, 3.909280730000091 ], [ -74.389148166999917, 3.909910539000066 ], [ -74.388495435999914, 3.911171105000051 ], [ -74.387928507999902, 3.912043183000094 ], [ -74.387121258999912, 3.913821748000089 ], [ -74.386794824999924, 3.91427075100006 ], [ -74.385231120999947, 3.915721560000065 ], [ -74.38444022099992, 3.916686336000055 ], [ -74.381116676999909, 3.915939398000091 ], [ -74.378595274999952, 3.915100082000038 ], [ -74.377575215999912, 3.914651561000085 ] ] ] } },
{ "type": "Feature", "properties": { "OBJECTID": 84, "Id": 0, "nombre": "El Cedral", "observac": "vectorizado a partir de plano escaneado, no se encontraba en el archivo de excel", "año_reg": 2008, "acto_ad": "0138 (21 julio de 2008)" }, "geometry": { "type": "Polygon", "coordinates": [ [ [ -76.268854358999931, 4.677550616000076 ], [ -76.268470168999897, 4.677078368000082 ], [ -76.267881470999953, 4.677867595000066 ], [ -76.267273209999928, 4.677087700000072 ], [ -76.266879869999912, 4.678370400000063 ], [ -76.266630496999937, 4.678377258000069 ], [ -76.266150059999916, 4.677962085000047 ], [ -76.265733713999907, 4.674494576000086 ], [ -76.265013324999927, 4.672106138000061 ], [ -76.264907347999952, 4.671333976000085 ], [ -76.265224633999935, 4.671127039000055 ], [ -76.265695077999908, 4.670938151000087 ], [ -76.267843285999902, 4.670822696000073 ], [ -76.268630712999936, 4.670687788000066 ], [ -76.269193179999945, 4.671017271000039 ], [ -76.269621014999927, 4.670706806000055 ], [ -76.270807539999907, 4.67046870300004 ], [ -76.27185193999992, 4.673014781000063 ], [ -76.273264045999952, 4.674882174000061 ], [ -76.272710690999929, 4.675921644000084 ], [ -76.272100546999923, 4.676778761000094 ], [ -76.272142970999937, 4.677061177000041 ], [ -76.272078507999936, 4.677357765000068 ], [ -76.271622108999907, 4.677721812000073 ], [ -76.271215721999909, 4.677964391000046 ], [ -76.269975694999914, 4.678248896000071 ], [ -76.269672656999944, 4.678455851000081 ], [ -76.269380576999936, 4.67842691900006 ], [ -76.26917411699992, 4.678290857000093 ], [ -76.268854358999931, 4.677550616000076 ] ] ] } },
{ "type": "Feature", "properties": { "OBJECTID": 85, "Id": 0, "nombre": "El Silencio", "observac": "vectorizado a partir de plano escaneado", "año_reg": 2008, "acto_ad": "0154 (11 agosto de 2008)" }, "geometry": { "type": "Polygon", "coordinates": [ [ [ -76.259030579999944, 4.67888243100009 ], [ -76.258721032999915, 4.678156854000065 ], [ -76.258679617999917, 4.67718474600008 ], [ -76.257953684999904, 4.676599343000078 ], [ -76.257950937999908, 4.676149434000081 ], [ -76.257813868999904, 4.675807739000049 ], [ -76.257365635999918, 4.675659432000089 ], [ -76.257047948999912, 4.675833109000052 ], [ -76.2565307939999, 4.675845637000066 ], [ -76.25590590999991, 4.675618306000047 ], [ -76.255457154999931, 4.675916619000077 ], [ -76.255152638999903, 4.676021347000074 ], [ -76.255283921999933, 4.675712808000071 ], [ -76.255715529999918, 4.67328645300006 ], [ -76.255854856999918, 4.671697169000083 ], [ -76.256215118999933, 4.67150055400009 ], [ -76.256374893999919, 4.672016328000041 ], [ -76.257016262999912, 4.672138590000088 ], [ -76.257300784999927, 4.672335964000069 ], [ -76.257460798999944, 4.672648130000084 ], [ -76.257794427999897, 4.672835709000083 ], [ -76.258079180999914, 4.672836044000064 ], [ -76.258442347999903, 4.672954694000055 ], [ -76.258693987999948, 4.673283388000073 ], [ -76.258932772999913, 4.673408460000076 ], [ -76.258889430999943, 4.674088194000092 ], [ -76.258709035999914, 4.67441309700007 ], [ -76.258715428999949, 4.674544464000064 ], [ -76.259101381999926, 4.674771512000063 ], [ -76.259278109999912, 4.674784855000041 ], [ -76.259595746999935, 4.674653868000064 ], [ -76.259802161999914, 4.67447020700007 ], [ -76.261549337999952, 4.675007544000039 ], [ -76.26257056299994, 4.674975898000071 ], [ -76.262540563999949, 4.67544218900008 ], [ -76.259030579999944, 4.67888243100009 ] ] ] } },
{ "type": "Feature", "properties": { "OBJECTID": 86, "Id": 0, "nombre": "la Ventura", "observac": "vectorizado a partir de plano escaneado, no se encontraba en el archivo de excel", "año_reg": 2009, "acto_ad": "0035 (6 marzo de 2009)" }, "geometry": { "type": "Polygon", "coordinates": [ [ [ -76.229607536999936, 4.692722217000039 ], [ -76.228856787999916, 4.692580287000055 ], [ -76.228218911999932, 4.692079918000047 ], [ -76.228120008999952, 4.690854996000041 ], [ -76.228226764999931, 4.690573099000062 ], [ -76.22814662199994, 4.690434003000064 ], [ -76.228167156999916, 4.69005732100004 ], [ -76.228360909999935, 4.689229608000062 ], [ -76.228284941999902, 4.688959576000059 ], [ -76.228518307999934, 4.688579125000047 ], [ -76.228652932999921, 4.688494681000066 ], [ -76.229351784999949, 4.688380709000057 ], [ -76.230648749999943, 4.688440709000076 ], [ -76.230634039999927, 4.688982585000076 ], [ -76.230414648999897, 4.689429532000077 ], [ -76.23024997999994, 4.689453505000074 ], [ -76.230075022999927, 4.689682942000047 ], [ -76.229859707999935, 4.690079532000084 ], [ -76.229903710999906, 4.690218584000093 ], [ -76.229547487999923, 4.690913144000092 ], [ -76.229343058999916, 4.692266622000091 ], [ -76.229607536999936, 4.692722217000039 ] ] ] } },
{ "type": "Feature", "properties": { "OBJECTID": 87, "Id": 0, "nombre": "Patio Bonito", "observac": "vectorizado a partir de plano escaneado", "año_reg": 2009, "acto_ad": "0033 (6 marzo 2009)" }, "geometry": { "type": "Polygon", "coordinates": [ [ [ -76.236547189999897, 4.688716035000084 ], [ -76.235237421999898, 4.68858442700008 ], [ -76.233487186999923, 4.687752972000055 ], [ -76.233497796999927, 4.687668646000077 ], [ -76.232723649999912, 4.687752045000082 ], [ -76.232889918999945, 4.686381739000069 ], [ -76.23319579799994, 4.685415727000077 ], [ -76.233192621999933, 4.685145136000074 ], [ -76.232972508999922, 4.68469506100007 ], [ -76.233253090999938, 4.684375616000068 ], [ -76.236814946999914, 4.684492380000052 ], [ -76.23647365599993, 4.685785166000073 ], [ -76.236444180999911, 4.686997503000043 ], [ -76.236547189999897, 4.688716035000084 ] ] ] } },
{ "type": "Feature", "properties": { "OBJECTID": 88, "Id": 0, "nombre": "Parque Lago de Tota", "observac": "vectorizado a partir de plano escaneado", "año_reg": 2007, "acto_ad": "0126 (16 Mayo de 2007)" }, "geometry": { "type": "MultiPolygon", "coordinates": [ [ [ [ -72.940372962999902, 5.573681076000071 ], [ -72.940547828999911, 5.572790887000053 ], [ -72.940901684999915, 5.572860964000085 ], [ -72.940869042999907, 5.573824676000072 ], [ -72.94059567599993, 5.573916669000084 ], [ -72.940407316999938, 5.573823781000044 ], [ -72.940372962999902, 5.573681076000071 ] ] ], [ [ [ -72.940374095999914, 5.575419086000068 ], [ -72.941417628999943, 5.574341680000089 ], [ -72.942247962999943, 5.574744218000092 ], [ -72.941429676999917, 5.576073929000074 ], [ -72.940374095999914, 5.575419086000068 ] ] ] ] } },
{ "type": "Feature", "properties": { "OBJECTID": 89, "Id": 0, "nombre": "Piedra Sentada", "observac": "vectorizado a partir de plano escaneado", "año_reg": 2007, "acto_ad": "0193 (10 agosto de 2007)" }, "geometry": { "type": "Polygon", "coordinates": [ [ [ -76.429814190999934, 2.951941472000044 ], [ -76.429063189999908, 2.952175370000077 ], [ -76.429033947999926, 2.95166639200005 ], [ -76.428842412999927, 2.951738987000056 ], [ -76.4287243469999, 2.95158633200009 ], [ -76.428955726999902, 2.951306898000041 ], [ -76.429018833999919, 2.951384764000068 ], [ -76.429139326999916, 2.950869730000079 ], [ -76.429303220999941, 2.951035725000054 ], [ -76.429410318999942, 2.950784892000058 ], [ -76.429365800999904, 2.950269760000083 ], [ -76.429840424999952, 2.950329435000071 ], [ -76.429901231999906, 2.950856866000038 ], [ -76.430016233999936, 2.951024880000091 ], [ -76.430046408999942, 2.951681325000038 ], [ -76.42989052899992, 2.951745749000054 ], [ -76.429814190999934, 2.951941472000044 ] ] ] } },
{ "type": "Feature", "properties": { "OBJECTID": 90, "Id": 0, "nombre": "La Cuchilla2", "observac": "vectorizado a partir de plano escaneado", "año_reg": 2007, "acto_ad": "0191 (10 agosto de 2007)" }, "geometry": { "type": "Polygon", "coordinates": [ [ [ -76.429240239999899, 2.941892274000054 ], [ -76.430622891999917, 2.941417689000048 ], [ -76.430416581999907, 2.942250910000041 ], [ -76.4305150859999, 2.942660647000082 ], [ -76.430058538999901, 2.943331527000055 ], [ -76.429651084999932, 2.943283748000056 ], [ -76.428891017999945, 2.942153537000081 ], [ -76.429240239999899, 2.941892274000054 ] ] ] } },
{ "type": "Feature", "properties": { "OBJECTID": 91, "Id": 0, "nombre": "La Cuchilla1", "observac": "vectorizado a partir de plano escaneado", "año_reg": 2007, "acto_ad": "0190 (10 agosto de 2007)" }, "geometry": { "type": "Polygon", "coordinates": [ [ [ -76.428202101999943, 2.942459300000053 ], [ -76.428891692999912, 2.942146531000049 ], [ -76.429662893999932, 2.943286846000092 ], [ -76.429007279999951, 2.944249010000078 ], [ -76.428871950999905, 2.944585132000043 ], [ -76.428257795999912, 2.945148945000085 ], [ -76.428278579999926, 2.944856508000044 ], [ -76.428136676999941, 2.944681415000048 ], [ -76.427960810999934, 2.943831597000042 ], [ -76.428171618999897, 2.943675134000046 ], [ -76.428116710999916, 2.94356917500005 ], [ -76.428202101999943, 2.942459300000053 ] ] ] } },
{ "type": "Feature", "properties": { "OBJECTID": 92, "Id": 0, "nombre": "Cordoba1", "observac": "vectorizado a partir de plano escaneado", "año_reg": 2007, "acto_ad": "0189 (10 agosto de 2007)" }, "geometry": { "type": "Polygon", "coordinates": [ [ [ -76.427609591999897, 2.950409713000056 ], [ -76.427530991999902, 2.950377331000084 ], [ -76.427551184999913, 2.950067640000043 ], [ -76.427675733999934, 2.949745795000069 ], [ -76.428280682999912, 2.949236686000063 ], [ -76.428313963999926, 2.949769166000067 ], [ -76.427609591999897, 2.950409713000056 ] ] ] } },
{ "type": "Feature", "properties": { "OBJECTID": 93, "Id": 0, "nombre": "Bella Vista", "observac": "vectorizado a partir de plano escaneado", "año_reg": 2007, "acto_ad": "0194 (10 agosto de 2007)" }, "geometry": { "type": "Polygon", "coordinates": [ [ [ -76.425440576999904, 2.940656147000084 ], [ -76.424845600999902, 2.940512487000092 ], [ -76.424474762999921, 2.940327520000039 ], [ -76.424278238999932, 2.94013661300005 ], [ -76.424266556999953, 2.939557328000092 ], [ -76.424404792999951, 2.939574676000063 ], [ -76.424885029999928, 2.93916488900004 ], [ -76.425407201999917, 2.938993400000072 ], [ -76.425494697999909, 2.939144530000078 ], [ -76.425440576999904, 2.940656147000084 ] ] ] } },
{ "type": "Feature", "properties": { "OBJECTID": 94, "Id": 0, "nombre": "La Iguana Verde", "observac": "vectorizado a partir de plano escaneado", "año_reg": 2007, "acto_ad": "0179 (08 agosto de 2007)" }, "geometry": { "type": "Polygon", "coordinates": [ [ [ -74.175071725999942, 11.171977895000055 ], [ -74.174443435999933, 11.171543115000077 ], [ -74.173423185999923, 11.169885838000084 ], [ -74.173372527999902, 11.169310415000041 ], [ -74.173523833999923, 11.168925232000049 ], [ -74.173477643999945, 11.167969203000041 ], [ -74.174785222999901, 11.167343517000063 ], [ -74.17564729299994, 11.165481 ], [ -74.176229812999907, 11.164746791000084 ], [ -74.176816840999948, 11.163772437000091 ], [ -74.178192613999897, 11.161316185000089 ], [ -74.178398855999944, 11.160582094000063 ], [ -74.178573161999907, 11.16040079600009 ], [ -74.179109959999948, 11.160205788000042 ], [ -74.181624290999935, 11.159593267000048 ], [ -74.183298891999925, 11.158944764000069 ], [ -74.183533351999927, 11.160208837000084 ], [ -74.182973852999908, 11.161088044000053 ], [ -74.181153477999942, 11.164867522000065 ], [ -74.177979135999919, 11.167895282000075 ], [ -74.176277408999908, 11.169980094000039 ], [ -74.175727016999929, 11.170768664000093 ], [ -74.175071725999942, 11.171977895000055 ] ] ] } },
{ "type": "Feature", "properties": { "OBJECTID": 95, "Id": 0, "nombre": "La Pradera", "observac": "vectorizado a partir de plano escaneado", "año_reg": 2007, "acto_ad": "0188 (10 agosto de 2007)" }, "geometry": { "type": "Polygon", "coordinates": [ [ [ -76.426577710999936, 2.936285382000051 ], [ -76.425994859999946, 2.936266051000075 ], [ -76.425907134999932, 2.936154539000086 ], [ -76.42608109899993, 2.935825951000083 ], [ -76.42611827199994, 2.935475060000044 ], [ -76.426393342999916, 2.935002250000082 ], [ -76.426426055999912, 2.934584452000081 ], [ -76.426827509999953, 2.93443874400009 ], [ -76.426851300999942, 2.933857395000075 ], [ -76.427599192999935, 2.934129486000074 ], [ -76.427893591999918, 2.934316828000078 ], [ -76.427663126999903, 2.934605271000066 ], [ -76.427283975999899, 2.93486695100006 ], [ -76.427072837999901, 2.935910703000047 ], [ -76.426577710999936, 2.936285382000051 ] ] ] } },
{ "type": "Feature", "properties": { "OBJECTID": 96, "Id": 0, "nombre": "La Vega", "observac": "vectorizado a partir de plano escaneado", "año_reg": 2008, "acto_ad": "0158 (13 agosto de 2008)" }, "geometry": { "type": "MultiPolygon", "coordinates": [ [ [ [ -76.647468690999915, 3.771949425000059 ], [ -76.648021971999924, 3.771952773000066 ], [ -76.648098201999915, 3.772336645000053 ], [ -76.647203686999944, 3.776214440000047 ], [ -76.64627648499993, 3.778188408000062 ], [ -76.646615243999918, 3.779294016000051 ], [ -76.646602654999924, 3.780018686000062 ], [ -76.64613106999991, 3.781688887000087 ], [ -76.64593851099994, 3.78164273100009 ], [ -76.646171184999901, 3.78093352500008 ], [ -76.64585461799993, 3.778237327000056 ], [ -76.646592055999918, 3.776748427000086 ], [ -76.646760264999898, 3.776579625000068 ], [ -76.646690605999936, 3.775277632000041 ], [ -76.646831277999922, 3.775161016000084 ], [ -76.647125211999935, 3.774196977000088 ], [ -76.647468690999915, 3.771949425000059 ] ] ], [ [ [ -76.648887635999927, 3.771990355000071 ], [ -76.650425190999897, 3.772037183000066 ], [ -76.649874730999898, 3.772509789000082 ], [ -76.648987972999919, 3.773077421000039 ], [ -76.648874596999917, 3.773633153000048 ], [ -76.649405978999937, 3.77465287800004 ], [ -76.648699377999947, 3.775613642000053 ], [ -76.648237327999936, 3.776562245000093 ], [ -76.648160222999934, 3.777937862000044 ], [ -76.648557510999922, 3.778143796000052 ], [ -76.64845545299994, 3.780526577000046 ], [ -76.648898512999949, 3.780898348000051 ], [ -76.649353593999933, 3.781681594000077 ], [ -76.649010903999908, 3.782332402000065 ], [ -76.646345634999932, 3.781723075000059 ], [ -76.646829461999914, 3.780025244000058 ], [ -76.646860451999942, 3.77917775700007 ], [ -76.646500293999907, 3.778075210000054 ], [ -76.647354003999908, 3.776356070000077 ], [ -76.648070843999903, 3.773245849000091 ], [ -76.648346328999935, 3.772493675000078 ], [ -76.648340438999924, 3.772045356000092 ], [ -76.648887635999927, 3.771990355000071 ] ] ] ] } },
{ "type": "Feature", "properties": { "OBJECTID": 97, "Id": 0, "nombre": "San rafael", "observac": "vectorizado a partir de plano escaneado", "año_reg": 2008, "acto_ad": "0163 (14 agosto de 2008)" }, "geometry": { "type": "Polygon", "coordinates": [ [ [ -76.661036631999934, 3.768347316000074 ], [ -76.660275465999916, 3.767913546000045 ], [ -76.656255836999946, 3.766165234000084 ], [ -76.656143219999933, 3.767248682000059 ], [ -76.655250937999938, 3.766804221000086 ], [ -76.654771044999904, 3.76640457600007 ], [ -76.65453036699995, 3.765535531000069 ], [ -76.653883488999952, 3.764944597000067 ], [ -76.655030107999949, 3.764261066000074 ], [ -76.655975299999909, 3.764624822000087 ], [ -76.656910096999923, 3.764618905000077 ], [ -76.657193656999937, 3.764285495000081 ], [ -76.658587695999927, 3.763648819000082 ], [ -76.659609333999924, 3.763373128000069 ], [ -76.660093826999912, 3.763003696000055 ], [ -76.660207516999947, 3.764076633000059 ], [ -76.660866689999921, 3.763538652000079 ], [ -76.66149142799992, 3.763997850000067 ], [ -76.662452727999948, 3.763853316000052 ], [ -76.663245440999901, 3.764655172000062 ], [ -76.663294419999943, 3.765059917000087 ], [ -76.663152732999947, 3.76614016700006 ], [ -76.661945768999942, 3.766606182000089 ], [ -76.661759339999946, 3.767266109000047 ], [ -76.661036631999934, 3.768347316000074 ] ] ] } },
{ "type": "Feature", "properties": { "OBJECTID": 98, "Id": 0, "nombre": "La Aurora", "observac": "vectorizado a partir de plano, verificar las coordenadas  por no ser muy claras", "año_reg": 2008, "acto_ad": "0195 (17 septiembre de 2008)" }, "geometry": { "type": "Polygon", "coordinates": [ [ [ -71.441562019999935, 6.031733428000052 ], [ -71.440780580999899, 6.032220905000088 ], [ -71.44018998599995, 6.032325643000092 ], [ -71.439824958999907, 6.032012838000071 ], [ -71.439616180999906, 6.031543407000072 ], [ -71.438782359999948, 6.031630913000072 ], [ -71.438174825999909, 6.032396535000089 ], [ -71.437793233999912, 6.033318531000077 ], [ -71.437775827999928, 6.033266368000056 ], [ -71.437446056999931, 6.033736153000063 ], [ -71.434232940999948, 6.034973041000057 ], [ -71.433885781999948, 6.035425443000065 ], [ -71.43367771599992, 6.036051670000063 ], [ -71.431924236999919, 6.037844122000081 ], [ -71.431125373999919, 6.038279423000063 ], [ -71.430465212999934, 6.038279848000059 ], [ -71.429700680999929, 6.038071642000091 ], [ -71.428641058999915, 6.038246235000088 ], [ -71.427668543999914, 6.038803382000083 ], [ -71.427529871999923, 6.03929043100004 ], [ -71.42786048499994, 6.040125009000064 ], [ -71.427895573999933, 6.040664121000077 ], [ -71.427270574999909, 6.041325395000058 ], [ -71.427218732999904, 6.041760214000078 ], [ -71.426923593999902, 6.042073448000053 ], [ -71.426020207999898, 6.042074022000065 ], [ -71.425638149999941, 6.042300354000076 ], [ -71.425030067999899, 6.042248565000079 ], [ -71.423918635999939, 6.042927534000057 ], [ -71.423049993999939, 6.042928081000071 ], [ -71.422772082999927, 6.043015214000093 ], [ -71.422477016999949, 6.04345018500004 ], [ -71.421868956999901, 6.043433176000065 ], [ -71.421000106999941, 6.04310328300005 ], [ -71.420600498999931, 6.043051358000071 ], [ -71.420062070999904, 6.043260392000093 ], [ -71.419853769999918, 6.043538785000067 ], [ -71.419819218999919, 6.043851853000092 ], [ -71.419888948999926, 6.044234422000045 ], [ -71.420097661999932, 6.044616903000076 ], [ -71.420150126999943, 6.045173397000042 ], [ -71.420984971999928, 6.046685932000059 ], [ -71.420985156999905, 6.046981586000072 ], [ -71.420464293999942, 6.04750365600006 ], [ -71.420047449999913, 6.047677831000044 ], [ -71.418118961999937, 6.047539900000061 ], [ -71.417563186999928, 6.047801117000063 ], [ -71.416382305999946, 6.048584463000054 ], [ -71.414923119999912, 6.048828843000081 ], [ -71.41462798099991, 6.04915946300008 ], [ -71.415618929999937, 6.050271906000091 ], [ -71.416279814999939, 6.051419334000059 ], [ -71.401257826999938, 6.061219813000093 ], [ -71.387539400999913, 6.072932227000081 ], [ -71.386445328999912, 6.073785030000067 ], [ -71.385107607999942, 6.073907525000038 ], [ -71.381649700999901, 6.073005101000092 ], [ -71.363599214999908, 6.074893123000038 ], [ -71.360385238999925, 6.075294799000062 ], [ -71.358549847999939, 6.076191409000046 ], [ -71.35533115699991, 6.078743812000084 ], [ -71.352065523999897, 6.080136784000047 ], [ -71.347433274999901, 6.081878244000052 ], [ -71.34606670799991, 6.082296314000075 ], [ -71.3451632149999, 6.082227191000072 ], [ -71.344260014999918, 6.082760973000063 ], [ -71.342522725999913, 6.083040082000082 ], [ -71.340808799999934, 6.083736572000078 ], [ -71.339187566999954, 6.084502579000059 ], [ -71.337125606999905, 6.084062976000041 ], [ -71.335920825999949, 6.083715715000039 ], [ -71.334438393999903, 6.084087433000093 ], [ -71.330199439999944, 6.084901014000081 ], [ -71.326470128999915, 6.085737519000077 ], [ -71.321646667999914, 6.074562702000037 ], [ -71.319930816999943, 6.070899636000092 ], [ -71.318564039999899, 6.070830671000067 ], [ -71.318193244999918, 6.07048300200006 ], [ -71.31784541299993, 6.069671547000041 ], [ -71.317752234999944, 6.068488960000082 ], [ -71.317983419999905, 6.067422174000058 ], [ -71.314786043999902, 6.066032237000059 ], [ -71.312399653999933, 6.065105711000058 ], [ -71.311796832999903, 6.063853773000062 ], [ -71.309966403999908, 6.06290380900009 ], [ -71.309340747999897, 6.062417108000091 ], [ -71.309271106999915, 6.06206930500008 ], [ -71.309456317999945, 6.061814150000089 ], [ -71.309502559999942, 6.061605431000089 ], [ -71.30890026499992, 6.061582496000085 ], [ -71.308575889999929, 6.061420311000063 ], [ -71.308042856999919, 6.060840814000073 ], [ -71.307579493999924, 6.060678687000063 ], [ -71.306884598999943, 6.060794921000081 ], [ -71.305842115999951, 6.060633033000045 ], [ -71.30551774199995, 6.060470846000044 ], [ -71.304937953999911, 6.058847868000043 ], [ -71.304381647999946, 6.057990112000084 ], [ -71.303894980999928, 6.057480158000089 ], [ -71.303199879999909, 6.057086233000064 ], [ -71.303037641999936, 6.056877601000053 ], [ -71.303106983999953, 6.056506551000041 ], [ -71.30361611099994, 6.055300523000085 ], [ -71.303708588999939, 6.054859897000085 ], [ -71.303453579999939, 6.054373037000062 ], [ -71.302966954999931, 6.053955837000046 ], [ -71.30201696499995, 6.053353316000084 ], [ -71.30153045499992, 6.053214381000089 ], [ -71.301275494999913, 6.052843463000045 ], [ -71.300858394999921, 6.052495800000088 ], [ -71.300093808999918, 6.052101899000093 ], [ -71.299514521999924, 6.051661545000059 ], [ -71.299398494999934, 6.051151437000044 ], [ -71.299398289999942, 6.050641283000061 ], [ -71.299629811999921, 6.05033973500008 ], [ -71.299536455999942, 6.048600610000051 ], [ -71.298539983999945, 6.047580701000072 ], [ -71.298354465999921, 6.047070621000046 ], [ -71.298423689999936, 6.046398117000081 ], [ -71.298168633999921, 6.045772121000084 ], [ -71.297589364999908, 6.045354953000071 ], [ -71.297010233999913, 6.045285617000047 ], [ -71.296894283999904, 6.044961019000084 ], [ -71.296593003999931, 6.044590117000041 ], [ -71.296430854999926, 6.044590182000093 ], [ -71.296384342999943, 6.04412642300008 ], [ -71.295990168999936, 6.043152648000046 ], [ -71.295735263999916, 6.042897671000048 ], [ -71.295827773999918, 6.042526613000064 ], [ -71.296152032999942, 6.042433730000084 ], [ -71.29684659499992, 6.041529089000051 ], [ -71.296730554999954, 6.040972603000057 ], [ -71.297054757999945, 6.040740585000037 ], [ -71.296822906999921, 6.040207334000058 ], [ -71.296475346999898, 6.039952395000057 ], [ -71.296451962999924, 6.039395872000057 ], [ -71.296150621999914, 6.038862647000087 ], [ -71.295131129999902, 6.038144196000076 ], [ -71.294598252999947, 6.037866139000073 ], [ -71.294273668999949, 6.037124223000092 ], [ -71.294018766999898, 6.036869246000037 ], [ -71.293439554999907, 6.036568017000093 ], [ -71.293138227999918, 6.036057980000066 ], [ -71.292373589999897, 6.035455367000054 ], [ -71.291423689999931, 6.034968770000091 ], [ -71.291029763999916, 6.034597900000051 ], [ -71.291307333999953, 6.033577483000045 ], [ -71.291237672999898, 6.03313692100005 ], [ -71.290936510999927, 6.033044282000048 ], [ -71.290450145999898, 6.03322998100009 ], [ -71.290010009999946, 6.03316058300004 ], [ -71.28943081299991, 6.03288253900007 ], [ -71.288620006999906, 6.032674149000059 ], [ -71.2879482539999, 6.03265121600009 ], [ -71.286697470999911, 6.032790824000074 ], [ -71.28711407399993, 6.031886300000053 ], [ -71.287183371999902, 6.031376119000072 ], [ -71.286997686999939, 6.030379068000059 ], [ -71.286974286999907, 6.029752977000044 ], [ -71.286974032999922, 6.029080500000077 ], [ -71.287158858999931, 6.027805042000068 ], [ -71.287875975999953, 6.025300372000061 ], [ -71.288801703999923, 6.023189832000071 ], [ -71.289658556999939, 6.02270253800009 ], [ -71.290561822999905, 6.022447114000045 ], [ -71.291326359999914, 6.022841030000052 ], [ -71.293318880999948, 6.024092457000052 ], [ -71.294500305999918, 6.024347073000058 ], [ -71.294986742999924, 6.024370071000078 ], [ -71.295658339999932, 6.02402197300006 ], [ -71.296121421999942, 6.023558014000059 ], [ -71.296329607999951, 6.022839077000071 ], [ -71.296329278999906, 6.022004278000054 ], [ -71.296027938999941, 6.021447864000038 ], [ -71.295657209999945, 6.021146555000087 ], [ -71.295494840999936, 6.020566897000037 ], [ -71.295610482999905, 6.020126263000066 ], [ -71.29618942299993, 6.019778202000055 ], [ -71.296652646999917, 6.019685263000042 ], [ -71.297161986999924, 6.019058962000088 ], [ -71.297671388999902, 6.018594983000071 ], [ -71.297949197999912, 6.018223851000073 ], [ -71.298296107999931, 6.016878758000075 ], [ -71.298828485999934, 6.015950991000068 ], [ -71.299476814999935, 6.01537101100007 ], [ -71.30088904999991, 6.013631279000037 ], [ -71.30144479799992, 6.013236844000062 ], [ -71.302070126999922, 6.013074269000072 ], [ -71.302417389999903, 6.012633540000081 ], [ -71.3031581649999, 6.011566551000044 ], [ -71.30327333799994, 6.009989661000077 ], [ -71.303759507999928, 6.00938655300007 ], [ -71.304361195999945, 6.008064542000056 ], [ -71.304360769999903, 6.007021043000066 ], [ -71.304476326999918, 6.006394897000064 ], [ -71.304893147999906, 6.00613964900009 ], [ -71.305333043999951, 6.005675691000079 ], [ -71.306398372999922, 6.005327420000071 ], [ -71.306977098999937, 6.00451557100007 ], [ -71.307417011999917, 6.004097989000059 ], [ -71.308644520999906, 6.003865591000078 ], [ -71.30936241899991, 6.003540647000079 ], [ -71.310288951999951, 6.003633015000048 ], [ -71.311099730999899, 6.003864563000093 ], [ -71.312651961999904, 6.004698706000056 ], [ -71.313833597999917, 6.005533003000039 ], [ -71.3147600449999, 6.005416663000062 ], [ -71.315408602999923, 6.005439574000093 ], [ -71.315964639999947, 6.005763979000051 ], [ -71.318002902999922, 6.005693532000066 ], [ -71.318744190999951, 6.005901910000091 ], [ -71.319647565999901, 6.005994272000066 ], [ -71.320041296999932, 6.005924533000041 ], [ -71.320828687999949, 6.005622733000052 ], [ -71.321268783999926, 6.005645729000094 ], [ -71.322265287999926, 6.006827920000092 ], [ -71.322589633999939, 6.006990099000063 ], [ -71.323261355999932, 6.007012990000078 ], [ -71.323655189999897, 6.007175137000047 ], [ -71.32439637899995, 6.007151619000069 ], [ -71.32460478899992, 6.007035582000071 ], [ -71.324326664999944, 6.006641496000043 ], [ -71.324349352999945, 6.005574799000044 ], [ -71.324071002999915, 6.00467055900009 ], [ -71.324302523999904, 6.004438567000079 ], [ -71.324371742999915, 6.003835627000058 ], [ -71.324672749999934, 6.003603604000091 ], [ -71.325483482999914, 6.003719187000058 ], [ -71.325900362999903, 6.003626245000078 ], [ -71.326247538999951, 6.003046368000071 ], [ -71.32633994899993, 6.002512984000077 ], [ -71.326640871999928, 6.00209545000007 ], [ -71.326988263999908, 6.002002538000056 ], [ -71.327590606999934, 6.002280533000089 ], [ -71.328563369999927, 6.002164149000066 ], [ -71.329258237999909, 6.002163834000044 ], [ -71.32967519999994, 6.002256400000078 ], [ -71.330509294999899, 6.00281255200008 ], [ -71.331018864999919, 6.002812319000043 ], [ -71.332594250999932, 6.003576828000064 ], [ -71.333219653999947, 6.003622917000087 ], [ -71.333729010999946, 6.003158906000067 ], [ -71.334886963999907, 6.002810537000073 ], [ -71.336184028999924, 6.002763555000058 ], [ -71.336531279999917, 6.002369183000042 ], [ -71.336971350999931, 6.00234578900006 ], [ -71.337550515999908, 6.002577406000057 ], [ -71.339519241999938, 6.002437345000089 ], [ -71.340352840999913, 6.001926797000067 ], [ -71.338962474999903, 6.000582504000079 ], [ -71.339054872999952, 6.00004911700006 ], [ -71.341045881999946, 5.998077126000055 ], [ -71.342713107999941, 5.997148779000042 ], [ -71.343662772999949, 5.997194701000069 ], [ -71.345028973999945, 5.996452002000069 ], [ -71.345607922999932, 5.99624302300009 ], [ -71.347159965999936, 5.996636481000053 ], [ -71.347924469999953, 5.996960752000064 ], [ -71.348897239999928, 5.996890710000059 ], [ -71.349244555999917, 5.996658652000065 ], [ -71.3493833469999, 5.996287563000067 ], [ -71.349869554999941, 5.995893115000058 ], [ -71.350170568999943, 5.995707457000037 ], [ -71.350680085999898, 5.995614451000051 ], [ -71.351745729999948, 5.996008134000078 ], [ -71.352510142999904, 5.996146888000055 ], [ -71.353529302999902, 5.996215948000042 ], [ -71.3546872739999, 5.995960294000042 ], [ -71.355219986999941, 5.99593683900008 ], [ -71.356934494999905, 5.996979472000078 ], [ -71.3574441049999, 5.997071970000093 ], [ -71.357884147999926, 5.997002181000084 ], [ -71.35840215099995, 5.998424164000085 ], [ -71.359632166999916, 6.003200426000092 ], [ -71.359841240999913, 6.004406136000057 ], [ -71.3598419839999, 6.005867028000068 ], [ -71.360096970999905, 6.006261107000057 ], [ -71.360143850999918, 6.007350955000049 ], [ -71.35991228599994, 6.007467017000067 ], [ -71.359588023999947, 6.007490371000074 ], [ -71.358707616999936, 6.00702704400004 ], [ -71.358267460999912, 6.006888135000054 ], [ -71.357549566999921, 6.00716676400009 ], [ -71.357225479999897, 6.007537948000049 ], [ -71.357109808999951, 6.007816272000071 ], [ -71.35745757299992, 6.008465382000054 ], [ -71.357735627999944, 6.008673940000051 ], [ -71.358592874999943, 6.009137280000061 ], [ -71.359450039999899, 6.009438298000077 ], [ -71.359867153999915, 6.009809105000045 ], [ -71.360122094999952, 6.010110429000065 ], [ -71.360191795999924, 6.010527791000072 ], [ -71.360377308999944, 6.010945094000078 ], [ -71.36104950999993, 6.01189548900004 ], [ -71.361373881999953, 6.012080833000084 ], [ -71.361837133999927, 6.012080595000043 ], [ -71.362902410999936, 6.011685837000073 ], [ -71.363574041999925, 6.011523168000053 ], [ -71.364361569999915, 6.011522760000048 ], [ -71.364848031999941, 6.011615262000078 ], [ -71.365914041999929, 6.012635012000089 ], [ -71.366308144999948, 6.013284092000049 ], [ -71.367327835999902, 6.014303862000077 ], [ -71.368022898999925, 6.01465132900006 ], [ -71.369505959999913, 6.015879550000079 ], [ -71.3701778759999, 6.016250214000081 ], [ -71.370803676999913, 6.017015110000045 ], [ -71.372332927999935, 6.017965034000042 ], [ -71.373213301999954, 6.018312394000077 ], [ -71.37439453199994, 6.018172628000059 ], [ -71.375413684999899, 6.018148890000077 ], [ -71.377220511999951, 6.018379799000058 ], [ -71.377915560999952, 6.01868087400004 ], [ -71.378448621999951, 6.019260302000077 ], [ -71.378449290999924, 6.02048930300009 ], [ -71.378773748999947, 6.020813768000039 ], [ -71.380047633999936, 6.020673939000062 ], [ -71.381646029999899, 6.020951324000066 ], [ -71.382827262999911, 6.020811539000078 ], [ -71.383128252999938, 6.020579486000088 ], [ -71.383127957999932, 6.020046146000084 ], [ -71.382733753999901, 6.019257948000075 ], [ -71.38245560699994, 6.018910271000038 ], [ -71.382455376999928, 6.01849287400006 ], [ -71.382594033999908, 6.017913080000085 ], [ -71.382871731999899, 6.01744915200004 ], [ -71.383265447999918, 6.017356179000046 ], [ -71.383960421999916, 6.01751811400004 ], [ -71.384331180999936, 6.017796173000079 ], [ -71.385234645999901, 6.018004368000049 ], [ -71.385790721999911, 6.018305511000051 ], [ -71.386300381999945, 6.018444358000067 ], [ -71.387852277999912, 6.01842029900007 ], [ -71.388060573999951, 6.018118728000047 ], [ -71.388083410999911, 6.017538998000077 ], [ -71.387733007999941, 6.017017926000051 ], [ -71.386219310999934, 6.016307655000048 ], [ -71.385632141999906, 6.015627781000092 ], [ -71.385631831999945, 6.015071252000041 ], [ -71.386002227999938, 6.014700026000071 ], [ -71.386681614999929, 6.014606891000085 ], [ -71.388164250999921, 6.015007996000065 ], [ -71.389955864999934, 6.015656268000043 ], [ -71.390943929999935, 6.015284689000055 ], [ -71.391376106999928, 6.014944342000092 ], [ -71.391375860999915, 6.01451148700005 ], [ -71.39224035399991, 6.014078139000048 ], [ -71.392981733999932, 6.014386898000055 ], [ -71.394402924999952, 6.015344550000066 ], [ -71.395144112999901, 6.015313206000087 ], [ -71.396101004999935, 6.014446943000053 ], [ -71.397366781999949, 6.013673255000072 ], [ -71.397798684999941, 6.01286913000007 ], [ -71.397828941999933, 6.011786974000074 ], [ -71.398044820999928, 6.011261238000088 ], [ -71.39856958699994, 6.010828078000088 ], [ -71.399125485999946, 6.010827754000047 ], [ -71.400669885999946, 6.011228789000086 ], [ -71.401411066999913, 6.011197437000078 ], [ -71.402738377999924, 6.010052682000094 ], [ -71.4034792839999, 6.009557553000093 ], [ -71.404436389999944, 6.009093214000075 ], [ -71.405239407999943, 6.009185493000075 ], [ -71.405116258999954, 6.009834848000082 ], [ -71.404807682999945, 6.010267887000055 ], [ -71.404653503999953, 6.010669915000051 ], [ -71.404653759999917, 6.011102770000093 ], [ -71.404870125999935, 6.011411824000049 ], [ -71.405703975999927, 6.011411329000055 ], [ -71.406105587999946, 6.011627517000079 ], [ -71.406352837999918, 6.011936552000066 ], [ -71.406353076999949, 6.012338489000058 ], [ -71.406137131999913, 6.01274055500005 ], [ -71.405365450999909, 6.013421214000061 ], [ -71.405180424999912, 6.01388509800006 ], [ -71.404810133999945, 6.014410927000085 ], [ -71.404780257999903, 6.016111447000071 ], [ -71.404842207999934, 6.016420593000078 ], [ -71.406819586999916, 6.017810735000069 ], [ -71.407221461999939, 6.018459777000089 ], [ -71.407469768999931, 6.020531149000078 ], [ -71.407809860999919, 6.021149309000066 ], [ -71.408304243999908, 6.021550949000073 ], [ -71.408891036999933, 6.021550597000044 ], [ -71.409292322999931, 6.021210255000085 ], [ -71.409322835999944, 6.020591872000068 ], [ -71.409693199999936, 6.020189713000093 ], [ -71.410372456999937, 6.019880121000085 ], [ -71.41095919299994, 6.019787012000052 ], [ -71.412194786999919, 6.020188199000074 ], [ -71.412843402999897, 6.020280559000071 ], [ -71.413368408999929, 6.020249321000051 ], [ -71.413707998999939, 6.020032687000082 ], [ -71.413893037999912, 6.019599719000041 ], [ -71.413892679999947, 6.01901227400009 ], [ -71.413336133999906, 6.017961395000043 ], [ -71.412718028999905, 6.017250653000076 ], [ -71.412532483999939, 6.016848829000082 ], [ -71.41271744799991, 6.016292189000069 ], [ -71.413242355999898, 6.016106360000038 ], [ -71.413860026999942, 6.016105984000092 ], [ -71.414724690999947, 6.015981783000086 ], [ -71.415249332999906, 6.01536309800008 ], [ -71.416268071999923, 6.014682273000062 ], [ -71.416545833999919, 6.014372921000074 ], [ -71.417441453999913, 6.014372369000057 ], [ -71.419387396999923, 6.014834939000082 ], [ -71.419696231999922, 6.014834747000066 ], [ -71.421733211999936, 6.012700126000084 ], [ -71.42269028599992, 6.01220483700007 ], [ -71.424512032999928, 6.011616249000042 ], [ -71.425098347999949, 6.01087384300007 ], [ -71.425776843999927, 6.009389344000056 ], [ -71.425869045999946, 6.008678168000074 ], [ -71.426825620999921, 6.007409919000054 ], [ -71.427319749999924, 6.007409606000067 ], [ -71.427659736999942, 6.007842244000074 ], [ -71.427722520999907, 6.009449949000043 ], [ -71.428279260999943, 6.010779076000063 ], [ -71.428835609999908, 6.011489839000092 ], [ -71.429546239999922, 6.01198407600009 ], [ -71.430102355999907, 6.012323821000052 ], [ -71.430565663999914, 6.012416279000092 ], [ -71.430997990999913, 6.01235416500009 ], [ -71.431430059999911, 6.011890116000075 ], [ -71.431707672999948, 6.01136432900006 ], [ -71.431830590999937, 6.010405788000071 ], [ -71.435018000999946, 6.020359368000072 ], [ -71.441562019999935, 6.031733428000052 ] ] ] } },
{ "type": "Feature", "properties": { "OBJECTID": 99, "Id": 0, "nombre": "La Esperanza", "observac": "vectorizado a partir de plano escaneado", "año_reg": 2005, "acto_ad": "0084 (13 mayo de 2005)" }, "geometry": { "type": "Polygon", "coordinates": [ [ [ -73.852920182999924, 4.613810493000074 ], [ -73.850882576999936, 4.612446473000091 ], [ -73.848742268999899, 4.611317815000064 ], [ -73.84680723799994, 4.610184315000083 ], [ -73.845140747999949, 4.609869896000077 ], [ -73.8427903299999, 4.608652876000065 ], [ -73.841495444999907, 4.607862868000041 ], [ -73.837791373999949, 4.606267753000054 ], [ -73.837312524999902, 4.60594391300009 ], [ -73.835152674999904, 4.604913293000038 ], [ -73.832054273999915, 4.604436510000085 ], [ -73.829732856999954, 4.604259144000082 ], [ -73.828667416999906, 4.604268575000049 ], [ -73.828706699999941, 4.603743842000085 ], [ -73.828848563999941, 4.603371176000053 ], [ -73.829293452999934, 4.602964287000077 ], [ -73.829342495999924, 4.602478791000067 ], [ -73.829606414999944, 4.602469076000091 ], [ -73.829699341999913, 4.60227294200007 ], [ -73.829826566999941, 4.60183161100008 ], [ -73.829807160999906, 4.601424558000076 ], [ -73.829929471999947, 4.601056788000051 ], [ -73.830359622999936, 4.600860773000079 ], [ -73.83060897699994, 4.60057151500007 ], [ -73.830833831999939, 4.600458798000091 ], [ -73.830789974999902, 4.600090969000064 ], [ -73.830452850999905, 4.599806409000053 ], [ -73.830286776999912, 4.599536621000084 ], [ -73.830780439999899, 4.599404382000046 ], [ -73.831137184999932, 4.599482974000068 ], [ -73.831484214999932, 4.599389916000064 ], [ -73.832593584999927, 4.599517813000091 ], [ -73.83287697499992, 4.599728791000075 ], [ -73.832974610999941, 4.600047597000071 ], [ -73.833453431999942, 4.600435193000067 ], [ -73.83402035499995, 4.600445198000045 ], [ -73.834059378999939, 4.600660995000055 ], [ -73.834719130999929, 4.600759308000079 ], [ -73.8357942049999, 4.601147109000067 ], [ -73.8359750219999, 4.601186404000089 ], [ -73.836243858999921, 4.601083509000091 ], [ -73.836542064999946, 4.600848211000084 ], [ -73.836986807999949, 4.600853268000037 ], [ -73.837514575999933, 4.601029999000048 ], [ -73.837915333999945, 4.601035040000056 ], [ -73.838961143999938, 4.601251181000066 ], [ -73.839933590999919, 4.601629132000085 ], [ -73.840622750999898, 4.601482240000053 ], [ -73.841184774999931, 4.60153147200009 ], [ -73.84136067399993, 4.601663944000052 ], [ -73.841595249999898, 4.601708160000044 ], [ -73.841859234999902, 4.601497369000072 ], [ -73.842772989999901, 4.602012614000046 ], [ -73.84293419699992, 4.602238261000082 ], [ -73.843217613999911, 4.602380576000087 ], [ -73.843838326999901, 4.602307221000046 ], [ -73.851499662999913, 4.608474288000082 ], [ -73.853732304999937, 4.611250771000073 ], [ -73.852965009999934, 4.611176963000048 ], [ -73.851694276999922, 4.611220691000085 ], [ -73.852920182999924, 4.613810493000074 ] ] ] } },
{ "type": "Feature", "properties": { "OBJECTID": 100, "Id": 0, "nombre": "Baldivia", "observac": "Vectorizado a partir de plano escaneado", "año_reg": 2007, "acto_ad": "0242 (02 noviembre de 2007)" }, "geometry": { "type": "Polygon", "coordinates": [ [ [ -74.517898394999918, 3.909589603000086 ], [ -74.514087131999929, 3.908011007000084 ], [ -74.512520995999921, 3.907193445000075 ], [ -74.510291780999921, 3.906279942000083 ], [ -74.510171877999937, 3.906127562000052 ], [ -74.510051840999949, 3.905710415000044 ], [ -74.510219330999917, 3.905188817000067 ], [ -74.510219138999901, 3.904811725000059 ], [ -74.510354772999904, 3.904482702000053 ], [ -74.510873740999898, 3.903944878000061 ], [ -74.510945549999917, 3.903776353000069 ], [ -74.510993001999907, 3.902837608000084 ], [ -74.511671798999942, 3.902428074000056 ], [ -74.512070845999915, 3.901705776000085 ], [ -74.514563840999926, 3.902964139000062 ], [ -74.51955745999993, 3.904750721000084 ], [ -74.517898394999918, 3.909589603000086 ] ] ] } },
{ "type": "Feature", "properties": { "OBJECTID": 101, "Id": 0, "nombre": "El Porvenir", "observac": "Vectorizado a partir de plano escaneado", "año_reg": 2007, "acto_ad": "0296 (26 diciembre de 2007)" }, "geometry": { "type": "Polygon", "coordinates": [ [ [ -74.504347241999938, 3.922176642000068 ], [ -74.503948326999932, 3.922279350000053 ], [ -74.502978192999933, 3.921184898000092 ], [ -74.501822263999941, 3.919624604000091 ], [ -74.502230381999937, 3.919372794000083 ], [ -74.502355666999904, 3.91942864300006 ], [ -74.502815268999939, 3.920080717000076 ], [ -74.503321094999933, 3.92039729600009 ], [ -74.504347241999938, 3.922176642000068 ] ] ] } },
{ "type": "Feature", "properties": { "OBJECTID": 102, "Id": 0, "nombre": "El Pensil", "observac": "vectorizado a partir de plano escaneado", "año_reg": 2007, "acto_ad": "0305 (26 diciembre de 2007)" }, "geometry": { "type": "Polygon", "coordinates": [ [ [ -74.501853857999947, 3.919466573000079 ], [ -74.501323544999934, 3.919070717000068 ], [ -74.500916127999915, 3.918491646000064 ], [ -74.500012510999909, 3.917887267000083 ], [ -74.497683335999909, 3.916048378000085 ], [ -74.498954942999944, 3.914706035000052 ], [ -74.502137988999948, 3.910964693000039 ], [ -74.50308421099993, 3.911973691000071 ], [ -74.503988097999923, 3.913127527000086 ], [ -74.504993611999907, 3.91396611600004 ], [ -74.505426308999915, 3.914217200000053 ], [ -74.505574815999921, 3.914366203000043 ], [ -74.505787143999953, 3.914928334000081 ], [ -74.506037410999909, 3.915034691000074 ], [ -74.505575489999899, 3.915703649000079 ], [ -74.505397906999917, 3.916764326000077 ], [ -74.50477479999995, 3.917373735000069 ], [ -74.503779354999949, 3.919699865000041 ], [ -74.503571671999907, 3.919942755000079 ], [ -74.503215472999898, 3.920019604000061 ], [ -74.50305426999995, 3.919925980000073 ], [ -74.502672326999914, 3.919406528000081 ], [ -74.502443228999937, 3.919232009000041 ], [ -74.501853857999947, 3.919466573000079 ] ] ] } },
{ "type": "Feature", "properties": { "OBJECTID": 103, "Id": 0, "nombre": "El Horadado de San Alejo", "observac": "vectorizado a partir de plano escaneado, el area no concuerda con resolucion", "año_reg": 2008, "acto_ad": "0271 (24 diciembre de 2008)" }, "geometry": { "type": "Polygon", "coordinates": [ [ [ -74.025633187999915, 4.575286104000043 ], [ -74.023214678999921, 4.57525729300005 ], [ -74.027573025999914, 4.56900709100006 ], [ -74.031845394999948, 4.567805370000087 ], [ -74.031816783999943, 4.569139045000043 ], [ -74.031292015999952, 4.569161905000044 ], [ -74.0308413919999, 4.569282076000093 ], [ -74.030122644999949, 4.569905935000065 ], [ -74.029905864999932, 4.570318043000043 ], [ -74.029797453999947, 4.570798846000059 ], [ -74.029843052999922, 4.571273936000068 ], [ -74.029962805999901, 4.571708964000038 ], [ -74.030247974999952, 4.572155452000061 ], [ -74.025633187999915, 4.575286104000043 ] ] ] } },
{ "type": "Feature", "properties": { "OBJECTID": 104, "Id": 0, "nombre": "palmarito", "observac": "vectorizado a partir de coordenadas planas magna origen este.", "año_reg": 2007, "acto_ad": "0220 (24 septiembre 2007)" }, "geometry": { "type": "Polygon", "coordinates": [ [ [ -71.660628364999923, 4.813625694000052 ], [ -71.667546212999923, 4.827335767000079 ], [ -71.668423298999926, 4.827689138000039 ], [ -71.669366270999944, 4.828226675000053 ], [ -71.613054505999912, 4.879715557000054 ], [ -71.589851178999936, 4.860651931000064 ], [ -71.660628364999923, 4.813625694000052 ] ] ] } },
{ "type": "Feature", "properties": { "OBJECTID": 105, "Id": 0, "nombre": "la angostura", "observac": "vectorizado a partir de plano suministrado por red piedras", "año_reg": 2003, "acto_ad": "0249 (29 agosto de 2003)" }, "geometry": { "type": "Polygon", "coordinates": [ [ [ -76.514387079999949, 2.453589258000079 ], [ -76.51618970699991, 2.452676780000047 ], [ -76.518967665999924, 2.453872727000089 ], [ -76.515621580999948, 2.456274584000084 ], [ -76.515765720999923, 2.454420691000053 ], [ -76.513963617999934, 2.454083466000043 ], [ -76.514387079999949, 2.453589258000079 ] ] ] } },
{ "type": "Feature", "properties": { "OBJECTID": 106, "Id": 0, "nombre": "altamira", "observac": "vectorizado a partir de plano enviado por la red", "año_reg": 2003, "acto_ad": "0256 (29 agosto de 2003)" }, "geometry": { "type": "Polygon", "coordinates": [ [ [ -76.430116527999928, 2.431920967000053 ], [ -76.430022228999917, 2.429724419000081 ], [ -76.430422306999901, 2.429771627000093 ], [ -76.430598558999918, 2.428711072000056 ], [ -76.43115561399992, 2.428906921000078 ], [ -76.431400541999949, 2.428893875000085 ], [ -76.431761428999948, 2.42879061800005 ], [ -76.432608676999905, 2.428147873000057 ], [ -76.433051832999922, 2.428033372000073 ], [ -76.433822037999903, 2.428204875000063 ], [ -76.434510101999933, 2.428116819000081 ], [ -76.435039568999912, 2.431289593000088 ], [ -76.434796587999926, 2.431140911000057 ], [ -76.434710668999912, 2.430964096000082 ], [ -76.434495702999925, 2.430875606000086 ], [ -76.433315952999919, 2.430903246000071 ], [ -76.432401941999899, 2.430404455000087 ], [ -76.432041270999946, 2.430052615000079 ], [ -76.431824409999933, 2.430018660000087 ], [ -76.431317671999921, 2.430163218000075 ], [ -76.431115514999931, 2.430657710000048 ], [ -76.431023308999897, 2.431900720000044 ], [ -76.430875530999913, 2.432062377000079 ], [ -76.430589425999926, 2.432169431000091 ], [ -76.430116527999928, 2.431920967000053 ] ] ] } },
{ "type": "Feature", "properties": { "OBJECTID": 107, "Id": 0, "nombre": "el alto", "observac": "vectorizado a partir de plano suministrado red piedras, alto calibio", "año_reg": 2003, "acto_ad": "0255 (29 agosto de 2003)" }, "geometry": { "type": "Polygon", "coordinates": [ [ [ -76.506298018999928, 2.464672457000063 ], [ -76.506318291999946, 2.462586846000079 ], [ -76.507124409999903, 2.462688552000088 ], [ -76.507569315999945, 2.464579448000052 ], [ -76.507573054999909, 2.464899115000094 ], [ -76.506298018999928, 2.464672457000063 ] ] ] } },
{ "type": "Feature", "properties": { "OBJECTID": 108, "Id": 0, "nombre": "la aurora", "observac": "vectorizado plano suministrado red piedras", "año_reg": 2003, "acto_ad": "0225 (29 agosto de 2003)" }, "geometry": { "type": "Polygon", "coordinates": [ [ [ -76.414363127999934, 2.460068805000049 ], [ -76.415719158999934, 2.458978155000068 ], [ -76.416099949999932, 2.459673953000049 ], [ -76.415435775999924, 2.460199190000083 ], [ -76.414633299999934, 2.460696533000089 ], [ -76.414550471999917, 2.460371875000078 ], [ -76.414363127999934, 2.460068805000049 ] ] ] } },
{ "type": "Feature", "properties": { "OBJECTID": 109, "Id": 0, "nombre": "Belencito", "observac": "vectorizado a partir de plano enviado por la red rio piedras", "año_reg": 2003, "acto_ad": "0252 (29 agosto de 2003)" }, "geometry": { "type": "Polygon", "coordinates": [ [ [ -76.445237538999947, 2.450484312000071 ], [ -76.444961718999934, 2.450556702000085 ], [ -76.444718177999903, 2.450984462000065 ], [ -76.444205365999949, 2.451403006000078 ], [ -76.443958815999906, 2.451189525000075 ], [ -76.443659116999925, 2.45108519900009 ], [ -76.442934047999927, 2.451136943000051 ], [ -76.442469753999944, 2.450636331000055 ], [ -76.44338659999994, 2.44991854500006 ], [ -76.444141625999919, 2.449571632000072 ], [ -76.444472791999942, 2.449505492000071 ], [ -76.445237538999947, 2.450484312000071 ] ] ] } },
{ "type": "Feature", "properties": { "OBJECTID": 110, "Id": 0, "nombre": "Betania", "observac": "vectorizado a partir de plano enviado por la red rio piedras", "año_reg": 2003, "acto_ad": "0248 (29 agosto de 2003)" }, "geometry": { "type": "Polygon", "coordinates": [ [ [ -76.447835256999952, 2.45269305000005 ], [ -76.444373114999905, 2.451397590000056 ], [ -76.445085838999944, 2.450794481000059 ], [ -76.445848805999901, 2.450819442000068 ], [ -76.446505717999912, 2.451026371000069 ], [ -76.447358167999937, 2.45144164900006 ], [ -76.448399943999902, 2.45140770800009 ], [ -76.449048535999907, 2.45197703000008 ], [ -76.449402302999943, 2.451993596000079 ], [ -76.449916017999897, 2.451628162000077 ], [ -76.449904406999906, 2.452054507000071 ], [ -76.45021563499995, 2.452392455000052 ], [ -76.449568253999928, 2.452718471000082 ], [ -76.449305648999939, 2.452987275000055 ], [ -76.449018485999943, 2.453479082000058 ], [ -76.448395554999934, 2.453811667000082 ], [ -76.448107334999918, 2.453080175000082 ], [ -76.447835256999952, 2.45269305000005 ] ] ] } },
{ "type": "Feature", "properties": { "OBJECTID": 111, "Id": 0, "nombre": "betania st", "observac": "vectorizado a partir de plano suministrado por la red rio piedras", "año_reg": 2006, "acto_ad": "0082 (26 mayo de 2006)" }, "geometry": { "type": "Polygon", "coordinates": [ [ [ -76.414361019999944, 2.46565901200006 ], [ -76.413332363999928, 2.465955939000082 ], [ -76.412540850999903, 2.465992720000088 ], [ -76.411214509999922, 2.465863011000067 ], [ -76.410655784999904, 2.465652767000051 ], [ -76.410046924999904, 2.465689639000061 ], [ -76.408811930999946, 2.465522794000094 ], [ -76.407996451999907, 2.465653605000057 ], [ -76.406957075999912, 2.465648702000067 ], [ -76.406276582999908, 2.465440582000042 ], [ -76.405691809999951, 2.465145026000073 ], [ -76.403957179999907, 2.464024348000066 ], [ -76.403305144999933, 2.463444435000042 ], [ -76.400806729999942, 2.459149891000038 ], [ -76.400522160999913, 2.458598598000037 ], [ -76.399560881999946, 2.456025503000092 ], [ -76.39855790699994, 2.455299198000091 ], [ -76.399156324999922, 2.454241924000087 ], [ -76.401210560999914, 2.455342031000043 ], [ -76.402309756999898, 2.456054559000052 ], [ -76.403669785999909, 2.457389326000055 ], [ -76.404404633999945, 2.458343598000056 ], [ -76.404644901999916, 2.45886214300009 ], [ -76.405469118999918, 2.459761161000074 ], [ -76.405791550999936, 2.460881118000088 ], [ -76.406526461999931, 2.461717881000084 ], [ -76.407089774999918, 2.462139818000082 ], [ -76.40840223899994, 2.462416976000043 ], [ -76.409364203999928, 2.46272160500007 ], [ -76.411212357999943, 2.463697176000039 ], [ -76.412091849999911, 2.464015586000073 ], [ -76.413459533999912, 2.463815819000047 ], [ -76.414361019999944, 2.46565901200006 ] ] ] } },
{ "type": "Feature", "properties": { "OBJECTID": 112, "Id": 0, "nombre": "el cabuyo", "observac": "vectorizado a partir de plano suministrado por la red piedras", "año_reg": 2003, "acto_ad": "0246 (29 agosto de 2003)" }, "geometry": { "type": "Polygon", "coordinates": [ [ [ -76.449534477999919, 2.433521319000079 ], [ -76.448428710999906, 2.433308472000078 ], [ -76.448081996999917, 2.433620460000043 ], [ -76.447891493999919, 2.433387445000051 ], [ -76.447923318999926, 2.432702947000053 ], [ -76.448882726999898, 2.432605159000047 ], [ -76.449200894999933, 2.432700380000085 ], [ -76.449599296999907, 2.433025394000083 ], [ -76.449534477999919, 2.433521319000079 ] ] ] } },
{ "type": "Feature", "properties": { "OBJECTID": 113, "Id": 0, "nombre": "el caimo", "observac": "vectorizado a partir de plano suministrado red piedras", "año_reg": 2003, "acto_ad": "0245 (29 agosto de 2003)" }, "geometry": { "type": "Polygon", "coordinates": [ [ [ -76.421528761999923, 2.431981261000089 ], [ -76.422085675999938, 2.431722409000088 ], [ -76.42327714399994, 2.43390048100008 ], [ -76.423305613999901, 2.436157285000093 ], [ -76.420886812999925, 2.436214714000073 ], [ -76.420783773999915, 2.434488556000076 ], [ -76.421016784999949, 2.433824141000059 ], [ -76.420963306999909, 2.432716564000089 ], [ -76.421200341999906, 2.432319634000066 ], [ -76.421528761999923, 2.431981261000089 ] ] ] } },
{ "type": "Feature", "properties": { "OBJECTID": 114, "Id": 0, "nombre": "el trebol", "observac": "vectorizado a partir de plano suministrado red piedras", "año_reg": 2003, "acto_ad": "0236 (29 agosto de 2003)" }, "geometry": { "type": "Polygon", "coordinates": [ [ [ -76.488012350999952, 2.455252218000055 ], [ -76.488046119999922, 2.453390802000058 ], [ -76.489863717999924, 2.453595981000092 ], [ -76.48896179399992, 2.456589337000082 ], [ -76.487825083999951, 2.45651150100008 ], [ -76.488012350999952, 2.455252218000055 ] ] ] } },
{ "type": "Feature", "properties": { "OBJECTID": 115, "Id": 0, "nombre": "el oasis", "observac": "vectorizado a partir de plano suministrado por red piedras", "año_reg": 2003, "acto_ad": "0234 (29 agosto de 2003)" }, "geometry": { "type": "Polygon", "coordinates": [ [ [ -76.51826240999992, 2.461835644000075 ], [ -76.517919220999943, 2.460908890000042 ], [ -76.517870535999919, 2.459963274000074 ], [ -76.5171195019999, 2.459237619000078 ], [ -76.516896674999941, 2.459400820000042 ], [ -76.516160365999951, 2.45957519500007 ], [ -76.515491914999927, 2.459992643000078 ], [ -76.515088119999916, 2.45954056000005 ], [ -76.515348892999953, 2.45892546500005 ], [ -76.515507502999924, 2.458838188000072 ], [ -76.515635964999944, 2.458617984000057 ], [ -76.515617281999937, 2.458154672000092 ], [ -76.51616108199994, 2.457873883000047 ], [ -76.516243993999922, 2.458230890000038 ], [ -76.516470697999921, 2.457824646000063 ], [ -76.515806425999926, 2.457285109000054 ], [ -76.515361213999938, 2.45656338100008 ], [ -76.515421783999898, 2.456179852000048 ], [ -76.51535019399995, 2.455834242000094 ], [ -76.51659241099992, 2.455694260000087 ], [ -76.516418578999946, 2.456066348000093 ], [ -76.51679977099991, 2.456396899000083 ], [ -76.516807223999933, 2.456632352000042 ], [ -76.516905355999938, 2.456708345000038 ], [ -76.517490543999941, 2.45676555700004 ], [ -76.517898202999902, 2.457008774000087 ], [ -76.518563091999908, 2.456074853000075 ], [ -76.519358976999911, 2.457890429000088 ], [ -76.51919278999992, 2.458038464000083 ], [ -76.519275596999933, 2.458649909000087 ], [ -76.52134097499993, 2.458305201000087 ], [ -76.522133685999904, 2.458685293000087 ], [ -76.521748424999942, 2.459053495000092 ], [ -76.521417766999946, 2.459720882000056 ], [ -76.521094595999898, 2.460625416000084 ], [ -76.521022603999938, 2.46124059300007 ], [ -76.520343045999937, 2.46113017600004 ], [ -76.519579900999929, 2.46227672100008 ], [ -76.519228639999938, 2.462591770000074 ], [ -76.519020833999946, 2.462948654000058 ], [ -76.51843561599992, 2.462956001000066 ], [ -76.51826240999992, 2.461835644000075 ] ] ] } },
{ "type": "Feature", "properties": { "OBJECTID": 116, "Id": 0, "nombre": "el carmen", "observac": "vectorizado a partir de plano suministrado red piedras", "año_reg": 2005, "acto_ad": "0076 (27 abril de 2005)" }, "geometry": { "type": "Polygon", "coordinates": [ [ [ -76.499421377999909, 2.445330075000072 ], [ -76.49741271399995, 2.444252316000075 ], [ -76.497641396999938, 2.443195739000089 ], [ -76.497902646999933, 2.443378099000086 ], [ -76.498372974999938, 2.443525503000046 ], [ -76.499167395999905, 2.443566154000052 ], [ -76.499658629999942, 2.443713566000042 ], [ -76.499421377999909, 2.445330075000072 ] ] ] } },
{ "type": "Feature", "properties": { "OBJECTID": 117, "Id": 0, "nombre": "la fortaleza", "observac": "vectorizado a partir de plano suministrado red piedras", "año_reg": 2005, "acto_ad": "0073 (27 abril de 2005)" }, "geometry": { "type": "Polygon", "coordinates": [ [ [ -76.484032163999927, 2.462522259000082 ], [ -76.483841483999925, 2.461576581000088 ], [ -76.484089311999924, 2.460913616000084 ], [ -76.484342120999941, 2.460587352000061 ], [ -76.485305179999898, 2.460907712000051 ], [ -76.48515491899991, 2.462353707000091 ], [ -76.484913386999949, 2.462286580000068 ], [ -76.484735027999932, 2.462473554000042 ], [ -76.484032163999927, 2.462522259000082 ] ] ] } },
{ "type": "Feature", "properties": { "OBJECTID": 118, "Id": 0, "nombre": "la aurora", "observac": "vectorizado plano suministrado red piedras, es aurora vereda laureles", "año_reg": 2005, "acto_ad": "0074 (27 abril de 2005)" }, "geometry": { "type": "Polygon", "coordinates": [ [ [ -76.508442121999906, 2.447051676000058 ], [ -76.508629073999941, 2.446406814000056 ], [ -76.510863531999917, 2.447049992000075 ], [ -76.511250986999926, 2.44569768100007 ], [ -76.511599941999918, 2.445823009000094 ], [ -76.51262807899991, 2.445695547000071 ], [ -76.51233796899993, 2.447175800000082 ], [ -76.511931791999928, 2.448016503000076 ], [ -76.5113663059999, 2.448108785000045 ], [ -76.511068591999901, 2.448369901000092 ], [ -76.507843991999948, 2.447563020000075 ], [ -76.508274288999928, 2.447269307000056 ], [ -76.508442121999906, 2.447051676000058 ] ] ] } },
{ "type": "Feature", "properties": { "OBJECTID": 119, "Id": 0, "nombre": "las veraneas", "observac": "vectorizado a partir de plano escaneado", "año_reg": 2003, "acto_ad": "0077 (24 abril de 2003)" }, "geometry": { "type": "Polygon", "coordinates": [ [ [ -76.441325209999945, 2.434547903000066 ], [ -76.440720874999897, 2.434651274000089 ], [ -76.439540465999926, 2.43453291600008 ], [ -76.439226566999935, 2.434629357000063 ], [ -76.438687701999925, 2.434968347000051 ], [ -76.4386719499999, 2.433608992000075 ], [ -76.438534560999926, 2.431917399000042 ], [ -76.440953890999936, 2.432236600000067 ], [ -76.441325209999945, 2.434547903000066 ] ] ] } },
{ "type": "Feature", "properties": { "OBJECTID": 120, "Id": 0, "nombre": "san pedro y el recuerdo", "observac": "vectorizado a partir de plano suministrado red piedras", "año_reg": 2003, "acto_ad": "0233 (29 agosto de 2003)" }, "geometry": { "type": "MultiPolygon", "coordinates": [ [ [ [ -76.450918031999947, 2.429730161000066 ], [ -76.450666493999904, 2.429666783000073 ], [ -76.449928056999909, 2.429753126000094 ], [ -76.450468519999902, 2.429626860000042 ], [ -76.452018039999928, 2.428507653000054 ], [ -76.452937962999897, 2.428854841000089 ], [ -76.454496983999945, 2.432386405000045 ], [ -76.453853943999945, 2.432697718000043 ], [ -76.453327286999922, 2.433189492000054 ], [ -76.453071018999935, 2.433278405000067 ], [ -76.452675063999948, 2.433210274000089 ], [ -76.452670677999947, 2.432622190000075 ], [ -76.452412460999938, 2.431888723000043 ], [ -76.45203532499994, 2.431424642000081 ], [ -76.451222534999943, 2.431107962000056 ], [ -76.451066589999925, 2.430850163000059 ], [ -76.451071530999911, 2.430240997000055 ], [ -76.450918031999947, 2.429730161000066 ] ] ], [ [ [ -76.4281792889999, 2.440626353000084 ], [ -76.426116339999908, 2.440827015000082 ], [ -76.425233448999904, 2.44039355600006 ], [ -76.424872996999909, 2.440089890000081 ], [ -76.425650489999953, 2.43781410400004 ], [ -76.426045121999948, 2.435915641000065 ], [ -76.427325541999949, 2.436064310000063 ], [ -76.427936231999922, 2.436312580000049 ], [ -76.429017673999908, 2.437045922000038 ], [ -76.429370895999909, 2.437083105000056 ], [ -76.430979051999941, 2.436706375000085 ], [ -76.431380106999939, 2.436747281000066 ], [ -76.431821510999953, 2.437050985000042 ], [ -76.432240913999919, 2.437195530000054 ], [ -76.431143642999928, 2.438771662000079 ], [ -76.429368973999942, 2.441076576000057 ], [ -76.428806150999947, 2.440758008000046 ], [ -76.4281792889999, 2.440626353000084 ] ] ] ] } },
{ "type": "Feature", "properties": { "OBJECTID": 121, "Id": 0, "nombre": "santa marta", "observac": "vectorizado a partir de plano suministrado red piedras", "año_reg": 2003, "acto_ad": "0076 (24 abril de 2003)" }, "geometry": { "type": "Polygon", "coordinates": [ [ [ -76.441831002999947, 2.421487547000083 ], [ -76.440516530999901, 2.422303125000042 ], [ -76.440227707999952, 2.421714794000081 ], [ -76.439288411999939, 2.421126153000046 ], [ -76.438184594999939, 2.421089278000068 ], [ -76.437580245999925, 2.42081141500006 ], [ -76.436815269999897, 2.419796580000082 ], [ -76.436467359999938, 2.419112391000056 ], [ -76.4366155109999, 2.418441656000084 ], [ -76.437538695999933, 2.418356181000092 ], [ -76.438501403999908, 2.418055933000062 ], [ -76.439477008999916, 2.418274491000091 ], [ -76.439746482999908, 2.418089570000063 ], [ -76.440304799999922, 2.418450021000069 ], [ -76.44019611199991, 2.419038164000085 ], [ -76.441270197999927, 2.419421991000092 ], [ -76.441263382999921, 2.419944093000083 ], [ -76.441470013999947, 2.420664564000049 ], [ -76.441831002999947, 2.421487547000083 ] ] ] } },
{ "type": "Feature", "properties": { "OBJECTID": 122, "Id": 0, "nombre": "santa ines", "observac": "vectorizado a partir de plano suministrado red piedras", "año_reg": 2003, "acto_ad": "0250 (29 agosto 2003)" }, "geometry": { "type": "Polygon", "coordinates": [ [ [ -76.445365387999914, 2.447873648000041 ], [ -76.446043378999946, 2.447824446000084 ], [ -76.447085071999936, 2.447562076000054 ], [ -76.448058426999921, 2.447648255000047 ], [ -76.448266668999906, 2.447800739000058 ], [ -76.448021870999924, 2.448873036000066 ], [ -76.447256740999933, 2.448975533000066 ], [ -76.447023539999918, 2.449544963000051 ], [ -76.445976197999926, 2.449734946000092 ], [ -76.445671666999942, 2.448959540000089 ], [ -76.445806152999921, 2.44889674500007 ], [ -76.445853605999901, 2.448666285000058 ], [ -76.445365387999914, 2.447873648000041 ] ] ] } },
{ "type": "Feature", "properties": { "OBJECTID": 123, "Id": 0, "nombre": "la palma", "observac": "vectorizado a partir de plano suministrado red piedras prop francisco lame", "año_reg": 2003, "acto_ad": "0230 (29 agosto 2003)" }, "geometry": { "type": "Polygon", "coordinates": [ [ [ -76.434596773999942, 2.431229981000058 ], [ -76.434009364999952, 2.428045300000065 ], [ -76.435606940999946, 2.428049340000086 ], [ -76.437029004999943, 2.427654018000055 ], [ -76.437735037999914, 2.42770672000006 ], [ -76.438421470999913, 2.427923050000061 ], [ -76.438733732999935, 2.42812611100004 ], [ -76.438870270999928, 2.428378179000049 ], [ -76.439172811999924, 2.428496143000075 ], [ -76.439406847999919, 2.428987170000084 ], [ -76.4396145259999, 2.430175284000086 ], [ -76.439903990999937, 2.430424152000057 ], [ -76.440434222999897, 2.430692772000043 ], [ -76.441189074999897, 2.430722587000048 ], [ -76.441592482999908, 2.430837326000074 ], [ -76.442766799999902, 2.431436801000075 ], [ -76.442239609999945, 2.431616552000094 ], [ -76.441204615999936, 2.432267340000067 ], [ -76.438003161999916, 2.431797805000087 ], [ -76.437076004999938, 2.431466812000053 ], [ -76.434596773999942, 2.431229981000058 ] ] ] } },
{ "type": "Feature", "properties": { "OBJECTID": 124, "Id": 0, "nombre": "san ignacio", "observac": "vectorizado a partir de plano suministrado red piedras", "año_reg": 2003, "acto_ad": "0259 (29 agosto 2003)" }, "geometry": { "type": "Polygon", "coordinates": [ [ [ -76.449486637999939, 2.452487959000052 ], [ -76.449943231999953, 2.452241893000064 ], [ -76.450209002999941, 2.452395066000065 ], [ -76.4500479699999, 2.452669419000074 ], [ -76.449762460999921, 2.453582291000089 ], [ -76.449398539999947, 2.453872380000064 ], [ -76.449034723999944, 2.453940815000067 ], [ -76.448782743999914, 2.454215125000076 ], [ -76.448796391999906, 2.454946944000085 ], [ -76.44868067099992, 2.455562597000039 ], [ -76.447986535999917, 2.455127753000056 ], [ -76.447909908999918, 2.454432846000088 ], [ -76.448349246999953, 2.453692447000094 ], [ -76.44885834899992, 2.453365484000074 ], [ -76.449171692999926, 2.452769276000083 ], [ -76.449486637999939, 2.452487959000052 ] ] ] } },
{ "type": "Feature", "properties": { "OBJECTID": 125, "Id": 0, "nombre": "el retorno", "observac": "vectorizado a partir de plano suministrado por red piedras", "año_reg": 2003, "acto_ad": "0257 (29 agosto de 2003)" }, "geometry": { "type": "Polygon", "coordinates": [ [ [ -76.441624213999944, 2.449767114000053 ], [ -76.441617507999922, 2.449695931000065 ], [ -76.440967112999942, 2.44972273500008 ], [ -76.440748737999911, 2.448319367000067 ], [ -76.440341633999935, 2.44695319300007 ], [ -76.441231245999916, 2.447014631000059 ], [ -76.442137552999952, 2.447401472000081 ], [ -76.442767707999906, 2.447418721000076 ], [ -76.442689891999919, 2.44807286200006 ], [ -76.442507710999905, 2.448513413000057 ], [ -76.442480141999908, 2.449801420000085 ], [ -76.442547396999942, 2.450103120000051 ], [ -76.441843071999926, 2.450153625000041 ], [ -76.441765736999912, 2.449790909000058 ], [ -76.441624213999944, 2.449767114000053 ] ] ] } },
{ "type": "Feature", "properties": { "OBJECTID": 126, "Id": 0, "nombre": "la primavera", "observac": "se vectorizo a partir de plano suministrado red piedras", "año_reg": 2003, "acto_ad": "0251 (29 Agosto de 2003)" }, "geometry": { "type": "Polygon", "coordinates": [ [ [ -76.507468954999922, 2.457953566000072 ], [ -76.508200415999909, 2.457848255000044 ], [ -76.508642497999915, 2.458044874000052 ], [ -76.509056758999918, 2.458678812000073 ], [ -76.509710727999902, 2.458840313000053 ], [ -76.509851992999927, 2.460245023000084 ], [ -76.509510715999909, 2.461278905000086 ], [ -76.508539711999902, 2.461461943000074 ], [ -76.508062437999911, 2.461700787000041 ], [ -76.507804497999928, 2.46172105900007 ], [ -76.507493173999933, 2.461639389000084 ], [ -76.50714691099995, 2.461402042000088 ], [ -76.506146586999932, 2.461218152000072 ], [ -76.506482958999925, 2.458735147000084 ], [ -76.507297357999903, 2.458557602000042 ], [ -76.507468954999922, 2.457953566000072 ] ] ] } },
{ "type": "Feature", "properties": { "OBJECTID": 127, "Id": 0, "nombre": "el recuerdo", "observac": "vectorizado plano suministrado red piedras prop victor escobar", "año_reg": 2003, "acto_ad": "0075 (24 abril 2003)" }, "geometry": { "type": "Polygon", "coordinates": [ [ [ -76.432405369999913, 2.432590761000085 ], [ -76.431803163999916, 2.43262685500008 ], [ -76.430550101999927, 2.433074409000085 ], [ -76.4301793489999, 2.433135109000091 ], [ -76.429934015999947, 2.431978264000065 ], [ -76.430448439999907, 2.432081249000078 ], [ -76.430743539999924, 2.432009097000048 ], [ -76.430898710999941, 2.431856971000059 ], [ -76.431019957999922, 2.431449893000092 ], [ -76.43104563299994, 2.430498016000058 ], [ -76.4311365289999, 2.430274833000055 ], [ -76.43144936199991, 2.430036536000046 ], [ -76.431802466999898, 2.429960606000066 ], [ -76.432175694999898, 2.429996300000084 ], [ -76.432770672999936, 2.430407529000092 ], [ -76.433617858999924, 2.430788440000072 ], [ -76.434732511999925, 2.430870151000079 ], [ -76.435211704999915, 2.430814574000067 ], [ -76.435448741999949, 2.430865422000068 ], [ -76.435937834999947, 2.431205572000067 ], [ -76.437309677999906, 2.431388871000081 ], [ -76.438182123999923, 2.431688618000067 ], [ -76.438270926999905, 2.434719729000051 ], [ -76.437543171999948, 2.434759511000038 ], [ -76.436345323999944, 2.434441900000081 ], [ -76.43556867399991, 2.434383738000065 ], [ -76.434590181999909, 2.433683381000094 ], [ -76.433686233999936, 2.432841797000037 ], [ -76.432405369999913, 2.432590761000085 ] ] ] } },
{ "type": "Feature", "properties": { "OBJECTID": 128, "Id": 0, "nombre": "el retiro", "observac": "vectorizado a partir de plano suministrado red piedras", "año_reg": 2003, "acto_ad": "0224 (29 agosto de 2003)" }, "geometry": { "type": "Polygon", "coordinates": [ [ [ -76.390571941999951, 2.435922681000079 ], [ -76.390432386999919, 2.432595191000075 ], [ -76.390513702999897, 2.432121230000064 ], [ -76.391116889999921, 2.431739279000055 ], [ -76.391770698999949, 2.431454194000082 ], [ -76.392961650999951, 2.431123512000056 ], [ -76.395085210999923, 2.430298915000094 ], [ -76.401246453999931, 2.431168505000073 ], [ -76.402122568999914, 2.432183216000055 ], [ -76.404406842999947, 2.43423838800004 ], [ -76.405267945999924, 2.43488102200007 ], [ -76.406493988999898, 2.435319966000066 ], [ -76.406752210999912, 2.435732938000058 ], [ -76.404877111999951, 2.436205998000048 ], [ -76.403959945999929, 2.436210632000041 ], [ -76.403007397999943, 2.436041955000064 ], [ -76.401781304999929, 2.435704945000055 ], [ -76.401102280999908, 2.435745375000067 ], [ -76.400301561999925, 2.435948841000084 ], [ -76.399105335999934, 2.436682175000044 ], [ -76.399059664999925, 2.436814668000068 ], [ -76.398466571999904, 2.437273080000068 ], [ -76.397310610999909, 2.438541597000039 ], [ -76.39695049799991, 2.43921928900005 ], [ -76.396849120999946, 2.439285496000082 ], [ -76.39650963899993, 2.43924454800009 ], [ -76.396226019999915, 2.438958981000042 ], [ -76.395881815999928, 2.438235058000089 ], [ -76.395116919999907, 2.437740276000056 ], [ -76.39390650699994, 2.436465453000039 ], [ -76.393404971999928, 2.436235839000062 ], [ -76.39217378099994, 2.435970173000044 ], [ -76.390571941999951, 2.435922681000079 ] ] ] } },
{ "type": "Feature", "properties": { "OBJECTID": 129, "Id": 0, "nombre": "el palmichal", "observac": "vectorizado a partir plano suministrado red piedras", "año_reg": 2003, "acto_ad": "0078 (24 abril de 2003)" }, "geometry": { "type": "Polygon", "coordinates": [ [ [ -76.447408983999935, 2.43800512200005 ], [ -76.44676925999994, 2.438563664000071 ], [ -76.446975997999914, 2.439206962000071 ], [ -76.446755767999946, 2.439394018000087 ], [ -76.44676351499993, 2.439639175000082 ], [ -76.44625749699992, 2.44009497400009 ], [ -76.444826333999913, 2.440592511000091 ], [ -76.444537780999951, 2.441167035000092 ], [ -76.444186509999952, 2.441359300000045 ], [ -76.443743558999927, 2.441451351000069 ], [ -76.441708055999925, 2.439715852000063 ], [ -76.441946921999943, 2.438914603000057 ], [ -76.443760539999914, 2.438783665000074 ], [ -76.444751012999916, 2.439142640000057 ], [ -76.445086703999948, 2.438641948000054 ], [ -76.445490393999933, 2.438439163000055 ], [ -76.445773628999916, 2.438025435000043 ], [ -76.445996461999925, 2.437875286000065 ], [ -76.447029073999943, 2.437794057000076 ], [ -76.447408983999935, 2.43800512200005 ] ] ] } },
{ "type": "Feature", "properties": { "OBJECTID": 130, "Id": 0, "nombre": "la pequeñita", "observac": "vectorizado a partir de plano suministrado red piedras", "año_reg": 2003, "acto_ad": "0231 (29 agosto de 2003)" }, "geometry": { "type": "Polygon", "coordinates": [ [ [ -76.505856366999922, 2.463724751000086 ], [ -76.506284953999909, 2.463767068000038 ], [ -76.506311470999947, 2.464535169000044 ], [ -76.505925222999906, 2.464553176000038 ], [ -76.505856366999922, 2.463724751000086 ] ] ] } },
{ "type": "Feature", "properties": { "OBJECTID": 131, "Id": 0, "nombre": "la ceja", "observac": "vectorizado a partir de plano suministrado red piedras", "año_reg": 2003, "acto_ad": "0228 (29 agosto de 2003)" }, "geometry": { "type": "Polygon", "coordinates": [ [ [ -76.425149701999942, 2.437416363000068 ], [ -76.416194069999904, 2.436331854000059 ], [ -76.413977268999929, 2.436484224000083 ], [ -76.413286483999912, 2.436194311000065 ], [ -76.41380543899993, 2.434651165000048 ], [ -76.415884091999942, 2.434414750000087 ], [ -76.416347670999926, 2.434247030000051 ], [ -76.417067445999919, 2.434125767000069 ], [ -76.417487751999943, 2.434140454000044 ], [ -76.418495159999907, 2.434537662000082 ], [ -76.419402020999939, 2.434497570000076 ], [ -76.419989436999913, 2.434234351000043 ], [ -76.420245751999914, 2.434037570000044 ], [ -76.420816101999947, 2.433348675000047 ], [ -76.42084161899993, 2.434156587000075 ], [ -76.420694576999949, 2.434608243000071 ], [ -76.420705529999907, 2.435763632000089 ], [ -76.425507453999899, 2.435821007000072 ], [ -76.42537485999992, 2.436165531000086 ], [ -76.425149701999942, 2.437416363000068 ] ] ] } },
{ "type": "Feature", "properties": { "OBJECTID": 132, "Id": 0, "nombre": "el naranjal", "observac": "vectorizado a partir de plano suministrado red piedras", "año_reg": 2003, "acto_ad": "0262 (29 agosto 2003)" }, "geometry": { "type": "Polygon", "coordinates": [ [ [ -76.501918576999913, 2.448155347000068 ], [ -76.502117038999927, 2.446358720000092 ], [ -76.502590575999932, 2.445215562000044 ], [ -76.502978879999944, 2.445258340000066 ], [ -76.503317718999938, 2.445400520000078 ], [ -76.503388386999916, 2.445251416000076 ], [ -76.503614273999915, 2.445358038000052 ], [ -76.504865155999937, 2.442567635000046 ], [ -76.505076888999952, 2.442752369000061 ], [ -76.505104988999904, 2.443086158000085 ], [ -76.505316591999929, 2.443576262000079 ], [ -76.506700200999944, 2.444116582000049 ], [ -76.507533138999918, 2.444564343000081 ], [ -76.508069521999914, 2.445054587000072 ], [ -76.507059346999938, 2.446318244000054 ], [ -76.508365363999928, 2.44669519200005 ], [ -76.50828761799994, 2.446886903000063 ], [ -76.508471161999921, 2.446950897000079 ], [ -76.508216703999949, 2.447618342000055 ], [ -76.50925428499994, 2.448328951000065 ], [ -76.508929272999922, 2.448875638000061 ], [ -76.507849398999952, 2.448001673000078 ], [ -76.506825745999947, 2.447745573000077 ], [ -76.50547008399991, 2.447887022000089 ], [ -76.504778019999947, 2.448220500000048 ], [ -76.504071776999922, 2.448688902000072 ], [ -76.50246175399991, 2.44926343700007 ], [ -76.502158496999925, 2.448467923000067 ], [ -76.501918576999913, 2.448155347000068 ] ] ] } },
{ "type": "Feature", "properties": { "OBJECTID": 133, "Id": 0, "nombre": "el cerro arrayan", "observac": "vectorizado a partir de plano suministrado red piedras", "año_reg": 2003, "acto_ad": "0238 (29 agosto de 2003)" }, "geometry": { "type": "Polygon", "coordinates": [ [ [ -76.454741937999927, 2.421395954000047 ], [ -76.455390750999925, 2.424217432000091 ], [ -76.454269747999945, 2.424954900000046 ], [ -76.453879464999943, 2.425428028000056 ], [ -76.453669125999909, 2.425054264000039 ], [ -76.452331792999928, 2.424982021000062 ], [ -76.453180931999952, 2.423023787000091 ], [ -76.453184183999952, 2.422684376000063 ], [ -76.452497333999929, 2.421802828000068 ], [ -76.451927944999909, 2.421307456000079 ], [ -76.451578188999918, 2.421170282000048 ], [ -76.451748557999906, 2.420946162000064 ], [ -76.453126615999906, 2.419965932000082 ], [ -76.454185827999936, 2.41894818600008 ], [ -76.454581744999928, 2.419683246000091 ], [ -76.455370821999907, 2.420421601000044 ], [ -76.455237581999938, 2.420689333000041 ], [ -76.454776101999926, 2.421156201000088 ], [ -76.454741937999927, 2.421395954000047 ] ] ] } },
{ "type": "Feature", "properties": { "OBJECTID": 134, "Id": 0, "nombre": "el motilonal", "observac": "vectorizado a partir de plano suministrado red piedras", "año_reg": 2003, "acto_ad": "0260 (29 agosto de 2003)" }, "geometry": { "type": "Polygon", "coordinates": [ [ [ -76.422393751999948, 2.434345975000042 ], [ -76.421584698999936, 2.432804561000069 ], [ -76.422144393999929, 2.432751373000087 ], [ -76.42231621399992, 2.433050225000045 ], [ -76.422553791999917, 2.433147835000057 ], [ -76.423269852999908, 2.43302553400008 ], [ -76.423423090999904, 2.43295956500009 ], [ -76.424186369999916, 2.432179996000059 ], [ -76.424161114999947, 2.43268002800005 ], [ -76.424298579999913, 2.432900240000038 ], [ -76.424876790999917, 2.433353393000061 ], [ -76.424860938999927, 2.433806256000082 ], [ -76.424967046999939, 2.434215149000067 ], [ -76.425220188999901, 2.434457433000091 ], [ -76.425792226999931, 2.434743901000047 ], [ -76.425541543999941, 2.435885389000077 ], [ -76.422371144999943, 2.435830371000065 ], [ -76.422393751999948, 2.434345975000042 ] ] ] } },
{ "type": "Feature", "properties": { "OBJECTID": 135, "Id": 0, "nombre": "monte redondo", "observac": "vectorizado a partir de plano suministrado red piedras", "año_reg": 2003, "acto_ad": "0243 (29 agosto de 2003)" }, "geometry": { "type": "Polygon", "coordinates": [ [ [ -76.414525003999927, 2.463047906000043 ], [ -76.413942390999921, 2.462164462000089 ], [ -76.414454218999936, 2.461726621000082 ], [ -76.414532541999904, 2.461791563000077 ], [ -76.415201160999914, 2.461189224000066 ], [ -76.414551659999916, 2.460419328000057 ], [ -76.415441977999933, 2.458882952000067 ], [ -76.415748285999939, 2.459281799000053 ], [ -76.416033756999923, 2.459873027000071 ], [ -76.416614418999927, 2.460044849000042 ], [ -76.417077412999902, 2.46049245100005 ], [ -76.417181008999933, 2.460712711000042 ], [ -76.417203887999904, 2.461048830000038 ], [ -76.417420144999937, 2.461509565000085 ], [ -76.41653752499991, 2.461750846000086 ], [ -76.416219416999922, 2.461910627000066 ], [ -76.415935706999903, 2.462413487000049 ], [ -76.415672936999897, 2.462515346000089 ], [ -76.415255836999904, 2.462466459000041 ], [ -76.414953890999925, 2.462565981000068 ], [ -76.414525003999927, 2.463047906000043 ] ] ] } },
{ "type": "Feature", "properties": { "OBJECTID": 136, "Id": 0, "nombre": "la montaña y la palma", "observac": "vectorizado a partir de plano suministrado red piedras", "año_reg": 2003, "acto_ad": "0263 (29 agosto 2003)" }, "geometry": { "type": "MultiPolygon", "coordinates": [ [ [ [ -76.455732560999934, 2.431549465000046 ], [ -76.455515025999944, 2.428985763000071 ], [ -76.457880397999929, 2.429664802000048 ], [ -76.457040266999911, 2.43180598500004 ], [ -76.455732560999934, 2.431549465000046 ] ] ], [ [ [ -76.455585189999908, 2.445378915000049 ], [ -76.455142860999899, 2.445618216000071 ], [ -76.454969805999951, 2.445356854000067 ], [ -76.45493592999992, 2.445052009000051 ], [ -76.454806096999903, 2.444946192000089 ], [ -76.454540126999916, 2.444989614000065 ], [ -76.454069951999941, 2.445260006000069 ], [ -76.452863868999941, 2.445330981000041 ], [ -76.452719197999897, 2.443884534000063 ], [ -76.451826000999915, 2.442776779000042 ], [ -76.451758136999899, 2.442412820000072 ], [ -76.451377942999898, 2.442036271000063 ], [ -76.451121516999933, 2.441510478000055 ], [ -76.45138456199993, 2.441103127000076 ], [ -76.451381554999898, 2.440919607000069 ], [ -76.451224002999936, 2.440574268000091 ], [ -76.451171838999926, 2.439697085000091 ], [ -76.451462772999946, 2.439168439000071 ], [ -76.45142908999992, 2.43844990000008 ], [ -76.451494101999913, 2.438297516000091 ], [ -76.451902122999911, 2.438680298000065 ], [ -76.452433157999906, 2.440534401000093 ], [ -76.452874915999928, 2.441523744000051 ], [ -76.452890167999897, 2.441974773000084 ], [ -76.453270166999914, 2.442771237000045 ], [ -76.454012420999902, 2.442619171000047 ], [ -76.454794545999903, 2.443179427000075 ], [ -76.4550695719999, 2.443611914000087 ], [ -76.456999109999913, 2.44391470700009 ], [ -76.456602191999934, 2.446264672000041 ], [ -76.455585189999908, 2.445378915000049 ] ] ] ] } },
{ "type": "Feature", "properties": { "OBJECTID": 137, "Id": 0, "nombre": "la concepcion", "observac": "vectorizado a partir de plano suministrado red piedras", "año_reg": 2003, "acto_ad": "0247 (29 agosto de 2003)" }, "geometry": { "type": "Polygon", "coordinates": [ [ [ -76.448950018999938, 2.432393638000065 ], [ -76.448404450999931, 2.432387604000041 ], [ -76.446972426999935, 2.432691154000054 ], [ -76.446616899999924, 2.431558805000066 ], [ -76.447181741999941, 2.431279878000055 ], [ -76.447763761999909, 2.431110710000041 ], [ -76.449283722999951, 2.431063289000065 ], [ -76.449817684999914, 2.431325405000052 ], [ -76.450489346999916, 2.431864855000072 ], [ -76.450667259999932, 2.432113325000046 ], [ -76.450623026999949, 2.432554239000069 ], [ -76.450312711999914, 2.432987326000045 ], [ -76.450492460999897, 2.433403314000088 ], [ -76.449417027999914, 2.432555598000079 ], [ -76.448950018999938, 2.432393638000065 ] ] ] } },
{ "type": "Feature", "properties": { "OBJECTID": 138, "Id": 0, "nombre": "el derrumbo", "observac": "vectorizado a partir de plano suministrado red piedras", "año_reg": 2003, "acto_ad": "0244 (29 agosto de 2003)" }, "geometry": { "type": "Polygon", "coordinates": [ [ [ -76.504384037999898, 2.464213179000069 ], [ -76.504320567999912, 2.462168646000066 ], [ -76.504922396999916, 2.462218402000076 ], [ -76.505315122999946, 2.464400140000066 ], [ -76.504384037999898, 2.464213179000069 ] ] ] } },
{ "type": "Feature", "properties": { "OBJECTID": 139, "Id": 0, "nombre": "la esperanza", "observac": "vectorizado a partir de plano suministrado red piedras", "año_reg": 2003, "acto_ad": "0253 (29 agosto de 2003)" }, "geometry": { "type": "Polygon", "coordinates": [ [ [ -76.435262517999945, 2.44244726800008 ], [ -76.434595620999914, 2.441847429000063 ], [ -76.432696492999924, 2.441016098000091 ], [ -76.431503283999916, 2.440595587000075 ], [ -76.43086160699994, 2.440597976000049 ], [ -76.430179723999913, 2.440459918000045 ], [ -76.430468601999905, 2.43992400400009 ], [ -76.431161291999899, 2.439918940000041 ], [ -76.435481454999945, 2.439376874000061 ], [ -76.435262517999945, 2.44244726800008 ] ] ] } },
{ "type": "Feature", "properties": { "OBJECTID": 140, "Id": 0, "nombre": "la irlanda", "observac": "vectorizado a partir de plano suministrado red piedras", "año_reg": 2003, "acto_ad": "0227 (29 agosto de 2003)" }, "geometry": { "type": "Polygon", "coordinates": [ [ [ -76.452617987999929, 2.458262880000063 ], [ -76.452456276999897, 2.457808487000079 ], [ -76.451224775999947, 2.457865765000065 ], [ -76.450324105999925, 2.456663116000072 ], [ -76.450113071999908, 2.45689017400008 ], [ -76.448850024999899, 2.456073092000054 ], [ -76.448969465999937, 2.455798845000061 ], [ -76.4490807439999, 2.454759544000069 ], [ -76.449317352999913, 2.454515355000069 ], [ -76.449749887999928, 2.454453414000056 ], [ -76.450090884999952, 2.454226418000076 ], [ -76.450515325999902, 2.453251555000065 ], [ -76.450694402999943, 2.453018053000051 ], [ -76.451940701999945, 2.453198654000062 ], [ -76.452388056999951, 2.45333816100009 ], [ -76.452720436999925, 2.453314745000057 ], [ -76.453300100999911, 2.452995711000085 ], [ -76.45351119399993, 2.452637930000094 ], [ -76.454133492999915, 2.45226748400006 ], [ -76.455004269999904, 2.453613698000083 ], [ -76.456318342999907, 2.454670814000053 ], [ -76.455753441999946, 2.455313449000073 ], [ -76.454397847999928, 2.456489317000091 ], [ -76.45374963699993, 2.457594799000049 ], [ -76.453176221999911, 2.458215998000071 ], [ -76.452798969999947, 2.458513696000068 ], [ -76.452617987999929, 2.458262880000063 ] ] ] } },
{ "type": "Feature", "properties": { "OBJECTID": 141, "Id": 0, "nombre": "mirador el consuelo", "observac": "vectorizado a partir de plano suministrado red piedras", "año_reg": 2003, "acto_ad": "0261 (29 agosto de 2003)" }, "geometry": { "type": "Polygon", "coordinates": [ [ [ -76.505977455999925, 2.463400006000086 ], [ -76.50605418799995, 2.463025087000062 ], [ -76.505844554999953, 2.46318713800008 ], [ -76.505419444999916, 2.463043052000046 ], [ -76.505058936999944, 2.462615247000087 ], [ -76.504853576999949, 2.462211830000058 ], [ -76.504666237999913, 2.462075955000046 ], [ -76.504441121999946, 2.460754402000077 ], [ -76.505033605999927, 2.460602651000045 ], [ -76.505313882999928, 2.460164990000067 ], [ -76.505948858999943, 2.459599796000077 ], [ -76.506096095999908, 2.459271522000051 ], [ -76.506569651999939, 2.459214978000091 ], [ -76.507099690999951, 2.459012530000052 ], [ -76.507268593999925, 2.459853713000086 ], [ -76.50680105899994, 2.459967010000071 ], [ -76.506345537999948, 2.460256642000047 ], [ -76.506133943999941, 2.460295059000089 ], [ -76.506377470999951, 2.460976160000087 ], [ -76.506324796999934, 2.46163686500006 ], [ -76.50641472399991, 2.463386009000089 ], [ -76.505977455999925, 2.463400006000086 ] ] ] } },
{ "type": "Feature", "properties": { "OBJECTID": 142, "Id": 0, "nombre": "el jardin", "observac": "vectorizado a partir de plano suministrado red piedras", "año_reg": 2003, "acto_ad": "0242 (29 agosto de 2003)" }, "geometry": { "type": "Polygon", "coordinates": [ [ [ -76.487238891999937, 2.454935049000085 ], [ -76.487267971999927, 2.454863641000088 ], [ -76.487771484999939, 2.454847634000089 ], [ -76.487971714999901, 2.45457827000007 ], [ -76.488394442999947, 2.454776490000086 ], [ -76.48934627999995, 2.45547164900006 ], [ -76.489049174999934, 2.455848102000061 ], [ -76.487238891999937, 2.454935049000085 ] ] ] } },
{ "type": "Feature", "properties": { "OBJECTID": 143, "Id": 0, "nombre": "el jazmin", "observac": "vectorizado a partir de plano suministrado red piedras", "año_reg": 2003, "acto_ad": "0241 (29 agosto de 2003)" }, "geometry": { "type": "Polygon", "coordinates": [ [ [ -76.45819273099994, 2.46695621300006 ], [ -76.456190591999928, 2.468502089000083 ], [ -76.455658456999913, 2.467808762000061 ], [ -76.455690082999922, 2.467156655000053 ], [ -76.455389415999946, 2.467121859000088 ], [ -76.455229871999904, 2.466709089000062 ], [ -76.455913220999946, 2.465531183000053 ], [ -76.45819273099994, 2.46695621300006 ] ] ] } },
{ "type": "Feature", "properties": { "OBJECTID": 144, "Id": 0, "nombre": "la cantera y la laguna", "observac": "vectorizado a partir de plano suministrado red piedras", "año_reg": 2003, "acto_ad": "0226 (29 agosto de 2003)" }, "geometry": { "type": "Polygon", "coordinates": [ [ [ -76.483743808999918, 2.465011699000058 ], [ -76.483420949999925, 2.46492347800006 ], [ -76.483106121999924, 2.465234353000085 ], [ -76.482512228999951, 2.465433631000053 ], [ -76.481685770999945, 2.465559866000092 ], [ -76.480585705999943, 2.465607534000071 ], [ -76.480064586999902, 2.465228848000038 ], [ -76.479727631999936, 2.463013043000046 ], [ -76.480042528999945, 2.46254941300009 ], [ -76.480068710999944, 2.462133818000041 ], [ -76.479800700999931, 2.46177726600007 ], [ -76.480327506999913, 2.461677043000066 ], [ -76.480646101999923, 2.462117566000074 ], [ -76.480948406999914, 2.462274587000081 ], [ -76.482153860999915, 2.462136138000062 ], [ -76.483654962999935, 2.461743227000056 ], [ -76.484593620999931, 2.461595021000051 ], [ -76.484915265999916, 2.461335068000039 ], [ -76.485360268999898, 2.461583853000093 ], [ -76.485668307999902, 2.46003481300005 ], [ -76.485340930999939, 2.459683261000066 ], [ -76.485053639999933, 2.459207271000082 ], [ -76.484842835999928, 2.458592217000046 ], [ -76.484792095999921, 2.458119993000082 ], [ -76.4855748519999, 2.457406552000066 ], [ -76.485738869999921, 2.456839253000055 ], [ -76.486338872999909, 2.457912040000053 ], [ -76.486400431999925, 2.45860755700005 ], [ -76.486640441999953, 2.459017638000091 ], [ -76.486953314999937, 2.459252048000053 ], [ -76.486585325999897, 2.460207267000044 ], [ -76.486544932999948, 2.461023534000049 ], [ -76.487327451999931, 2.46176431400005 ], [ -76.488717469999926, 2.461455122000075 ], [ -76.4886473709999, 2.462294384000074 ], [ -76.488718424999945, 2.462963139000067 ], [ -76.48971632599995, 2.46441711500006 ], [ -76.48888418699994, 2.465015383000093 ], [ -76.487615169999913, 2.46655751600008 ], [ -76.486751456999912, 2.467386967000039 ], [ -76.486363060999906, 2.466989076000061 ], [ -76.486032182999907, 2.466468730000088 ], [ -76.485624615999939, 2.466107987000044 ], [ -76.484527485999934, 2.465705648000039 ], [ -76.483743808999918, 2.465011699000058 ] ] ] } },
{ "type": "Feature", "properties": { "OBJECTID": 145, "Id": 0, "nombre": "laguna", "observac": "vectorizado a partir plano suministrado red piedras, se conoce tambien como laurel", "año_reg": 2003, "acto_ad": "0229 (29 agosto de 2003)" }, "geometry": { "type": "Polygon", "coordinates": [ [ [ -76.487348307999923, 2.454732328000091 ], [ -76.487624213999936, 2.454442328000084 ], [ -76.487832453999943, 2.454443836000053 ], [ -76.488517051999906, 2.455865039000059 ], [ -76.487966834999952, 2.456017639000038 ], [ -76.487348307999923, 2.454732328000091 ] ] ] } },
{ "type": "Feature", "properties": { "OBJECTID": 146, "Id": 0, "nombre": "los laureles", "observac": "vectorizado a partir de plano suministrado por la red piedras", "año_reg": 2003, "acto_ad": "0223 (29 agosto de 2003)" }, "geometry": { "type": "Polygon", "coordinates": [ [ [ -76.499388521999947, 2.448577175000082 ], [ -76.499769202999914, 2.448292449000064 ], [ -76.500393666999912, 2.448561543000039 ], [ -76.501050249999935, 2.448449332000052 ], [ -76.501215906999903, 2.448285773000066 ], [ -76.501329313999918, 2.448025767000047 ], [ -76.501086763999922, 2.44798183100005 ], [ -76.500960362999933, 2.448056287000043 ], [ -76.50046373899994, 2.447743419000062 ], [ -76.500477133999937, 2.446995399000059 ], [ -76.500574570999902, 2.446717853000052 ], [ -76.501100594999912, 2.44621550100004 ], [ -76.500265727999931, 2.445458346000066 ], [ -76.500300660999926, 2.445288887000061 ], [ -76.500431427999899, 2.445192518000056 ], [ -76.500588505999929, 2.444711921000078 ], [ -76.502049594999903, 2.44502228500005 ], [ -76.502456289999941, 2.44503999300008 ], [ -76.50267071199994, 2.442927495000049 ], [ -76.503208105999931, 2.443005160000041 ], [ -76.503408696999941, 2.442664836000063 ], [ -76.503766154999937, 2.442334807000066 ], [ -76.503191072999925, 2.442075963000093 ], [ -76.503555901999903, 2.441490264000038 ], [ -76.503694068999948, 2.441071019000049 ], [ -76.504001983999899, 2.441107677000048 ], [ -76.504527691999897, 2.441338740000049 ], [ -76.504990782999926, 2.44194525000006 ], [ -76.50477563599992, 2.442358618000071 ], [ -76.504842344999929, 2.442607015000078 ], [ -76.503769320999936, 2.445123838000086 ], [ -76.50364137999992, 2.445405754000092 ], [ -76.502755467999918, 2.445129243000054 ], [ -76.502341010999942, 2.446277401000089 ], [ -76.502106344999902, 2.448170742000059 ], [ -76.502485123999918, 2.448933543000066 ], [ -76.502588264999929, 2.449327370000049 ], [ -76.501547917999915, 2.449713304000056 ], [ -76.500578883999935, 2.450196470000094 ], [ -76.499520550999932, 2.448923487000059 ], [ -76.499388521999947, 2.448577175000082 ] ] ] } },
{ "type": "Feature", "properties": { "OBJECTID": 147, "Id": 0, "nombre": "manantiales", "observac": "vectorizado a partir de plano suministrado red piedras", "año_reg": 2003, "acto_ad": "0232 (29 agosto de 2003)" }, "geometry": { "type": "Polygon", "coordinates": [ [ [ -76.445415987999922, 2.450728548000086 ], [ -76.444808142999932, 2.44935372100008 ], [ -76.444811651999942, 2.449121214000058 ], [ -76.445189102999905, 2.448871790000055 ], [ -76.446073004999903, 2.448752537000075 ], [ -76.446154146999902, 2.449696288000041 ], [ -76.445994277999944, 2.449901366000063 ], [ -76.446806586999912, 2.450219743000048 ], [ -76.44724524399993, 2.449936154000056 ], [ -76.446972692999907, 2.451207985000053 ], [ -76.446173987999941, 2.450875937000092 ], [ -76.445415987999922, 2.450728548000086 ] ] ] } },
{ "type": "Feature", "properties": { "OBJECTID": 148, "Id": 0, "nombre": "el manzano", "observac": "vectorizado a partir de plano suministrado red piedras", "año_reg": 2003, "acto_ad": "0240 (29 agosto de 2003)" }, "geometry": { "type": "Polygon", "coordinates": [ [ [ -76.442011625999953, 2.432980270000087 ], [ -76.441698593999945, 2.431980666000072 ], [ -76.442556993999915, 2.431441262000078 ], [ -76.442894334999949, 2.431596418000083 ], [ -76.443399104999912, 2.431642087000057 ], [ -76.444254643999898, 2.431538272000068 ], [ -76.445428525999944, 2.432442080000044 ], [ -76.445949151999912, 2.432672148000051 ], [ -76.446708988999944, 2.432691213000055 ], [ -76.447508776999939, 2.432499182000072 ], [ -76.446889485999918, 2.43304672000005 ], [ -76.446095025999909, 2.433206685000073 ], [ -76.445085216999928, 2.43368455600006 ], [ -76.444800843999928, 2.433887519000052 ], [ -76.444107066999948, 2.434635445000083 ], [ -76.443570254999941, 2.434926475000054 ], [ -76.443270004999931, 2.434993141000064 ], [ -76.442520819999913, 2.434920631000068 ], [ -76.441912637999906, 2.43443932100007 ], [ -76.442077658999949, 2.433803382000065 ], [ -76.442011625999953, 2.432980270000087 ] ] ] } },
{ "type": "Feature", "properties": { "OBJECTID": 149, "Id": 0, "nombre": "las mercedes", "observac": "vectorizado a partir de plano suministrado por la red piedras", "año_reg": 2003, "acto_ad": "0258 (29 agosto de 2003)" }, "geometry": { "type": "Polygon", "coordinates": [ [ [ -76.43952756199991, 2.450272525000059 ], [ -76.439212059999932, 2.448614511000073 ], [ -76.438860843999919, 2.447860192000064 ], [ -76.43887361599991, 2.44750150100009 ], [ -76.439184055999931, 2.446556112000053 ], [ -76.439175337999927, 2.446339368000054 ], [ -76.439762449999932, 2.446560192000049 ], [ -76.440447735999953, 2.447025686000075 ], [ -76.44095726899991, 2.448747167000079 ], [ -76.441190625999923, 2.450207572000068 ], [ -76.44008077299992, 2.450241104000042 ], [ -76.439643360999924, 2.450551426000061 ], [ -76.43952756199991, 2.450272525000059 ] ] ] } },
{ "type": "Feature", "properties": { "OBJECTID": 150, "Id": 0, "nombre": "arrayanales", "observac": "vectorizado a partir de plano enviado por la red de reservas", "año_reg": 2003, "acto_ad": "0254 (29 agosto de 2003)" }, "geometry": { "type": "Polygon", "coordinates": [ [ [ -76.432963530999928, 2.448183576000076 ], [ -76.432493115999932, 2.448175190000086 ], [ -76.432306676999929, 2.44795483300004 ], [ -76.431098431999942, 2.447448448000046 ], [ -76.430019788999914, 2.447292920000052 ], [ -76.429435936999937, 2.44705605300004 ], [ -76.428455170999939, 2.445766610000078 ], [ -76.42757155299995, 2.444852482000044 ], [ -76.427320154999904, 2.444787095000038 ], [ -76.426541521999923, 2.444811187000084 ], [ -76.4251301729999, 2.445014445000083 ], [ -76.424870655999939, 2.444965369000045 ], [ -76.424376196999901, 2.44436959300009 ], [ -76.423581395999918, 2.444287622000047 ], [ -76.423111296999934, 2.443634751000047 ], [ -76.422438118999935, 2.443626262000066 ], [ -76.422194744999899, 2.443740353000067 ], [ -76.421610780999913, 2.443740065000043 ], [ -76.420094281999923, 2.443355891000067 ], [ -76.419883529999936, 2.443102889000045 ], [ -76.419681219999916, 2.442172778000042 ], [ -76.419300391999911, 2.441413897000075 ], [ -76.418035529999941, 2.440613788000064 ], [ -76.416503452999905, 2.438932484000077 ], [ -76.415392767999947, 2.437985607000087 ], [ -76.415084602999912, 2.437912032000042 ], [ -76.414354646999925, 2.437919826000041 ], [ -76.414014090999899, 2.437740181000038 ], [ -76.413657535999903, 2.437111839000067 ], [ -76.413325182999927, 2.436744565000083 ], [ -76.413203676999899, 2.436434501000065 ], [ -76.413155246999906, 2.435961314000053 ], [ -76.413860712999906, 2.436271669000064 ], [ -76.415628863999927, 2.436174652000091 ], [ -76.416877866999926, 2.436224220000042 ], [ -76.425060941999902, 2.437247999000078 ], [ -76.424914520999948, 2.438137149000056 ], [ -76.424208024999928, 2.439939719000051 ], [ -76.424678249999943, 2.440331534000052 ], [ -76.425586423999903, 2.440772511000091 ], [ -76.426876129999926, 2.440528402000041 ], [ -76.427776410999911, 2.440520684000091 ], [ -76.428327865999904, 2.440659639000046 ], [ -76.428773803999945, 2.440961703000085 ], [ -76.42948741999993, 2.44120679100007 ], [ -76.430939169999931, 2.441313551000064 ], [ -76.43252035799992, 2.442113804000087 ], [ -76.433703786999899, 2.443623609000042 ], [ -76.434141569999952, 2.444023563000087 ], [ -76.434376559999919, 2.444480526000063 ], [ -76.434392652999918, 2.444749748000049 ], [ -76.435527959999945, 2.445133723000083 ], [ -76.435835973999929, 2.445533615000045 ], [ -76.436914480999917, 2.445974668000076 ], [ -76.437684778999937, 2.446423731000039 ], [ -76.439079847999949, 2.446350980000091 ], [ -76.438763000999927, 2.44746847600004 ], [ -76.438738404999924, 2.448023209000041 ], [ -76.439086825999937, 2.448733125000047 ], [ -76.439280841999903, 2.450079291000065 ], [ -76.439710280999918, 2.450976880000042 ], [ -76.439709818999916, 2.451947684000061 ], [ -76.439571816999944, 2.452200516000062 ], [ -76.439539350999951, 2.452249448000089 ], [ -76.438898760999905, 2.45192281900006 ], [ -76.438006615999939, 2.451857124000071 ], [ -76.435792657999912, 2.451309466000055 ], [ -76.43465806599994, 2.449424416000056 ], [ -76.434114923999914, 2.448853092000093 ], [ -76.434114998999917, 2.44869809000005 ], [ -76.433458084999927, 2.448591717000056 ], [ -76.432963530999928, 2.448183576000076 ] ] ] } },
{ "type": "Feature", "properties": { "OBJECTID": 151, "Id": 0, "nombre": "belen", "observac": "vectorizado a partir del plano enviado por la red rio piedras", "año_reg": 2003, "acto_ad": "0237 (29 agosto de 2003)" }, "geometry": { "type": "Polygon", "coordinates": [ [ [ -76.444294807999938, 2.443309377000048 ], [ -76.441489591999925, 2.444018012000072 ], [ -76.441139245999921, 2.444131835000064 ], [ -76.440692651999939, 2.444435599000087 ], [ -76.439889285999925, 2.443917070000055 ], [ -76.440694236999946, 2.441088390000061 ], [ -76.441075342999909, 2.441285467000057 ], [ -76.441508019999901, 2.441361669000059 ], [ -76.44191991699995, 2.441807470000072 ], [ -76.442829912999912, 2.441966802000081 ], [ -76.443262526999945, 2.442177720000075 ], [ -76.444294807999938, 2.443309377000048 ] ] ] } },
{ "type": "Feature", "properties": { "OBJECTID": 152, "Id": 0, "nombre": "san antonio", "observac": "vectorizado a partir de plano escaneado", "año_reg": 2009, "acto_ad": "0176 (30 septiembre de 2009)" }, "geometry": { "type": "Polygon", "coordinates": [ [ [ -76.661961075999898, 3.543992742000057 ], [ -76.661545234999949, 3.544806503000075 ], [ -76.661087651999935, 3.546022009000069 ], [ -76.660922613999901, 3.546161003000066 ], [ -76.657568372999947, 3.547493279000093 ], [ -76.656574288999934, 3.547497734000046 ], [ -76.655708193999942, 3.547853899000074 ], [ -76.655627496999898, 3.548225316000071 ], [ -76.655737332999934, 3.548732205000078 ], [ -76.65548898499992, 3.549210848000087 ], [ -76.655005690999928, 3.549651402000052 ], [ -76.653845352999952, 3.550253404000046 ], [ -76.653702291999934, 3.55047455600004 ], [ -76.653825450999932, 3.550623201000064 ], [ -76.653807195999946, 3.550984744000061 ], [ -76.654175158999919, 3.551174786000047 ], [ -76.654306512999938, 3.551364708000051 ], [ -76.654266848999953, 3.55182364500007 ], [ -76.65391184799995, 3.552000114000066 ], [ -76.654060907999906, 3.552928008000038 ], [ -76.653405251999914, 3.553031685000064 ], [ -76.652409279999915, 3.553514902000074 ], [ -76.652162913999916, 3.553311714000074 ], [ -76.652217256999904, 3.553072357000076 ], [ -76.651998778999939, 3.55295998400004 ], [ -76.651706065999917, 3.553433650000045 ], [ -76.651564722999922, 3.553502918000049 ], [ -76.651407045999918, 3.553379018000044 ], [ -76.651505971999939, 3.552705492000086 ], [ -76.651591482999947, 3.552566858000091 ], [ -76.651323635999915, 3.552606344000083 ], [ -76.651164127999948, 3.552855553000086 ], [ -76.651003061999916, 3.55293636600004 ], [ -76.650648195999906, 3.552842083000087 ], [ -76.650615402999904, 3.552703389000044 ], [ -76.649675502999912, 3.552778853000063 ], [ -76.649652533999927, 3.552709503000074 ], [ -76.650464326999952, 3.552523362000045 ], [ -76.650543218999928, 3.552478827000073 ], [ -76.650472554999908, 3.552500253000062 ], [ -76.650541910999948, 3.551813505000041 ], [ -76.650653757999919, 3.55158408300008 ], [ -76.652599963999933, 3.550072825000086 ], [ -76.653177781999943, 3.547902153000052 ], [ -76.653823638999938, 3.547671350000087 ], [ -76.654387542999928, 3.547034377000045 ], [ -76.65435472899992, 3.546936956000081 ], [ -76.655257109999923, 3.546305106000091 ], [ -76.655502222999928, 3.545720803000052 ], [ -76.656057965999935, 3.544969911000067 ], [ -76.656112581999935, 3.544177495000042 ], [ -76.656791204999934, 3.544133260000081 ], [ -76.657429087999901, 3.54340882300005 ], [ -76.658465968999906, 3.543239296000081 ], [ -76.658672553999907, 3.542476671000088 ], [ -76.659711405999929, 3.54163851900006 ], [ -76.660145229999898, 3.54154628200007 ], [ -76.661961075999898, 3.543992742000057 ] ] ] } },
{ "type": "Feature", "properties": { "OBJECTID": 153, "Id": 0, "nombre": "finca la parcela No 9", "observac": "vectorizado a partir de plano escaneado", "año_reg": 2009, "acto_ad": "0055 (27 marzo de 2009)" }, "geometry": { "type": "Polygon", "coordinates": [ [ [ -76.266539672999897, 4.663336873000048 ], [ -76.266461164999953, 4.663642931000084 ], [ -76.265256785999952, 4.663641480000081 ], [ -76.265444138999896, 4.664800287000048 ], [ -76.264449222999929, 4.665157509000039 ], [ -76.262596966999922, 4.663316699000063 ], [ -76.262625820999915, 4.663159648000089 ], [ -76.262491580999949, 4.662936025000079 ], [ -76.264619858999936, 4.662611148000053 ], [ -76.265380515999937, 4.662687289000075 ], [ -76.265912181999909, 4.662482168000054 ], [ -76.266112323999948, 4.662916056000086 ], [ -76.266539672999897, 4.663336873000048 ] ] ] } },
{ "type": "Feature", "properties": { "OBJECTID": 154, "Id": 0, "nombre": "la parcela 2", "observac": "vectorizado a partir de plano escaneado", "año_reg": 2008, "acto_ad": "0275 (29 diciembre de 2008)" }, "geometry": { "type": "Polygon", "coordinates": [ [ [ -76.266126303999897, 4.670058448000077 ], [ -76.265903215999913, 4.667306262000068 ], [ -76.26639747999991, 4.667188918000079 ], [ -76.267768107999927, 4.667797737000058 ], [ -76.267995468999914, 4.66697898700005 ], [ -76.268148007999912, 4.666839390000064 ], [ -76.268561843999919, 4.666628033000052 ], [ -76.269051674999901, 4.66657620400008 ], [ -76.269119351999905, 4.666410296000038 ], [ -76.269304401999932, 4.666388678000089 ], [ -76.26965729099993, 4.666175063000082 ], [ -76.270353777999901, 4.666237052000042 ], [ -76.270827909999923, 4.666573966000044 ], [ -76.271234722999907, 4.666775387000087 ], [ -76.271319652999921, 4.66674491200007 ], [ -76.271405486999925, 4.666869506000069 ], [ -76.271009295999932, 4.668716750000044 ], [ -76.270813516999908, 4.670435374000078 ], [ -76.27047792399992, 4.670747292000044 ], [ -76.26990300999995, 4.670954089000077 ], [ -76.266808520999916, 4.671133828000052 ], [ -76.266126303999897, 4.670058448000077 ] ] ] } },
{ "type": "Feature", "properties": { "OBJECTID": 155, "Id": 0, "nombre": "dosquebradas", "observac": "vectorizado a partir de plano escaneado", "año_reg": 2009, "acto_ad": "0057 (27 marzo de 2009)" }, "geometry": { "type": "Polygon", "coordinates": [ [ [ -76.229480078999927, 4.683459171000038 ], [ -76.229362993999928, 4.683491644000071 ], [ -76.229419049999933, 4.682864585000061 ], [ -76.229164615999935, 4.682237951000047 ], [ -76.228295205999927, 4.681360177000045 ], [ -76.22837489199992, 4.680686665000053 ], [ -76.229840176999915, 4.679542717000061 ], [ -76.230181582999933, 4.681466942000043 ], [ -76.230869404999908, 4.681963640000049 ], [ -76.2300470429999, 4.682458436000047 ], [ -76.230174885999929, 4.682920993000039 ], [ -76.229716516999929, 4.682879640000067 ], [ -76.229480078999927, 4.683459171000038 ] ] ] } },
{ "type": "Feature", "properties": { "OBJECTID": 156, "Id": 0, "nombre": "peñas blancas", "observac": "vectorizado a partir de plano escaneado", "año_reg": 2009, "acto_ad": "0063 (27 marzo de 2009)" }, "geometry": { "type": "Polygon", "coordinates": [ [ [ -76.206243887999904, 4.684894711000084 ], [ -76.206222020999917, 4.684517927000059 ], [ -76.204268025999909, 4.684887664000087 ], [ -76.201147516999924, 4.685076471000059 ], [ -76.200671006999926, 4.683676473000048 ], [ -76.200857089999943, 4.681510372000048 ], [ -76.201344331999906, 4.681524462000084 ], [ -76.201505127999951, 4.681627830000082 ], [ -76.201835897999899, 4.681650686000069 ], [ -76.202135631999909, 4.681476154000052 ], [ -76.202677650999931, 4.680611217000092 ], [ -76.204587929999946, 4.679465488000062 ], [ -76.206363560999932, 4.678736701000048 ], [ -76.206990080999901, 4.678203773000064 ], [ -76.207974265999951, 4.677635425000062 ], [ -76.209226532999935, 4.677170579000062 ], [ -76.209821051999938, 4.677189286000043 ], [ -76.2099278849999, 4.677543754000055 ], [ -76.209909004999929, 4.678324153000062 ], [ -76.210245445999931, 4.68090357300008 ], [ -76.209538137999914, 4.681687571000055 ], [ -76.209705129999918, 4.683934868000051 ], [ -76.209001240999953, 4.685535173000062 ], [ -76.209612211999911, 4.686675201000071 ], [ -76.209020421999924, 4.688006539000071 ], [ -76.208736937999902, 4.68945040400007 ], [ -76.207948570999918, 4.690687297000068 ], [ -76.206243887999904, 4.684894711000084 ] ] ] } },
{ "type": "Feature", "properties": { "OBJECTID": 157, "Id": 0, "nombre": "el porvenir", "observac": "vectorizado a partir de plano escaneado", "año_reg": 2009, "acto_ad": "0054 (27 marzo de 2009)" }, "geometry": { "type": "Polygon", "coordinates": [ [ [ -76.241990614999906, 4.662845186000084 ], [ -76.241714245999901, 4.662967133000052 ], [ -76.241476085999921, 4.662896168000088 ], [ -76.240967876999946, 4.662290236000047 ], [ -76.241194854999947, 4.661494023000046 ], [ -76.241896566999912, 4.661629548000064 ], [ -76.241997419999905, 4.661794365000048 ], [ -76.242064043999903, 4.662401593000084 ], [ -76.241990614999906, 4.662845186000084 ] ] ] } },
{ "type": "Feature", "properties": { "OBJECTID": 158, "Id": 0, "nombre": "la esmeralda", "observac": "vectorizado a partir de plano escaneado, las coordenadas se tomaron como Magna planas origen este", "año_reg": 2010, "acto_ad": "0016 (21 enero de 2010)" }, "geometry": { "type": "Polygon", "coordinates": [ [ [ -70.807806282999934, 5.53611797800005 ], [ -70.807292271999927, 5.53721296000009 ], [ -70.806278688999953, 5.539902758000039 ], [ -70.804340152999941, 5.543915207000055 ], [ -70.801256489999901, 5.549382500000092 ], [ -70.8002867699999, 5.55229281700008 ], [ -70.799493519999942, 5.554321164000044 ], [ -70.798391211999899, 5.558333980000043 ], [ -70.797774410999921, 5.559524458000055 ], [ -70.796409101999927, 5.561162955000043 ], [ -70.794940793999899, 5.563396783000087 ], [ -70.794118122999919, 5.565513312000064 ], [ -70.792766977999918, 5.568158814000071 ], [ -70.792120872999931, 5.569216962000041 ], [ -70.766072605999909, 5.549681084000042 ], [ -70.749998777999906, 5.537382527000091 ], [ -70.773367027999939, 5.51628456800006 ], [ -70.807806282999934, 5.53611797800005 ] ] ] } },
{ "type": "Feature", "properties": { "OBJECTID": 159, "Id": 0, "nombre": "de las mirabilis swarovscki", "observac": "vectorizado a partir de plano escaneado", "año_reg": 2010, "acto_ad": "0019 (28 enero de 2010)" }, "geometry": { "type": "Polygon", "coordinates": [ [ [ -76.998251800999924, 2.530129159000069 ], [ -76.998350542999901, 2.530290737000087 ], [ -76.998341565999908, 2.530515151000088 ], [ -76.997740136999937, 2.532884963000072 ], [ -76.997156659999916, 2.534823901000038 ], [ -76.996905316999914, 2.535138080000081 ], [ -76.996806573999947, 2.535102174000087 ], [ -76.996620450999899, 2.534607552000068 ], [ -76.996215242999938, 2.534119030000056 ], [ -76.995287430999952, 2.533448734000046 ], [ -76.994124825999904, 2.532910981000043 ], [ -76.993276540999943, 2.531990743000051 ], [ -76.993030386999919, 2.531835477000072 ], [ -76.992882694999935, 2.531755950000047 ], [ -76.992178314999933, 2.531998317000046 ], [ -76.991773106999915, 2.531570388000091 ], [ -76.990686241999924, 2.530941748000089 ], [ -76.989864465999915, 2.531002340000043 ], [ -76.989319139999907, 2.530725890000042 ], [ -76.987081029999899, 2.529923048000057 ], [ -76.986145643999919, 2.52943831400006 ], [ -76.984683866999944, 2.528434763000064 ], [ -76.983790137999904, 2.527578903000062 ], [ -76.98458919299992, 2.527158548000045 ], [ -76.984699014999933, 2.52702600300006 ], [ -76.984918660999938, 2.526552630000083 ], [ -76.985414755999898, 2.524901503000081 ], [ -76.986232744999938, 2.524163041000065 ], [ -76.986395585999901, 2.523837360000073 ], [ -76.986437241999909, 2.523462448000089 ], [ -76.986641739999925, 2.523170850000042 ], [ -76.986819727999944, 2.523091324000063 ], [ -76.986978781999937, 2.523163276000048 ], [ -76.98724008399995, 2.523655585000085 ], [ -76.987929314999917, 2.523966118000089 ], [ -76.988130025999908, 2.524197124000068 ], [ -76.988183043999925, 2.524530379000055 ], [ -76.989027541999917, 2.525416534000044 ], [ -76.989709198999947, 2.524378899000055 ], [ -76.990409791999923, 2.52350031800006 ], [ -76.991295946999912, 2.522746708000057 ], [ -76.992492634999905, 2.52189463600007 ], [ -76.995249561999913, 2.52027759200007 ], [ -76.997112758999947, 2.518978656000058 ], [ -76.997127906999935, 2.519107413000086 ], [ -76.997665658999949, 2.519474751000075 ], [ -76.999104713999941, 2.520868362000044 ], [ -76.999146370999938, 2.521178895000048 ], [ -76.998964595999951, 2.522083985000052 ], [ -76.998623766999913, 2.522504341000058 ], [ -76.997381634999897, 2.523644224000066 ], [ -76.998021635999919, 2.524079727000071 ], [ -76.99837382599992, 2.524496296000052 ], [ -76.999165305999952, 2.525170380000077 ], [ -76.999460690999911, 2.525605883000082 ], [ -76.999668975999953, 2.526120913000057 ], [ -76.999487199999919, 2.526651092000066 ], [ -76.997722463999935, 2.528408254000055 ], [ -76.997226368999918, 2.529389083000069 ], [ -76.997188498999947, 2.529582220000066 ], [ -76.997495244999925, 2.52994577000004 ], [ -76.998251800999924, 2.530129159000069 ] ] ] } },
{ "type": "Feature", "properties": { "OBJECTID": 160, "Id": 0, "nombre": "Montecito", "observac": "georreferenciado a partir de 4 coordenadas suministradas por el propietario", "año_reg": 2010, "acto_ad": "0152 (23 agosto de 2010)" }, "geometry": { "type": "Polygon", "coordinates": [ [ [ -72.92922, 5.697340833000055 ], [ -72.927773832999947, 5.69971083300004 ], [ -72.926918832999945, 5.699513833000083 ], [ -72.927788, 5.69681 ], [ -72.92922, 5.697340833000055 ] ] ] } },
{ "type": "Feature", "properties": { "OBJECTID": 161, "Id": 0, "nombre": "Moralba", "observac": "vectorizado a partir de plano escaneado", "año_reg": 2009, "acto_ad": "0008 (16 enero de 2009)" }, "geometry": { "type": "Polygon", "coordinates": [ [ [ -76.531328973999905, 3.941404355000088 ], [ -76.531240435999905, 3.941507179000041 ], [ -76.531014599999935, 3.941511707000075 ], [ -76.530663095999898, 3.941434313000059 ], [ -76.530039103999911, 3.941499372000067 ], [ -76.529547909999906, 3.941421885000068 ], [ -76.529243575999942, 3.940420914000072 ], [ -76.528866958999913, 3.939588250000043 ], [ -76.528164480999919, 3.938631442000087 ], [ -76.527499056999943, 3.937976292000087 ], [ -76.526677606999897, 3.937381833000074 ], [ -76.525620905999915, 3.936950893000073 ], [ -76.525274075999903, 3.936852456000054 ], [ -76.52394010799992, 3.936751023000056 ], [ -76.523660797999923, 3.93664795400008 ], [ -76.523311759999899, 3.936367131000054 ], [ -76.522981628999901, 3.935663099000067 ], [ -76.522800154999914, 3.935478257000057 ], [ -76.522504579999918, 3.935326073000056 ], [ -76.521969157999933, 3.935246215000063 ], [ -76.52152000399991, 3.934977016000062 ], [ -76.521033760999899, 3.934464615000081 ], [ -76.520310410999912, 3.933404906000078 ], [ -76.520015226999931, 3.932668161000038 ], [ -76.519894780999948, 3.931739798000081 ], [ -76.519900568999901, 3.930039900000054 ], [ -76.517267914999934, 3.92933899500008 ], [ -76.517356658999915, 3.928927524000073 ], [ -76.516421478999916, 3.92783727300008 ], [ -76.516319583999916, 3.927025834000062 ], [ -76.516854693999903, 3.924077673000056 ], [ -76.515856068999938, 3.923871234000046 ], [ -76.515075726999953, 3.924502032000078 ], [ -76.514542849999941, 3.924111186000061 ], [ -76.514352161999909, 3.923786041000085 ], [ -76.514341380999952, 3.922504678000053 ], [ -76.513736278999943, 3.922195621000071 ], [ -76.513252613999953, 3.921327806000079 ], [ -76.513231853999912, 3.921040188000063 ], [ -76.513536983999927, 3.92082060000007 ], [ -76.512480874999937, 3.919552558000078 ], [ -76.511780483999928, 3.919004935000089 ], [ -76.511522122999907, 3.918918245000043 ], [ -76.510739982999951, 3.918765728000039 ], [ -76.509014950999926, 3.918631273000074 ], [ -76.50831663799994, 3.918457767000064 ], [ -76.507779027999902, 3.918190841000069 ], [ -76.506663985999921, 3.918017048000081 ], [ -76.506033342999899, 3.917616777000092 ], [ -76.505721611999945, 3.917272843000092 ], [ -76.505230603999905, 3.916949829000089 ], [ -76.50523351399994, 3.916094036000061 ], [ -76.505401600999903, 3.915411386000073 ], [ -76.507585738999921, 3.914837675000058 ], [ -76.508917218999898, 3.911667931000068 ], [ -76.509306782999943, 3.910520120000058 ], [ -76.509656428999904, 3.909875004000071 ], [ -76.511512950999929, 3.90832133400005 ], [ -76.511920664999934, 3.907872668000039 ], [ -76.513350863999904, 3.906732573000056 ], [ -76.513677037999912, 3.906368027000042 ], [ -76.514429360999941, 3.905833076000079 ], [ -76.514666843999919, 3.905802839000046 ], [ -76.514894697999921, 3.906247259000054 ], [ -76.517214408999905, 3.911818510000046 ], [ -76.517108799999903, 3.913088105000043 ], [ -76.517236263999905, 3.913960355000086 ], [ -76.517480683999906, 3.917502957000067 ], [ -76.517263107999952, 3.919097492000049 ], [ -76.518428754999945, 3.920201925000072 ], [ -76.51910800099995, 3.92104648600008 ], [ -76.519198651999943, 3.921266342000081 ], [ -76.519677908999938, 3.921769385000061 ], [ -76.520757824999919, 3.922265816000049 ], [ -76.5215471059999, 3.922417598000038 ], [ -76.522065697999949, 3.922639644000071 ], [ -76.522625038999934, 3.923374096000089 ], [ -76.523015925999914, 3.923732108000081 ], [ -76.523423187999924, 3.923973218000071 ], [ -76.523448741999914, 3.924057412000082 ], [ -76.523306629999922, 3.924204627000051 ], [ -76.523010894999913, 3.924300298000048 ], [ -76.522610242999917, 3.924625047000063 ], [ -76.521299021999937, 3.925360718000093 ], [ -76.520786799999939, 3.925414155000055 ], [ -76.520812366999905, 3.925477305000072 ], [ -76.521524324999916, 3.926153533000047 ], [ -76.522313188999931, 3.926715239000089 ], [ -76.523667227999908, 3.928126103000068 ], [ -76.524123122999924, 3.928762409000058 ], [ -76.524777047999919, 3.929188404000058 ], [ -76.5269015209999, 3.930887380000058 ], [ -76.528078723999897, 3.932164842000077 ], [ -76.528818388999923, 3.933210527000085 ], [ -76.529106755999919, 3.933704087000081 ], [ -76.52976439899993, 3.935575119000077 ], [ -76.531206194999925, 3.938120082000069 ], [ -76.531335919999947, 3.93911859800005 ], [ -76.531328973999905, 3.941404355000088 ] ] ] } },
{ "type": "Feature", "properties": { "OBJECTID": 162, "Id": 0, "nombre": "Villa Maria y la Mariana", "observac": "vectorizado a partir de plano escaneado", "año_reg": 2008, "acto_ad": "0161 (14 agosto de 2008)" }, "geometry": { "type": "Polygon", "coordinates": [ [ [ -76.306621616999905, 4.496829566000088 ], [ -76.307259119999912, 4.496417971000085 ], [ -76.308922372999916, 4.497171238000078 ], [ -76.309731492999902, 4.497786473000076 ], [ -76.31025924599993, 4.498055226000076 ], [ -76.310611123999934, 4.498398043000066 ], [ -76.311362009999925, 4.498811542000055 ], [ -76.31219436899994, 4.499413437000044 ], [ -76.312844190999897, 4.499939017000088 ], [ -76.312871940999912, 4.500084574000084 ], [ -76.31257140799994, 4.50027726400009 ], [ -76.312180104999925, 4.500806571000055 ], [ -76.312000438999917, 4.500878832000069 ], [ -76.311323351999931, 4.500319121000075 ], [ -76.310367710999913, 4.499272596000083 ], [ -76.309418172999926, 4.49878317200006 ], [ -76.30915792299993, 4.498566962000041 ], [ -76.308702177999919, 4.498915691000093 ], [ -76.308162066999898, 4.499158796000074 ], [ -76.307457216999921, 4.498412057000053 ], [ -76.306975122999916, 4.498070044000087 ], [ -76.306524836999927, 4.497040042000037 ], [ -76.306621616999905, 4.496829566000088 ] ] ] } },
{ "type": "Feature", "properties": { "OBJECTID": 163, "Id": 0, "nombre": "La Paila", "observac": "vectorizado a partir de plano escaneado, se traslapa con reserva peñas blancas", "año_reg": 2009, "acto_ad": "0034 (6 marzo de 2009)" }, "geometry": { "type": "Polygon", "coordinates": [ [ [ -76.201092815999914, 4.682529535000072 ], [ -76.195628617999944, 4.682486899000082 ], [ -76.195262648999915, 4.681842384000049 ], [ -76.196591152999929, 4.680964513000049 ], [ -76.198046863999934, 4.679133924000041 ], [ -76.201331465999942, 4.671985981000091 ], [ -76.201285237999912, 4.671414965000054 ], [ -76.20181184799992, 4.671392171000093 ], [ -76.204220794999912, 4.670486143000062 ], [ -76.21157758399994, 4.669811097000093 ], [ -76.211589528999923, 4.670015115000069 ], [ -76.211838943999908, 4.670433013000093 ], [ -76.211998578999953, 4.671348386000091 ], [ -76.211507033999908, 4.671634844000039 ], [ -76.212281983999901, 4.673562482000079 ], [ -76.212111144999938, 4.675074002000088 ], [ -76.210093909999898, 4.67783914000006 ], [ -76.209735936999948, 4.677796113000056 ], [ -76.2094002259999, 4.677855785000077 ], [ -76.208408585999905, 4.678220454000041 ], [ -76.207426741999939, 4.678770683000039 ], [ -76.206412092999926, 4.679508771000087 ], [ -76.204516952999938, 4.680302751000056 ], [ -76.202949308999905, 4.68129799400009 ], [ -76.202451393999922, 4.68207629300008 ], [ -76.202160251999942, 4.68231948600004 ], [ -76.201922048999904, 4.682349056000078 ], [ -76.201686341999903, 4.68221089900004 ], [ -76.201304000999926, 4.68212999900004 ], [ -76.201148262999936, 4.68214129200004 ], [ -76.201092815999914, 4.682529535000072 ] ] ] } },
{ "type": "Feature", "properties": { "OBJECTID": 164, "Id": 0, "nombre": "tierrablanca No 4", "observac": "vectorizado a partir de plano escaneado", "año_reg": 2009, "acto_ad": "0056 (27 marzo de 2009)" }, "geometry": { "type": "Polygon", "coordinates": [ [ [ -76.677427970999929, 3.73252018900007 ], [ -76.677311771999939, 3.73261665800004 ], [ -76.676954444999922, 3.732613859000082 ], [ -76.676224588999901, 3.732392125000047 ], [ -76.676071935999914, 3.732408158000055 ], [ -76.675815470999908, 3.73216399000006 ], [ -76.675727500999926, 3.731959903000075 ], [ -76.675191407999932, 3.731693480000047 ], [ -76.674117720999902, 3.732152408000047 ], [ -76.672978029999911, 3.731656107000049 ], [ -76.672491907999927, 3.731525582000074 ], [ -76.671855618999928, 3.731164121000063 ], [ -76.671530127999915, 3.73114619800009 ], [ -76.671452453999905, 3.730912120000085 ], [ -76.671581408999941, 3.730777936000038 ], [ -76.672167108999929, 3.730650548000085 ], [ -76.672395869999946, 3.730472857000052 ], [ -76.672588571999938, 3.72995385300004 ], [ -76.673713216999943, 3.730542145000072 ], [ -76.675153861999945, 3.731098376000091 ], [ -76.676014183999939, 3.731004772000063 ], [ -76.677388901999905, 3.732281509000074 ], [ -76.677427970999929, 3.73252018900007 ] ] ] } },
{ "type": "Feature", "properties": { "OBJECTID": 165, "Id": 0, "nombre": "las golondrinas", "observac": "vectorizado a partir de plano escaneado", "año_reg": 2010, "acto_ad": "0212 (15 octubre de 2010)" }, "geometry": { "type": "Polygon", "coordinates": [ [ [ -76.222325328999943, 4.674041780000039 ], [ -76.222031186999914, 4.674204710000083 ], [ -76.221829084999911, 4.674582244000078 ], [ -76.220940943999949, 4.675078272000064 ], [ -76.220542950999914, 4.675522378000039 ], [ -76.21986678199994, 4.675835525000082 ], [ -76.219150588999923, 4.676041635000047 ], [ -76.217821658999924, 4.676770771000065 ], [ -76.217115227999898, 4.676922704000049 ], [ -76.216373939999926, 4.677260773000057 ], [ -76.216038820999927, 4.677261734000069 ], [ -76.217949541999928, 4.672017756000059 ], [ -76.217490862999909, 4.670083110000064 ], [ -76.217647332999945, 4.670090257000084 ], [ -76.217985470999906, 4.669889223000041 ], [ -76.217902692999928, 4.66964597000009 ], [ -76.21809671199992, 4.669526728000051 ], [ -76.218467122999925, 4.668990887000064 ], [ -76.21919684799991, 4.669027940000092 ], [ -76.219282287999931, 4.66935734000009 ], [ -76.219677517999912, 4.670001141000057 ], [ -76.219703375999927, 4.670359642000051 ], [ -76.219825099999923, 4.670466782000062 ], [ -76.22030979199991, 4.670449335000058 ], [ -76.22037297199995, 4.670860682000068 ], [ -76.220827509999936, 4.670597271000076 ], [ -76.221110549999935, 4.671261770000058 ], [ -76.22089548799994, 4.671596345000069 ], [ -76.221259604999943, 4.671657942000081 ], [ -76.222325328999943, 4.674041780000039 ] ] ] } },
{ "type": "Feature", "properties": { "OBJECTID": 166, "Id": 0, "nombre": "villa del monte", "observac": "vectorizado a partir de plano escaneado", "año_reg": 2010, "acto_ad": "0298 (23 diciembre de 2010)" }, "geometry": { "type": "Polygon", "coordinates": [ [ [ -73.338251427999921, 6.146396376000041 ], [ -73.337968011999919, 6.147203130000094 ], [ -73.337648730999945, 6.147303363000049 ], [ -73.337588756999935, 6.147258477000094 ], [ -73.33695632599995, 6.148356600000056 ], [ -73.336813727999925, 6.148269432000063 ], [ -73.336606813999936, 6.147848521000071 ], [ -73.336289352999927, 6.147775341000056 ], [ -73.336144541999943, 6.147610690000079 ], [ -73.337035571999934, 6.146179833000076 ], [ -73.337464882999939, 6.146204733000047 ], [ -73.338251427999921, 6.146396376000041 ] ] ] } },
{ "type": "Feature", "properties": { "OBJECTID": 167, "Id": 0, "nombre": "macarena", "observac": "vectorizado a partir de plano escaneado", "año_reg": 2008, "acto_ad": "0019 (28 enero de 2008)" }, "geometry": { "type": "Polygon", "coordinates": [ [ [ -72.662199469999905, 3.848412029000087 ], [ -72.662810867999951, 3.849612165000053 ], [ -72.663108989999898, 3.850012815000071 ], [ -72.663395117999926, 3.850138341000047 ], [ -72.663731230999929, 3.850151408000045 ], [ -72.664690106999899, 3.849990453000089 ], [ -72.66543771399995, 3.849604058000068 ], [ -72.665712098999904, 3.849304405000055 ], [ -72.665783043999909, 3.848729548000051 ], [ -72.665916476999939, 3.848434326000074 ], [ -72.666279091999911, 3.848059106000051 ], [ -72.666499376999923, 3.847991556000068 ], [ -72.667133256999932, 3.848081997000065 ], [ -72.667366623999953, 3.84821646000006 ], [ -72.667455369999914, 3.848361853000085 ], [ -72.667955549999931, 3.848586142000045 ], [ -72.668756390999931, 3.84860982500004 ], [ -72.669379500999923, 3.848487964000071 ], [ -72.67009216699995, 3.848019897000086 ], [ -72.671630208999943, 3.846190130000082 ], [ -72.671764351999911, 3.845788134000088 ], [ -72.671975657999951, 3.845810832000041 ], [ -72.672541491999937, 3.846694418000084 ], [ -72.673085465999918, 3.847343343000091 ], [ -72.673663086999909, 3.847824732000049 ], [ -72.674352198999941, 3.848149887000091 ], [ -72.675664368999946, 3.848386693000066 ], [ -72.676598876999947, 3.848298862000092 ], [ -72.678100548999907, 3.848290180000049 ], [ -72.679100219999953, 3.849163313000076 ], [ -72.679511582999908, 3.849286894000045 ], [ -72.6817356439999, 3.84963877000007 ], [ -72.68367087699994, 3.84978721300007 ], [ -72.683569192999926, 3.850747907000084 ], [ -72.683285269999942, 3.851293042000066 ], [ -72.681934610999917, 3.854925688000094 ], [ -72.681715421999911, 3.855938325000068 ], [ -72.681908601999908, 3.858721910000042 ], [ -72.681730013999925, 3.859094040000059 ], [ -72.681462534999923, 3.85940643400005 ], [ -72.681343369999922, 3.859719075000044 ], [ -72.681297112999914, 3.860791585000072 ], [ -72.680984771999931, 3.861327360000075 ], [ -72.680717708999907, 3.861386505000041 ], [ -72.680361828999935, 3.861341223000068 ], [ -72.679680614999938, 3.860714417000054 ], [ -72.679384551999931, 3.860371293000071 ], [ -72.679178753999906, 3.859253675000048 ], [ -72.679045688999906, 3.85900020400004 ], [ -72.678838293999945, 3.858850889000053 ], [ -72.678408235999939, 3.858820380000054 ], [ -72.67818561699994, 3.85890939300009 ], [ -72.677917695999952, 3.859489931000041 ], [ -72.677797989999931, 3.860130304000052 ], [ -72.677664089999951, 3.860383331000094 ], [ -72.677840667999931, 3.861232754000071 ], [ -72.677469366999901, 3.861544974000083 ], [ -72.677232039999922, 3.861559477000071 ], [ -72.676876531999937, 3.861290739000083 ], [ -72.676506852999921, 3.860619758000041 ], [ -72.676255971999922, 3.859859593000067 ], [ -72.675885409999921, 3.859724903000085 ], [ -72.675320564999936, 3.86048371000004 ], [ -72.675113149999902, 3.860349291000091 ], [ -72.675039238999943, 3.860200198000086 ], [ -72.675144287999899, 3.859455523000065 ], [ -72.67489207999995, 3.859499794000044 ], [ -72.67460994299995, 3.859707882000066 ], [ -72.674505187999898, 3.86027379300009 ], [ -72.674457984999947, 3.86191238400005 ], [ -72.673952264999912, 3.862790463000067 ], [ -72.674545028999944, 3.863089392000063 ], [ -72.674944884999945, 3.863447587000053 ], [ -72.674811156999908, 3.863596334000079 ], [ -72.674544068999921, 3.863670373000048 ], [ -72.673565221999922, 3.863653843000066 ], [ -72.673475591999932, 3.864041015000055 ], [ -72.673489780999944, 3.86442836100008 ], [ -72.673326216999953, 3.864681336000046 ], [ -72.672762253999906, 3.864903849000086 ], [ -72.672613940999952, 3.864903602000084 ], [ -72.672228693999898, 3.864679503000048 ], [ -72.671814328999915, 3.864127622000069 ], [ -72.67126542099993, 3.864216086000056 ], [ -72.671058248999941, 3.863932697000052 ], [ -72.670865541999945, 3.863872787000048 ], [ -72.670627595999918, 3.864259710000056 ], [ -72.670315915999936, 3.864393262000078 ], [ -72.67010844999993, 3.864288636000083 ], [ -72.669886225999903, 3.86413929400004 ], [ -72.669368586999951, 3.863259506000077 ], [ -72.668760549999945, 3.863228694000043 ], [ -72.667827784999929, 3.862258830000087 ], [ -72.667457273999901, 3.862094342000091 ], [ -72.666626670999904, 3.862122744000089 ], [ -72.666092545999902, 3.86224102400007 ], [ -72.66587074499995, 3.861838434000049 ], [ -72.665723447999937, 3.861227412000062 ], [ -72.665501522999932, 3.860899308000057 ], [ -72.664997110999934, 3.860987843000089 ], [ -72.664075487999924, 3.862237638000067 ], [ -72.662903294999921, 3.862548503000085 ], [ -72.662502849999953, 3.86254783000004 ], [ -72.662310266999953, 3.862413434000075 ], [ -72.662177926999902, 3.86172795300007 ], [ -72.662342362999937, 3.860953590000065 ], [ -72.662299035999922, 3.860253362000037 ], [ -72.661899013999914, 3.85999944100007 ], [ -72.660801824999908, 3.859803936000048 ], [ -72.660133275999954, 3.860488069000041 ], [ -72.659836477999932, 3.86059184700008 ], [ -72.659554807999939, 3.860516888000063 ], [ -72.658829321999917, 3.859770821000041 ], [ -72.658563279999953, 3.859219187000065 ], [ -72.658860650999941, 3.858772781000084 ], [ -72.660449800999913, 3.857449632000055 ], [ -72.660539408999909, 3.857077360000062 ], [ -72.660361732999945, 3.85689829800009 ], [ -72.660183832999905, 3.856853308000041 ], [ -72.659842492999928, 3.856986806000066 ], [ -72.659663822999903, 3.857403619000081 ], [ -72.659322133999922, 3.857745673000068 ], [ -72.659055494999905, 3.857551563000072 ], [ -72.658686580999927, 3.856433675000062 ], [ -72.657962588999908, 3.85479379800006 ], [ -72.657860088999939, 3.854004089000057 ], [ -72.657994886999916, 3.853214781000077 ], [ -72.658856580999952, 3.852322417000039 ], [ -72.660118910999927, 3.851311549000059 ], [ -72.660579492999943, 3.850820724000073 ], [ -72.66072909199994, 3.850046336000048 ], [ -72.660790572999929, 3.848750408000058 ], [ -72.661013508999929, 3.848467741000093 ], [ -72.662199469999905, 3.848412029000087 ] ] ] } },
{ "type": "Feature", "properties": { "OBJECTID": 168, "Id": 0, "nombre": "anamaria", "observac": "vectorizado a partir de plano escaneado", "año_reg": 2011, "acto_ad": "0101 (03 febrero de 2011)" }, "geometry": { "type": "Polygon", "coordinates": [ [ [ -72.662199469999905, 3.848412029000087 ], [ -72.662512037999932, 3.848112726000068 ], [ -72.662544073999925, 3.846682675000068 ], [ -72.662325565999936, 3.844298801000093 ], [ -72.663319388999923, 3.844211083000062 ], [ -72.66391294999994, 3.84401841600004 ], [ -72.664640456999905, 3.843542930000069 ], [ -72.66486139299991, 3.844466909000062 ], [ -72.666279091999911, 3.848059106000051 ], [ -72.665916476999939, 3.848434326000074 ], [ -72.665783043999909, 3.848729548000051 ], [ -72.665712098999904, 3.849304405000055 ], [ -72.66543771399995, 3.849604058000068 ], [ -72.664690106999899, 3.849990453000089 ], [ -72.664191922999919, 3.850114665000092 ], [ -72.663395117999926, 3.850138341000047 ], [ -72.663108989999898, 3.850012815000071 ], [ -72.662810867999951, 3.849612165000053 ], [ -72.662199469999905, 3.848412029000087 ] ] ] } },
{ "type": "Feature", "properties": { "OBJECTID": 169, "Id": 0, "nombre": "miravalle", "observac": "vectorizado a partir de plano escaneado", "año_reg": 2010, "acto_ad": "0257 (25 noviembre de 2010)" }, "geometry": { "type": "Polygon", "coordinates": [ [ [ -76.604673719999937, 3.260120157000074 ], [ -76.601940357999922, 3.26352359200007 ], [ -76.600116003999915, 3.264765586000067 ], [ -76.599766274999922, 3.26491337300007 ], [ -76.599389003999931, 3.264942769000072 ], [ -76.598355028999947, 3.26444652400005 ], [ -76.597591586999897, 3.263928226000075 ], [ -76.597479507999935, 3.263587836000056 ], [ -76.597588454999936, 3.262877636000042 ], [ -76.597437885999909, 3.262239435000083 ], [ -76.596849057999918, 3.262129996000056 ], [ -76.596709247999911, 3.262033742000085 ], [ -76.596633862999909, 3.261906078000038 ], [ -76.596573537999916, 3.261134751000043 ], [ -76.596395166999912, 3.260875709000061 ], [ -76.596006927999952, 3.260768226000039 ], [ -76.59562595999995, 3.260830912000074 ], [ -76.594703777999939, 3.261231793000093 ], [ -76.594018985999924, 3.261636498000087 ], [ -76.593551691999949, 3.261382851000064 ], [ -76.593205969999929, 3.260912862000055 ], [ -76.592830697999943, 3.260642617000087 ], [ -76.591951293999898, 3.260183442000084 ], [ -76.589496692999944, 3.259601349000093 ], [ -76.589040826999906, 3.258622654000078 ], [ -76.589826595999909, 3.258663766000041 ], [ -76.5911592839999, 3.258017108000047 ], [ -76.593471045999934, 3.257261840000069 ], [ -76.593969988999902, 3.256816344000072 ], [ -76.59463674299991, 3.255706921000069 ], [ -76.594719546999897, 3.255721762000064 ], [ -76.594816949999938, 3.255971513000077 ], [ -76.594925511999918, 3.255995615000074 ], [ -76.59508358599993, 3.256354527000042 ], [ -76.595422171999928, 3.256395397000063 ], [ -76.5957054779999, 3.256574961000069 ], [ -76.595762392999916, 3.256828390000067 ], [ -76.595548673999929, 3.25730548100006 ], [ -76.595684653999911, 3.257686576000083 ], [ -76.595894397999928, 3.257773619000091 ], [ -76.596222016999945, 3.257672063000086 ], [ -76.59673330399994, 3.258256815000038 ], [ -76.597691748999921, 3.25888989300006 ], [ -76.598378095999919, 3.259027126000092 ], [ -76.598709418999931, 3.25888118000006 ], [ -76.599086534999913, 3.259145875000058 ], [ -76.599143267999921, 3.259750733000089 ], [ -76.599494966999941, 3.259349548000046 ], [ -76.600054447999923, 3.259270308000055 ], [ -76.600277063999897, 3.259377703000041 ], [ -76.600831006999897, 3.259331752000094 ], [ -76.601485975999935, 3.25965023100008 ], [ -76.601795134999918, 3.259661491000088 ], [ -76.602192832999947, 3.259273276000044 ], [ -76.602513118999923, 3.259118074000071 ], [ -76.602866683999935, 3.258663250000041 ], [ -76.603266130999941, 3.258448901000065 ], [ -76.603564280999933, 3.258395417000088 ], [ -76.604185976999929, 3.259004269000059 ], [ -76.604673719999937, 3.260120157000074 ] ] ] } },
{ "type": "Feature", "properties": { "OBJECTID": 170, "Id": 0, "nombre": "cusagui", "observac": "vectorizado a partir de plano escaneado", "año_reg": 2010, "acto_ad": "0243 (08 noviembre de 2010)" }, "geometry": { "type": "Polygon", "coordinates": [ [ [ -76.595929514999909, 3.161344130000089 ], [ -76.595685732999925, 3.161452123000061 ], [ -76.595201680999935, 3.161512834000064 ], [ -76.594976023999948, 3.161978546000057 ], [ -76.594863858999929, 3.16203254800007 ], [ -76.594332924999946, 3.16202882400006 ], [ -76.593894558999921, 3.162251735000041 ], [ -76.593312541999921, 3.161448599000039 ], [ -76.593194977999929, 3.160872292000079 ], [ -76.592811679999897, 3.160815734000039 ], [ -76.592170024999916, 3.160281712000085 ], [ -76.592695479999918, 3.159810405000087 ], [ -76.592862313999944, 3.160255616000086 ], [ -76.593558723999934, 3.15888149400007 ], [ -76.593532500999913, 3.158697449000044 ], [ -76.593421507999949, 3.158697392000079 ], [ -76.593394116999946, 3.158557054000084 ], [ -76.59316300699993, 3.158500575000062 ], [ -76.593367871999931, 3.158415567000077 ], [ -76.59339207599993, 3.158072821000076 ], [ -76.593253715999936, 3.157886419000079 ], [ -76.593280091999929, 3.15777371300004 ], [ -76.593805495999902, 3.157397871000057 ], [ -76.593953123999938, 3.157361141000081 ], [ -76.594229836999943, 3.157746598000074 ], [ -76.59528598299994, 3.157749442000068 ], [ -76.595420653999952, 3.158439628000053 ], [ -76.596142976999943, 3.160105480000084 ], [ -76.596145030999935, 3.160567859000082 ], [ -76.595978955999897, 3.160877176000042 ], [ -76.595929514999909, 3.161344130000089 ] ] ] } },
{ "type": "Feature", "properties": { "OBJECTID": 171, "Id": 0, "nombre": "Matesanto", "observac": "vectorizado a partir de plano escaneado", "año_reg": 2011, "acto_ad": "0140 (08 abril de 2011)" }, "geometry": { "type": "Polygon", "coordinates": [ [ [ -71.03729084899993, 5.12881343500004 ], [ -71.039014842999904, 5.128953696000053 ], [ -71.04275403999992, 5.129444453000076 ], [ -71.049918052999942, 5.12769286300005 ], [ -71.050651298999924, 5.142467581000062 ], [ -71.044104537999942, 5.143822104000037 ], [ -71.042753041999902, 5.147863170000051 ], [ -71.039257827999904, 5.156389068000067 ], [ -71.038383704999944, 5.163490202000048 ], [ -71.038570059999927, 5.16405083300009 ], [ -71.038371956999924, 5.165101984000046 ], [ -71.038255461999938, 5.165137015000084 ], [ -71.036379943999918, 5.164774829000066 ], [ -71.036216906999925, 5.163945569000077 ], [ -71.036310123999954, 5.163583508000045 ], [ -71.036566422999954, 5.163373292000074 ], [ -71.036298531999932, 5.162695859000053 ], [ -71.03534331599991, 5.162322049000068 ], [ -71.033432808999919, 5.162695666000047 ], [ -71.030648829999905, 5.159974124000087 ], [ -71.029227681999942, 5.159203165000065 ], [ -71.025896184999908, 5.156983783000044 ], [ -71.020281777999912, 5.151447180000048 ], [ -71.019943965999914, 5.151318674000038 ], [ -71.017334823999931, 5.148655488000088 ], [ -71.017602929999953, 5.14675174100006 ], [ -71.022065013999907, 5.140725478000093 ], [ -71.024907503999941, 5.138740188000043 ], [ -71.025047253999901, 5.139184024000087 ], [ -71.029450724999947, 5.136451347000047 ], [ -71.031734028999949, 5.134512702000052 ], [ -71.03729084899993, 5.12881343500004 ] ] ] } },
{ "type": "Feature", "properties": { "OBJECTID": 172, "Id": 0, "nombre": "la laguna", "observac": "vectorizado a partir de plano escaneado", "año_reg": 2011, "acto_ad": "0142 (11 abril de 2011)" }, "geometry": { "type": "Polygon", "coordinates": [ [ [ -76.58235848399994, 3.500652081000055 ], [ -76.581867334999913, 3.500528773000042 ], [ -76.581772419999936, 3.500334524000039 ], [ -76.58186431799993, 3.500125542000092 ], [ -76.581866388999913, 3.499696823000079 ], [ -76.582031755999935, 3.499239919000047 ], [ -76.58193007999995, 3.498744867000084 ], [ -76.582009619999951, 3.498353731000066 ], [ -76.582139057999939, 3.498683335000067 ], [ -76.582750984999905, 3.498972408000043 ], [ -76.582862849999913, 3.499388673000055 ], [ -76.582676953999908, 3.500291436000055 ], [ -76.58235848399994, 3.500652081000055 ] ] ] } },
{ "type": "Feature", "properties": { "OBJECTID": 0, "Id": 0, "nombre": "hato venecia de guanapalo", "observac": "vectorizado a partir de plano escaneado, se tomo como Magna Sirgas Origen Este", "año_reg": 2012, "acto_ad": "0016 (21 junio de 2012)" }, "geometry": { "type": "Polygon", "coordinates": [ [ [ -71.981263308859184, 5.355412105970538 ], [ -71.979001751123519, 5.355833980885417 ], [ -71.979922701800987, 5.360016198491506 ], [ -71.978635444509209, 5.360402348995476 ], [ -71.977232352532326, 5.360475645755118 ], [ -71.976568572242343, 5.360863931651614 ], [ -71.976096287888893, 5.362229288255961 ], [ -71.97508072853033, 5.362928814467553 ], [ -71.973870329877798, 5.363627667585625 ], [ -71.972153485905324, 5.364285716449589 ], [ -71.970672052985762, 5.364475893726228 ], [ -71.967654274340475, 5.364456804287571 ], [ -71.966796187054612, 5.364688179365948 ], [ -71.964883562211284, 5.365618921215858 ], [ -71.962428485759077, 5.365649484356312 ], [ -71.961183013742925, 5.365215554071836 ], [ -71.960095164173495, 5.364274438141087 ], [ -71.957685538961627, 5.362430449391904 ], [ -71.956948132883085, 5.361568658678715 ], [ -71.955351974716692, 5.361133505093109 ], [ -71.954611470035829, 5.361169991015544 ], [ -71.953168888033233, 5.361399317462404 ], [ -71.951142345494873, 5.361470386018557 ], [ -71.947716118557835, 5.360638289959784 ], [ -71.945651025073758, 5.360592039398758 ], [ -71.945067069049514, 5.36043378054636 ], [ -71.944288009823936, 5.360352952340042 ], [ -71.943391644798098, 5.360388881136737 ], [ -71.942650331827352, 5.360659684089944 ], [ -71.942259581149742, 5.36097076564917 ], [ -71.941322620115386, 5.361475217436168 ], [ -71.94069915622039, 5.36147303916742 ], [ -71.940507584270208, 5.36053503385891 ], [ -71.939302751531898, 5.359632543415351 ], [ -71.938289899127042, 5.359550891013051 ], [ -71.937901867858812, 5.359080866765944 ], [ -71.93743508875832, 5.358844900577036 ], [ -71.935760358142858, 5.358604706858102 ], [ -71.935293444688256, 5.358407794560027 ], [ -71.93397145608435, 5.357582999100471 ], [ -71.9328451190121, 5.35652455495336 ], [ -71.927282280476774, 5.353849274906446 ], [ -71.924210420597404, 5.352002883702522 ], [ -71.921608764937318, 5.349416090072713 ], [ -71.919704670355657, 5.347925293363301 ], [ -71.917487770847828, 5.346745833327692 ], [ -71.912864118664956, 5.342980250071377 ], [ -71.908546610818718, 5.340816985544459 ], [ -71.906720648282374, 5.339287392626431 ], [ -71.904970835908671, 5.338265779423283 ], [ -71.90104276770316, 5.336181972594003 ], [ -71.895173039625888, 5.33225569645351 ], [ -71.888405312332907, 5.328872960734633 ], [ -71.880239188295491, 5.324313565488202 ], [ -71.87087040207291, 5.318343863694866 ], [ -71.86613363963842, 5.313679485288276 ], [ -71.856780005699207, 5.303570065142582 ], [ -71.854876804643538, 5.301922976048627 ], [ -71.853827667323998, 5.301138133607105 ], [ -71.854769562391013, 5.299227897250015 ], [ -71.863551293110632, 5.283911260647161 ], [ -71.870879288381772, 5.271908747076482 ], [ -71.875578727145964, 5.265012831695691 ], [ -71.885216560089674, 5.271881356541665 ], [ -71.899323325450766, 5.282124214173248 ], [ -71.923693343959158, 5.299081168402844 ], [ -71.955224416338027, 5.322721436395441 ], [ -71.963356774915908, 5.329831608663375 ], [ -71.963489105332414, 5.336705966383146 ], [ -71.963689607281523, 5.338841732231445 ], [ -71.97088652195454, 5.346104924094398 ], [ -71.976063374138022, 5.351590604161336 ], [ -71.979237288997268, 5.350247519610589 ], [ -71.980122841919211, 5.349573569116552 ], [ -71.982450744120513, 5.352549841900108 ], [ -71.98182354780441, 5.353641283922799 ], [ -71.981611997696703, 5.354734147343987 ], [ -71.981263308859184, 5.355412105970538 ] ] ] } },
{ "type": "Feature", "properties": { "OBJECTID": 0, "Id": 0, "nombre": "Las Malvinas", "observac": "Vectorizado a partir de plano escaneado se asumio como magna origen este", "año_reg": 2009, "acto_ad": "0292 (9 diciembre de 2009)" }, "geometry": { "type": "Polygon", "coordinates": [ [ [ -71.349219966762874, 4.831593264874713 ], [ -71.342983311834359, 4.840826887265722 ], [ -71.332448420220828, 4.856879875865636 ], [ -71.322386202297594, 4.850654077208463 ], [ -71.325028321030686, 4.838480649589246 ], [ -71.324786488122186, 4.83505676004948 ], [ -71.325311544863766, 4.831662757359897 ], [ -71.323942337992577, 4.82928004644737 ], [ -71.328963457967305, 4.826170981984338 ], [ -71.331578297920089, 4.822037101789524 ], [ -71.333849128352412, 4.822865846815028 ], [ -71.3368875453871, 4.825579740557412 ], [ -71.338316128339144, 4.825850697970718 ], [ -71.341985199673758, 4.826196201124425 ], [ -71.343820609773047, 4.828608857196916 ], [ -71.344482495142557, 4.829302441938633 ], [ -71.349219966762874, 4.831593264874713 ] ] ] } },
{ "type": "Feature", "properties": { "OBJECTID": 0, "Id": 0, "nombre": "San Martin", "observac": "vectorizado a partir de plano suministrado se asumio magna origen bogota", "año_reg": 2011, "acto_ad": "0009 (29 diciembre de 2011)" }, "geometry": { "type": "Polygon", "coordinates": [ [ [ -72.919848833788194, 11.115060556800673 ], [ -72.918794660384648, 11.115852317504618 ], [ -72.918360885794414, 11.116007922990757 ], [ -72.917851548156079, 11.114329394809342 ], [ -72.917811544933372, 11.113168541391584 ], [ -72.918119978377348, 11.110071385527231 ], [ -72.918109530973965, 11.108684167613212 ], [ -72.918203630743449, 11.108244156078372 ], [ -72.918192505498581, 11.107835194603977 ], [ -72.918803813275147, 11.1078847307601 ], [ -72.918882916792938, 11.109630803515651 ], [ -72.919087613656103, 11.110219805116646 ], [ -72.920159566853656, 11.112183593222364 ], [ -72.919128253091884, 11.113642296138218 ], [ -72.919314066246031, 11.114174605556874 ], [ -72.919848833788194, 11.115060556800673 ] ] ] } },
{ "type": "Feature", "properties": { "OBJECTID": 0, "Id": 0, "nombre": "Tigrillo", "observac": "vectorizado a partir de plano escaneado coordenadas UTM zona 18N", "año_reg": 2011, "acto_ad": "0003 (25 noviembre de 2011)" }, "geometry": { "type": "Polygon", "coordinates": [ [ [ -72.15474948091115, 4.129122148337874 ], [ -72.154983522843565, 4.129616823374181 ], [ -72.154964263972687, 4.134796275362995 ], [ -72.154691461261464, 4.135865248023101 ], [ -72.154056303192363, 4.13700563062103 ], [ -72.152748050699572, 4.138320180206136 ], [ -72.152113852418722, 4.139190476466066 ], [ -72.151748859950402, 4.139999414933571 ], [ -72.151683367410897, 4.140954863429962 ], [ -72.151081502623001, 4.141461697728007 ], [ -72.150418679526638, 4.141656675015143 ], [ -72.149095228807766, 4.14143375180385 ], [ -72.148576983606034, 4.141701964261507 ], [ -72.148357903145211, 4.142210177411351 ], [ -72.148335685754205, 4.142635998859375 ], [ -72.148012813708306, 4.143237327148521 ], [ -72.147566352808937, 4.14368239058747 ], [ -72.147274180836675, 4.144377319395006 ], [ -72.146009598228758, 4.145047954316897 ], [ -72.145811988394726, 4.145338098361844 ], [ -72.145282835107125, 4.145762083913909 ], [ -72.144485964877973, 4.145831913750428 ], [ -72.143729917536078, 4.146057707602988 ], [ -72.143417684324959, 4.1465759667323 ], [ -72.142867875781832, 4.146989486564683 ], [ -72.142194891044809, 4.147132476552191 ], [ -72.141429506218174, 4.147077762878441 ], [ -72.140427557029227, 4.146637842895275 ], [ -72.139559354024087, 4.146406162889149 ], [ -72.138463139399988, 4.146287920238057 ], [ -72.138028066653618, 4.146442157607702 ], [ -72.137695588769986, 4.146835685301148 ], [ -72.136681428797502, 4.146915104888654 ], [ -72.136474144335068, 4.147018229467442 ], [ -72.136256327202304, 4.147173254379962 ], [ -72.136203177327928, 4.147567795296396 ], [ -72.135995031637393, 4.147909834348248 ], [ -72.135218556208983, 4.14806282864784 ], [ -72.133542921306883, 4.147963247369558 ], [ -72.133241590277478, 4.148325721338679 ], [ -72.133049298441406, 4.15000783051152 ], [ -72.132840663089638, 4.150484905717239 ], [ -72.131720420456375, 4.151291067872734 ], [ -72.130643022356082, 4.15169226324117 ], [ -72.130186392701233, 4.152085331269027 ], [ -72.129130023058366, 4.152393110871591 ], [ -72.127930507624185, 4.152232921606574 ], [ -72.127488169238646, 4.151535335108982 ], [ -72.127139429191828, 4.15070305076997 ], [ -72.127255972255568, 4.149945177003289 ], [ -72.127549439015283, 4.148897093585588 ], [ -72.126943113670151, 4.147773016862945 ], [ -72.12637542944897, 4.147407379929136 ], [ -72.124369696482333, 4.147046886763154 ], [ -72.122559628528506, 4.14693640652288 ], [ -72.120861669778563, 4.147293773734459 ], [ -72.119173078242568, 4.147921247572377 ], [ -72.118407596719521, 4.147897674396599 ], [ -72.117456615317849, 4.147676058412628 ], [ -72.116826416027052, 4.14743483979739 ], [ -72.116331008207482, 4.147111013535327 ], [ -72.116365548587623, 4.146145097107018 ], [ -72.116701646111707, 4.144754393042621 ], [ -72.117596085451581, 4.143448828224366 ], [ -72.118789857395683, 4.142331329422039 ], [ -72.119362082044091, 4.141440085749164 ], [ -72.119425168763499, 4.141159851133088 ], [ -72.119374344553066, 4.14091036365629 ], [ -72.119117479447084, 4.140421210082636 ], [ -72.119326226455982, 4.139912979966121 ], [ -72.119762643876513, 4.139384804673898 ], [ -72.119580974915252, 4.138127244114527 ], [ -72.119934816306497, 4.1375468289434 ], [ -72.120287117679837, 4.137392298994653 ], [ -72.120856106015239, 4.137394372263265 ], [ -72.121021967775405, 4.137301488143234 ], [ -72.12159317043097, 4.136690700147446 ], [ -72.121988353055528, 4.136120820718611 ], [ -72.122467459341905, 4.13522923011641 ], [ -72.122676463594857, 4.134648284246873 ], [ -72.123201144884135, 4.132593444226268 ], [ -72.124454488043583, 4.132161720126525 ], [ -72.12535818963562, 4.131147015083979 ], [ -72.125629260372008, 4.13056629158176 ], [ -72.126148428179761, 4.130038406640988 ], [ -72.126780981158262, 4.129625196560945 ], [ -72.127515116668491, 4.129731737106212 ], [ -72.128258327287654, 4.130191490730144 ], [ -72.129205416534603, 4.131493385504094 ], [ -72.130321619984443, 4.131798676859897 ], [ -72.131383259780449, 4.132893234279386 ], [ -72.132157736853728, 4.133290774971031 ], [ -72.133305131660777, 4.133554626864353 ], [ -72.133790241170345, 4.13386801641242 ], [ -72.134439644373231, 4.134524796101274 ], [ -72.135235264700398, 4.134797759776212 ], [ -72.13647804965106, 4.134428302641695 ], [ -72.136984449630546, 4.134575564616288 ], [ -72.137946605395229, 4.134568659786129 ], [ -72.139468902981136, 4.134148269471634 ], [ -72.140194495015081, 4.133756158160776 ], [ -72.140816893604224, 4.133290958221092 ], [ -72.142892667383919, 4.131428654563646 ], [ -72.143162837167466, 4.131097220241155 ], [ -72.154012463512316, 4.12899640219445 ], [ -72.15474948091115, 4.129122148337874 ] ] ] } },
{ "type": "Feature", "properties": { "OBJECTID": 0, "Id": 0, "nombre": "Villa Diana", "observac": "vectorizado a partir de plano escaneado", "año_reg": 2011, "acto_ad": "0008 (29 diciembre de 2011)" }, "geometry": { "type": "Polygon", "coordinates": [ [ [ -73.78856175386737, 4.022698221189172 ], [ -73.788582791946979, 4.023690827104539 ], [ -73.788828631303758, 4.024033031044204 ], [ -73.788243326854058, 4.024585118867082 ], [ -73.787985189602395, 4.024459226252839 ], [ -73.787683797280721, 4.025689511208647 ], [ -73.786398896181652, 4.025975938927791 ], [ -73.785001601149219, 4.024421338486319 ], [ -73.786155151057244, 4.024041282315393 ], [ -73.786187710746731, 4.022695840125537 ], [ -73.787417509161088, 4.022693211394723 ], [ -73.787706221437489, 4.022757748838409 ], [ -73.78856175386737, 4.022698221189172 ] ] ] } },
{ "type": "Feature", "properties": { "OBJECTID": 0, "Id": 0, "nombre": "Miralindo", "observac": "Shape suministrado por la DT Orinoquia", "año_reg": 2013, "acto_ad": "0006 (06 marzo de 2013)" }, "geometry": { "type": "Polygon", "coordinates": [ [ [ -70.777154834605767, 5.318320546164841 ], [ -70.796346312249625, 5.287680584698137 ], [ -70.796642350806337, 5.288693812287818 ], [ -70.797550549529205, 5.288551429038932 ], [ -70.798829561441664, 5.289086454074777 ], [ -70.799468892697973, 5.2888128538724 ], [ -70.800011522316481, 5.288790818911139 ], [ -70.801193463418258, 5.2885374907504 ], [ -70.801277654626915, 5.28904524016923 ], [ -70.801347959882207, 5.290913266625068 ], [ -70.800543407300495, 5.292599661221857 ], [ -70.801317648643987, 5.294037758018703 ], [ -70.802161706774655, 5.294291989682165 ], [ -70.802837491489242, 5.293276865902783 ], [ -70.803217330475775, 5.293361652828025 ], [ -70.802836968751762, 5.294461526757004 ], [ -70.804046001938502, 5.295179754218509 ], [ -70.804484364799862, 5.295585583042964 ], [ -70.804460467102615, 5.295852691531309 ], [ -70.791798724950809, 5.312889978397095 ], [ -70.786918701636409, 5.326555505514648 ], [ -70.777154834605767, 5.318320546164841 ] ] ] } },
{ "type": "Feature", "properties": { "OBJECTID": 0, "Id": 0, "nombre": "Algarrobo del Lagunazo", "observac": "Shape suministrado por la DT Orinoquia", "año_reg": 2012, "acto_ad": "0080 (21 diciembre de 2012)" }, "geometry": { "type": "Polygon", "coordinates": [ [ [ -70.75993010000002, 5.354522690000067 ], [ -70.760642717573262, 5.354242172478678 ], [ -70.766431788106331, 5.359233161728127 ], [ -70.74638742061569, 5.383705599809616 ], [ -70.734829929889031, 5.397040151683882 ], [ -70.722650270280042, 5.376661078412155 ], [ -70.728523689999975, 5.373842980000063 ], [ -70.742182009999965, 5.366963029999965 ], [ -70.748706139999911, 5.361431140000036 ], [ -70.755761529999972, 5.358303260000071 ], [ -70.75993010000002, 5.354522690000067 ] ] ] } },
{ "type": "Feature", "properties": { "OBJECTID": 0, "Id": 0, "nombre": "Betania del Lagunazo", "observac": "Shape suministrado por la DT Orinoquia", "año_reg": 2012, "acto_ad": "0079 (21 diciembre de 2012)" }, "geometry": { "type": "Polygon", "coordinates": [ [ [ -70.744003086791452, 5.416693005285822 ], [ -70.734910735257984, 5.396946924742508 ], [ -70.74638742061569, 5.383705599809616 ], [ -70.749699403860859, 5.379662144621022 ], [ -70.770361327184332, 5.395627338255849 ], [ -70.767691943523289, 5.403361373037342 ], [ -70.766817934732728, 5.412785818227462 ], [ -70.75175057828551, 5.402816311583422 ], [ -70.744003086791452, 5.416693005285822 ] ] ] } },
{ "type": "Feature", "properties": { "OBJECTID": 0, "Id": 0, "nombre": "El Campin", "observac": "Shape suministrado por la DT Orinoquia", "año_reg": 2012, "acto_ad": "0082 (21 diciembre de 2012)" }, "geometry": { "type": "Polygon", "coordinates": [ [ [ -70.631683429616203, 5.453112196714301 ], [ -70.631047165223038, 5.450370389830368 ], [ -70.631042677314838, 5.448489198719528 ], [ -70.631226595164549, 5.446387644504625 ], [ -70.631546948786649, 5.444743080287537 ], [ -70.632449672191569, 5.442959559023222 ], [ -70.632518459999972, 5.441519890000109 ], [ -70.64029811711282, 5.428945345922443 ], [ -70.647771850000026, 5.43793914000014 ], [ -70.654254422006431, 5.44636360702367 ], [ -70.649918629999945, 5.453508360000114 ], [ -70.647070719452984, 5.452705009490444 ], [ -70.645555963620495, 5.451306803495868 ], [ -70.644132890165054, 5.450724945834281 ], [ -70.640924650670001, 5.450696433164751 ], [ -70.638040325620409, 5.4520394369369 ], [ -70.636327488490906, 5.453747323425489 ], [ -70.635193053256558, 5.454439766478117 ], [ -70.633460615604179, 5.454347112134712 ], [ -70.631683429616203, 5.453112196714301 ] ] ] } },
{ "type": "Feature", "properties": { "OBJECTID": 0, "Id": 0, "nombre": "El Lagunazo en Santa Clara", "observac": "Shape suministrado por la DT Orinoquia", "año_reg": 2012, "acto_ad": "0085 (21 diciembre de 2012)" }, "geometry": { "type": "Polygon", "coordinates": [ [ [ -70.792068488175005, 5.328988294312978 ], [ -70.790056734190387, 5.329202081503922 ], [ -70.786918701636409, 5.326555505514648 ], [ -70.791798724950809, 5.312889978397095 ], [ -70.803508562109243, 5.297133591905208 ], [ -70.804046779587111, 5.298005640910617 ], [ -70.804551000549225, 5.297331703502209 ], [ -70.804898098122578, 5.29774344021871 ], [ -70.805862191853237, 5.297773055884193 ], [ -70.807559538901216, 5.298499434972996 ], [ -70.80867716894835, 5.299700081925153 ], [ -70.80932981548392, 5.301235750914657 ], [ -70.810399160745362, 5.301422642516229 ], [ -70.811910475177854, 5.301027131561568 ], [ -70.812096840226161, 5.300141673714961 ], [ -70.813142817430389, 5.300608194052359 ], [ -70.813956460675001, 5.300725059311674 ], [ -70.814909427158852, 5.301238144405374 ], [ -70.815769470327439, 5.301588063359475 ], [ -70.81677184265817, 5.301651285406251 ], [ -70.800434161371243, 5.316789703230825 ], [ -70.796484087292924, 5.33036254616502 ], [ -70.792068488175005, 5.328988294312978 ] ] ] } },
{ "type": "Feature", "properties": { "OBJECTID": 0, "Id": 0, "nombre": "La Sonrisa", "observac": "Shape suministrado por la DT Orinoquia", "año_reg": 2012, "acto_ad": "0081 (21 diciembre de 2012)" }, "geometry": { "type": "Polygon", "coordinates": [ [ [ -70.856187812748942, 5.370528466627889 ], [ -70.856776342327862, 5.370254135428524 ], [ -70.857170730786663, 5.370389980733307 ], [ -70.8583892674975, 5.37013332420014 ], [ -70.859415543025136, 5.369523091069937 ], [ -70.861756383813145, 5.369106142978239 ], [ -70.863263405086855, 5.369106673323813 ], [ -70.864326735993018, 5.369393879264976 ], [ -70.865299336380986, 5.375704273698659 ], [ -70.873481871016622, 5.382456821099879 ], [ -70.870255577774344, 5.38655765973283 ], [ -70.856187812748942, 5.370528466627889 ] ] ] } },
{ "type": "Feature", "properties": { "OBJECTID": 0, "Id": 0, "nombre": "El Lagunazo", "observac": "Shape suministrado por la DT Orinoquia", "año_reg": 2012, "acto_ad": "0086 (21 diciembre de 2012)" }, "geometry": { "type": "Polygon", "coordinates": [ [ [ -70.774838240776546, 5.34909886306508 ], [ -70.780722220899406, 5.343500872607251 ], [ -70.782414478919975, 5.344840485112627 ], [ -70.784442113605735, 5.345540176801023 ], [ -70.790367395770318, 5.345955858454772 ], [ -70.791794152528439, 5.344146203294997 ], [ -70.792777519050901, 5.341828178364608 ], [ -70.793930591933474, 5.340820330994575 ], [ -70.795261067296622, 5.341630824794834 ], [ -70.79692880983049, 5.342030629744499 ], [ -70.801273894025655, 5.341085698316817 ], [ -70.802842838002107, 5.34008596029895 ], [ -70.803936581445271, 5.338847806097533 ], [ -70.806194177461805, 5.339039367650855 ], [ -70.806964386207312, 5.339463216734657 ], [ -70.796968391054349, 5.3582986801988 ], [ -70.790998709706344, 5.370415718097036 ], [ -70.787436034314169, 5.374653937452763 ], [ -70.766431788106331, 5.359233161728127 ], [ -70.774838240776546, 5.34909886306508 ] ] ] } },
{ "type": "Feature", "properties": { "OBJECTID": 0, "Id": 0, "nombre": "Limonal", "observac": "Shape suministrado por la DT Orinoquia", "año_reg": 2013, "acto_ad": "0005 (06 marzo de 2013)" }, "geometry": { "type": "Polygon", "coordinates": [ [ [ -70.864318805656637, 5.369301625097137 ], [ -70.865301913435019, 5.36825543626486 ], [ -70.866407818352684, 5.367332409434425 ], [ -70.868496251908141, 5.36702532391223 ], [ -70.873972457535672, 5.368648270313486 ], [ -70.883048630455392, 5.353399062701669 ], [ -70.913035732422543, 5.372025359237227 ], [ -70.908197824946399, 5.393857592544293 ], [ -70.900823685521345, 5.405018505505041 ], [ -70.865299336380986, 5.375704273698659 ], [ -70.864318805656637, 5.369301625097137 ] ] ] } },
{ "type": "Feature", "properties": { "OBJECTID": 0, "Id": 0, "nombre": "Los Matapalos del Lagunazo", "observac": "Shape suministrado por la DT Orinoquia", "año_reg": 2012, "acto_ad": "0084 (21 diciembre de 2012)" }, "geometry": { "type": "Polygon", "coordinates": [ [ [ -70.749699403860859, 5.379662144621022 ], [ -70.766431788106331, 5.359233161728127 ], [ -70.787436034314169, 5.374653937452763 ], [ -70.776601734684618, 5.386933572578698 ], [ -70.770361327184332, 5.395627338255849 ], [ -70.749699403860859, 5.379662144621022 ] ] ] } },
{ "type": "Feature", "properties": { "OBJECTID": 0, "Id": 0, "nombre": "Quinto Patio del Lagunazo", "observac": "Shape suministrado por la DT Orinoquia", "año_reg": 2012, "acto_ad": "0083 (21 diciembre de 2012)" }, "geometry": { "type": "Polygon", "coordinates": [ [ [ -70.71940038781247, 5.33983044444409 ], [ -70.758626161711845, 5.334187584605502 ], [ -70.762585421160281, 5.33898565327263 ], [ -70.764590550860873, 5.341874608972944 ], [ -70.767315943975348, 5.344918634047076 ], [ -70.767778827458187, 5.345279859289462 ], [ -70.774619926179298, 5.349305752542762 ], [ -70.766431788106331, 5.359233161728127 ], [ -70.760364364034899, 5.354002189441474 ], [ -70.718257633146038, 5.345112526886965 ], [ -70.718434460101605, 5.341217818373423 ], [ -70.71940038781247, 5.33983044444409 ] ] ] } },
{ "type": "Feature", "properties": { "OBJECTID": 0, "Id": 0, "nombre": "Parque Jaime Duque", "observac": "Georreferenciado a partir de plano escaneado", "año_reg": 2012, "acto_ad": "0061 (30 noviembre de 2012)" }, "geometry": { "type": "Polygon", "coordinates": [ [ [ -73.969891862909947, 4.955144306363991 ], [ -73.96562832066104, 4.955205604624325 ], [ -73.962611664631766, 4.950173084385767 ], [ -73.961342331054936, 4.947635397652675 ], [ -73.96411470097064, 4.946493144086048 ], [ -73.968708514407297, 4.947616377420673 ], [ -73.969374101118035, 4.948917017214058 ], [ -73.96915839988435, 4.949587915916368 ], [ -73.969506890685295, 4.951200122185639 ], [ -73.970093329463907, 4.951823454820726 ], [ -73.970613128814307, 4.952821990418784 ], [ -73.970524260515106, 4.953410235646743 ], [ -73.970562176124872, 4.954221086060784 ], [ -73.969966105156345, 4.954329101994574 ], [ -73.969851949743486, 4.954437195993023 ], [ -73.969766298917705, 4.954729721932324 ], [ -73.969891862909947, 4.955144306363991 ] ] ] } },
{ "type": "Feature", "properties": { "OBJECTID": 0, "Id": 0, "nombre": "FInca el Prado", "observac": "Georreferenciado a partir de plano escaneado", "año_reg": 2012, "acto_ad": "0032 (04 septiembre de 2012)" }, "geometry": { "type": "Polygon", "coordinates": [ [ [ -73.361792660629888, 7.131100635500891 ], [ -73.360409442819517, 7.132066170813645 ], [ -73.358699327654108, 7.131453682924683 ], [ -73.35704726031652, 7.13071129211039 ], [ -73.35679349798383, 7.130656332027912 ], [ -73.355891756161213, 7.130922918904441 ], [ -73.355819553509832, 7.130861823742245 ], [ -73.356251449239664, 7.130023196285259 ], [ -73.356503977355203, 7.129840645963726 ], [ -73.356704733008741, 7.129887499220597 ], [ -73.357035973134145, 7.129713095762884 ], [ -73.357271157531642, 7.129320290468008 ], [ -73.357723231082701, 7.1289310337151 ], [ -73.357876330754635, 7.128631177449249 ], [ -73.358067629811103, 7.128560865674991 ], [ -73.358421589858679, 7.128240460723553 ], [ -73.359056088180182, 7.127289810874373 ], [ -73.359730011481133, 7.127954174992276 ], [ -73.360858266662504, 7.128726231725717 ], [ -73.361792660629888, 7.131100635500891 ] ] ] } },
{ "type": "Feature", "properties": { "OBJECTID": 0, "Id": 0, "nombre": "Pullitopamba", "observac": "Se recibio Shape por Parte del SIG de la Territorial", "año_reg": 2003, "acto_ad": "0205 (22 agosto de 2003)" }, "geometry": { "type": "Polygon", "coordinates": [ [ [ -77.387256144720013, 1.294239283717626 ], [ -77.3867778241151, 1.295906699059662 ], [ -77.385987167174079, 1.296664845218641 ], [ -77.385769487807167, 1.296117576017866 ], [ -77.385807498566848, 1.295160497258099 ], [ -77.385412561692974, 1.294543217863222 ], [ -77.384744617637466, 1.293945573923811 ], [ -77.384274984112565, 1.293657850344485 ], [ -77.383436959187648, 1.293773959375228 ], [ -77.383086995020506, 1.293246326305594 ], [ -77.382478985332781, 1.292605140257276 ], [ -77.382729554363635, 1.292573551879552 ], [ -77.383841698349173, 1.292864693635697 ], [ -77.384296362291821, 1.292846766597893 ], [ -77.385476001317627, 1.29026069544567 ], [ -77.385414132299914, 1.289669884597741 ], [ -77.387209972338994, 1.289737341250456 ], [ -77.387411066902985, 1.290903595412889 ], [ -77.38750664174799, 1.291110208810166 ], [ -77.387764816852808, 1.291325360713214 ], [ -77.387796479307497, 1.292834830595803 ], [ -77.387890775345255, 1.293353924711779 ], [ -77.387473728502584, 1.293845695652834 ], [ -77.387256144720013, 1.294239283717626 ] ] ] } },
{ "type": "Feature", "properties": { "OBJECTID": 0, "Id": 0, "nombre": "Caño Viejo", "observac": "Georreferenciado a partir de plano escaneado", "año_reg": 2013, "acto_ad": "0010 (21 marzo de 2013)" }, "geometry": { "type": "Polygon", "coordinates": [ [ [ -71.818651613999961, 5.101393861000069 ], [ -71.815994234261765, 5.102645919901441 ], [ -71.810879826547549, 5.104686597366864 ], [ -71.805539759928621, 5.106605753123254 ], [ -71.797356430730488, 5.109745480972751 ], [ -71.785943712692216, 5.113592757363163 ], [ -71.774518487052177, 5.117892668043954 ], [ -71.760504351114136, 5.123638037453373 ], [ -71.751421244937987, 5.126904448374599 ], [ -71.74007703359301, 5.130544116679487 ], [ -71.733995015498962, 5.133642283745491 ], [ -71.723473506653519, 5.137899216440236 ], [ -71.705101028121263, 5.144760969894456 ], [ -71.699141985649234, 5.147817494338493 ], [ -71.694894338, 5.149800658000084 ], [ -71.692072990183021, 5.149836674902336 ], [ -71.690905633502268, 5.149281222166379 ], [ -71.689917940999976, 5.148492549 ], [ -71.689507297964411, 5.146887279949811 ], [ -71.688226654055811, 5.144112240926384 ], [ -71.687800295275153, 5.143732988693961 ], [ -71.687492111287625, 5.143187521487467 ], [ -71.686686458593556, 5.14214422489103 ], [ -71.686070590387388, 5.141575321848315 ], [ -71.685597059320187, 5.141362214394641 ], [ -71.684980922986909, 5.140508564675362 ], [ -71.684767273755313, 5.13982063274938 ], [ -71.684624624078239, 5.13913263311779 ], [ -71.6847895694671, 5.138373154278726 ], [ -71.684598779336469, 5.136830963247758 ], [ -71.684147527793542, 5.13514664665446 ], [ -71.682961219330736, 5.131968111013716 ], [ -71.682960525886585, 5.131232518228811 ], [ -71.683239406999988, 5.130623639000025 ], [ -71.683128302999933, 5.12962159500007 ], [ -71.68283705999994, 5.12841094500008 ], [ -71.68239437999992, 5.127607420000083 ], [ -71.6834559412152, 5.12680066559654 ], [ -71.688675269106454, 5.124903698261408 ], [ -71.694858618147677, 5.122266033959542 ], [ -71.702630733208778, 5.119427609292299 ], [ -71.714769818577807, 5.113839248285067 ], [ -71.731844746015966, 5.107150308697149 ], [ -71.754109150768898, 5.097980297487555 ], [ -71.75904359208009, 5.095471419081854 ], [ -71.766077179859806, 5.09251927922221 ], [ -71.769807182349624, 5.091448376962186 ], [ -71.776755144161939, 5.088126365898486 ], [ -71.779761296947726, 5.086800140880896 ], [ -71.781082034507534, 5.088064753850674 ], [ -71.783182983573951, 5.089545738624699 ], [ -71.786523615480917, 5.093196237663125 ], [ -71.789907406959529, 5.093026402744345 ], [ -71.797976211552736, 5.092424213796837 ], [ -71.800673411832648, 5.091970351841066 ], [ -71.804612597734518, 5.09180727064131 ], [ -71.80511082254128, 5.09294566452474 ], [ -71.805939251489789, 5.093110825335201 ], [ -71.806601818402285, 5.093086346869542 ], [ -71.807525171564208, 5.093488680547342 ], [ -71.809016570811067, 5.093985280254875 ], [ -71.81001059622055, 5.094102790740734 ], [ -71.811477257224752, 5.093650283156893 ], [ -71.812210411679246, 5.09326979493596 ], [ -71.81332235128842, 5.093031242426095 ], [ -71.814860593326429, 5.09310066669076 ], [ -71.817368923702588, 5.093050331806433 ], [ -71.820611271624571, 5.093378791114686 ], [ -71.821890137040924, 5.094255255780517 ], [ -71.822577650607158, 5.095345956022693 ], [ -71.822531935193211, 5.096745971093407 ], [ -71.82220162151205, 5.097600567845002 ], [ -71.821491861143954, 5.097743758439537 ], [ -71.820072638940729, 5.098291147083697 ], [ -71.819292238443396, 5.09874288343642 ], [ -71.8177080414318, 5.099883662641411 ], [ -71.818134460133251, 5.100286550719599 ], [ -71.818962981352001, 5.100522877344382 ], [ -71.818651613999961, 5.101393861000069 ] ] ] } },
{ "type": "Feature", "properties": { "OBJECTID": 0, "Id": 0, "nombre": "La Bohemia", "observac": "Georreferenciado a partir de plano escaneado", "año_reg": 2012, "acto_ad": "0075 (07 diciembre de 2012)" }, "geometry": { "type": "Polygon", "coordinates": [ [ [ -71.777232967894278, 5.083405088237332 ], [ -71.77797292985332, 5.084584784390112 ], [ -71.778716448084609, 5.085390817819242 ], [ -71.779761296947726, 5.086800140880896 ], [ -71.776755144161939, 5.088126365898486 ], [ -71.769807182349624, 5.091448376962186 ], [ -71.766077179859806, 5.09251927922221 ], [ -71.75904359208009, 5.095471419081854 ], [ -71.754109150768898, 5.097980297487555 ], [ -71.731844746015966, 5.107150308697149 ], [ -71.714769818577807, 5.113839248285067 ], [ -71.702630733208778, 5.119427609292299 ], [ -71.694858618147677, 5.122266033959542 ], [ -71.688675269106454, 5.124903698261408 ], [ -71.6834559412152, 5.12680066559654 ], [ -71.68239437999992, 5.127607420000083 ], [ -71.681796208999984, 5.126877673000045 ], [ -71.681599495999919, 5.126411079000038 ], [ -71.681402719999909, 5.124853814000097 ], [ -71.68143326299996, 5.123479014000054 ], [ -71.681202674999938, 5.122843366000084 ], [ -71.680933655999951, 5.122442053000061 ], [ -71.68052, 5.122028370000064 ], [ -71.680277032999982, 5.121918461000078 ], [ -71.680038466999974, 5.12195955900012 ], [ -71.678727303999921, 5.123130360000069 ], [ -71.678377328999929, 5.123253267000091 ], [ -71.67786427399993, 5.123029273000079 ], [ -71.676750973999944, 5.122166899000036 ], [ -71.676391216999946, 5.121816215000029 ], [ -71.676185565999958, 5.121493225000086 ], [ -71.676133840999967, 5.12116463100006 ], [ -71.675738232561514, 5.120719142188562 ], [ -71.675524425579155, 5.119841374082968 ], [ -71.675571095603871, 5.119129464651382 ], [ -71.675215582295166, 5.118560303839992 ], [ -71.674173107589155, 5.117279916957626 ], [ -71.673888659228226, 5.116781875542672 ], [ -71.673390189904936, 5.115168775957132 ], [ -71.673034834482749, 5.114765715372416 ], [ -71.67246596444987, 5.11379335966275 ], [ -71.672181365930513, 5.11312921508122 ], [ -71.672015007597267, 5.112370045150701 ], [ -71.67189466824054, 5.110187099461591 ], [ -71.670686034361466, 5.108337364773866 ], [ -71.672860459788907, 5.106203104477825 ], [ -71.677637361367758, 5.102473225346818 ], [ -71.689081389385905, 5.092069210821275 ], [ -71.694590939792548, 5.087555481168147 ], [ -71.698853162511554, 5.083702778791804 ], [ -71.70426381081495, 5.077147799813249 ], [ -71.706934458763072, 5.073657074669895 ], [ -71.711340238913408, 5.078066312194798 ], [ -71.713037990897391, 5.079889480400642 ], [ -71.714340237878247, 5.077947714591341 ], [ -71.716656340149811, 5.075160740704872 ], [ -71.717577241118647, 5.075582188586754 ], [ -71.720272543644143, 5.078490231476924 ], [ -71.722293460056648, 5.080091220205394 ], [ -71.724441351843453, 5.082451391399569 ], [ -71.725164958397798, 5.083035610187538 ], [ -71.731386001204456, 5.078573657964963 ], [ -71.738786804857909, 5.072681423334291 ], [ -71.74258070296402, 5.070018495129422 ], [ -71.747064592194121, 5.066695382097054 ], [ -71.750540371892797, 5.064891920384961 ], [ -71.753454757074607, 5.062639065273707 ], [ -71.755023654649492, 5.061062553450535 ], [ -71.756007786999987, 5.059574545000041 ], [ -71.75732613293728, 5.058256658796105 ], [ -71.758723120327389, 5.059085690112632 ], [ -71.759078537915002, 5.059536158255679 ], [ -71.759480984087972, 5.059701834383323 ], [ -71.760357139860531, 5.060294124358469 ], [ -71.761209434747272, 5.060696610024505 ], [ -71.761990566638659, 5.060933070086771 ], [ -71.762369525779704, 5.06126486855346 ], [ -71.764451504721478, 5.060906736142266 ], [ -71.766013118540101, 5.060762707062064 ], [ -71.767314613264503, 5.060785050748677 ], [ -71.768427961185722, 5.061899102386035 ], [ -71.769281270403368, 5.06325071415555 ], [ -71.769802440349508, 5.063795911773826 ], [ -71.770205345706856, 5.064388692352498 ], [ -71.770348133290625, 5.065147850336815 ], [ -71.76971048839404, 5.066334955963477 ], [ -71.76833729707343, 5.06717106205195 ], [ -71.767818891522182, 5.067838978780062 ], [ -71.767835291496894, 5.070748665176905 ], [ -71.768247908544254, 5.07073487715062 ], [ -71.769605825510212, 5.070946980912451 ], [ -71.770484785998704, 5.071373151473886 ], [ -71.773627037290552, 5.072237346104349 ], [ -71.77498623293755, 5.073637341228855 ], [ -71.775426332918428, 5.074424353266976 ], [ -71.775533306547459, 5.074878043906875 ], [ -71.775534396896376, 5.075892433089277 ], [ -71.775148972559293, 5.076440086511287 ], [ -71.774577268146842, 5.077054677142535 ], [ -71.774072575070434, 5.078096306932042 ], [ -71.773980144159054, 5.078790463391484 ], [ -71.774020420474244, 5.079110753793901 ], [ -71.774940733475589, 5.080844901298777 ], [ -71.77508764109318, 5.081298548651471 ], [ -71.775327466701071, 5.081511845110851 ], [ -71.775980706237164, 5.082445444773414 ], [ -71.77642036878288, 5.082818691098648 ], [ -71.776553837598854, 5.083152227332635 ], [ -71.776980060439683, 5.083405362618853 ], [ -71.777232967894278, 5.083405088237332 ] ] ] } },
{ "type": "Feature", "properties": { "OBJECTID": 0, "Id": 0, "nombre": "La Bramadora", "observac": "Georreferenciado a partir de plano escaneado", "año_reg": 2012, "acto_ad": "0074 (07 diciembre de 2012)" }, "geometry": { "type": "Polygon", "coordinates": [ [ [ -71.778813629470719, 5.150791473008877 ], [ -71.789131466181104, 5.143633666497053 ], [ -71.795448882926834, 5.139040781471877 ], [ -71.79937521751404, 5.136541137601075 ], [ -71.817117473516035, 5.123977366863231 ], [ -71.825137307203519, 5.118483101229542 ], [ -71.835218128453278, 5.111772443078046 ], [ -71.837497944999939, 5.110130390000053 ], [ -71.838219507999938, 5.110839377000062 ], [ -71.83879172599994, 5.11110866500012 ], [ -71.839233651999933, 5.111070352000143 ], [ -71.840602702999931, 5.110544109000096 ], [ -71.841199219999964, 5.110559426000066 ], [ -71.842061251999937, 5.110754378000053 ], [ -71.842440260999965, 5.110965204000035 ], [ -71.842664479999939, 5.111241615000068 ], [ -71.842866330999968, 5.112101528000075 ], [ -71.842870975999972, 5.112969785000081 ], [ -71.842629238999962, 5.114845638000078 ], [ -71.842371269999916, 5.116025674000096 ], [ -71.842551273999959, 5.116791075000037 ], [ -71.842997044999947, 5.117531736000045 ], [ -71.844679247999963, 5.117579796000084 ], [ -71.845427230999945, 5.117347590000103 ], [ -71.846181994999924, 5.117220568000062 ], [ -71.847583770999933, 5.117196035000107 ], [ -71.848067765999986, 5.117389254000074 ], [ -71.848509826999987, 5.117828386000045 ], [ -71.848895445999972, 5.118654935000084 ], [ -71.848952291999964, 5.1192806120001 ], [ -71.848487575, 5.120631840000065 ], [ -71.848284151999934, 5.122052400000039 ], [ -71.848073163999942, 5.122795118000078 ], [ -71.846879356999978, 5.125773491000087 ], [ -71.846392937999951, 5.126625561000033 ], [ -71.846158306999925, 5.127412081000061 ], [ -71.846137222999957, 5.128418032000083 ], [ -71.84626147799996, 5.128946035000062 ], [ -71.846848912999974, 5.129750423000093 ], [ -71.847744757999962, 5.13033179400008 ], [ -71.848179767999952, 5.130458906000086 ], [ -71.848897188999942, 5.130313172000087 ], [ -71.849808188999958, 5.129927454000062 ], [ -71.850706781999961, 5.129935404000043 ], [ -71.851230796999957, 5.130097100000103 ], [ -71.851593014999921, 5.130435056000112 ], [ -71.852333109999947, 5.13173808000006 ], [ -71.840074181073092, 5.138608721649091 ], [ -71.827398046876297, 5.145153092378271 ], [ -71.817883841482868, 5.150214157656815 ], [ -71.813508045172568, 5.151684452670371 ], [ -71.805482732405991, 5.15552816386655 ], [ -71.793961387567037, 5.161593283015847 ], [ -71.789077389561896, 5.163995491060285 ], [ -71.787999500760563, 5.171827945732159 ], [ -71.785931777360389, 5.185716856246155 ], [ -71.786189461291286, 5.187459254696715 ], [ -71.779081763172158, 5.19092821166542 ], [ -71.774501009363888, 5.193024401444627 ], [ -71.761538861570585, 5.199226596897484 ], [ -71.756779736778654, 5.200981109841413 ], [ -71.748009067268086, 5.205628317471268 ], [ -71.746131034999962, 5.206545510000078 ], [ -71.746062295999934, 5.206068208000047 ], [ -71.74572253499997, 5.205461414000088 ], [ -71.745058607999951, 5.204839762000076 ], [ -71.744522510999928, 5.204033811000036 ], [ -71.743586708999928, 5.201491875000093 ], [ -71.742363490999949, 5.199005294000106 ], [ -71.74152539899994, 5.197958954000082 ], [ -71.740467758999955, 5.196307644000075 ], [ -71.740099314999952, 5.196044994000054 ], [ -71.738639605999921, 5.195904309000086 ], [ -71.737761861999957, 5.195385604000028 ], [ -71.73703752399993, 5.195083626000056 ], [ -71.736168043999953, 5.194966854000043 ], [ -71.73524701999996, 5.195029611000077 ], [ -71.734175086999954, 5.194562837000069 ], [ -71.732116651999945, 5.193366901000076 ], [ -71.731359721999951, 5.192783580000062 ], [ -71.731063969999965, 5.192423697000051 ], [ -71.73018448299996, 5.189983289000091 ], [ -71.731929156378911, 5.188731209359665 ], [ -71.737272637073247, 5.183135068181419 ], [ -71.739313832431037, 5.181198281263403 ], [ -71.744769935241109, 5.17487647916436 ], [ -71.752087391418442, 5.171155908897075 ], [ -71.755560581344056, 5.168307131835893 ], [ -71.76405245483835, 5.161725892123337 ], [ -71.778063399805291, 5.151528834764453 ], [ -71.778813629470719, 5.150791473008877 ] ] ] } },
{ "type": "Feature", "properties": { "OBJECTID": 0, "Id": 0, "nombre": "La Travesada", "observac": "Georreferenciado a partir de plano escaneado", "año_reg": 2012, "acto_ad": "0073 (07 diciembre de 2012)" }, "geometry": { "type": "Polygon", "coordinates": [ [ [ -71.689917941, 5.148492549 ], [ -71.690905633502268, 5.149281222166362 ], [ -71.692072990183021, 5.149836674902336 ], [ -71.694894338, 5.149800658000084 ], [ -71.699141985649248, 5.147817494338476 ], [ -71.705101028121291, 5.14476096989444 ], [ -71.723473506653534, 5.137899216440203 ], [ -71.733995015498962, 5.133642283745491 ], [ -71.740077033593025, 5.13054411667947 ], [ -71.751421244937987, 5.126904448374599 ], [ -71.76050435111415, 5.123638037453373 ], [ -71.774518487052205, 5.117892668043937 ], [ -71.785943712692216, 5.113592757363163 ], [ -71.797356430730488, 5.109745480972767 ], [ -71.805539759928621, 5.106605753123254 ], [ -71.810879826547549, 5.104686597366846 ], [ -71.815994234261765, 5.102645919901441 ], [ -71.818651613999961, 5.101393861000069 ], [ -71.819608876999936, 5.101859727000035 ], [ -71.81996688299995, 5.10216180400006 ], [ -71.820518546999949, 5.103487331000065 ], [ -71.820790655999986, 5.104823611 ], [ -71.821226454999987, 5.106130920000059 ], [ -71.821499857999981, 5.107277269000069 ], [ -71.822622266999986, 5.10778966800008 ], [ -71.823415613999913, 5.109006930000013 ], [ -71.823808742999972, 5.10881629000008 ], [ -71.824566669999967, 5.108169413000041 ], [ -71.824806429999953, 5.107584924000031 ], [ -71.824941293999984, 5.106613396000083 ], [ -71.825364633999982, 5.1053769370001 ], [ -71.825672639999937, 5.104874455000071 ], [ -71.826548847999945, 5.104217401000042 ], [ -71.82738835899994, 5.10377138700008 ], [ -71.828356257999971, 5.103020144000065 ], [ -71.828949118999944, 5.102430400000046 ], [ -71.831593201999951, 5.102628748 ], [ -71.832652360999973, 5.103242998000042 ], [ -71.833762471999918, 5.10361514300007 ], [ -71.83492352699993, 5.103745192000088 ], [ -71.836135515999942, 5.103633136000038 ], [ -71.836914902999979, 5.103756412000061 ], [ -71.83752618799997, 5.104068316000045 ], [ -71.837967269999979, 5.104571427000053 ], [ -71.838250149999951, 5.105262438000044 ], [ -71.838277449999964, 5.105682715000052 ], [ -71.838098324999962, 5.106921518000037 ], [ -71.838130520999982, 5.107986238000048 ], [ -71.837967072999945, 5.108391881000053 ], [ -71.837431649999971, 5.109248029000072 ], [ -71.837324390999981, 5.109739273000062 ], [ -71.837497944999939, 5.110130390000053 ], [ -71.835218128453278, 5.111772443078013 ], [ -71.825137307203505, 5.118483101229526 ], [ -71.817117473516035, 5.123977366863198 ], [ -71.799375217514054, 5.136541137601091 ], [ -71.79544888292682, 5.139040781471877 ], [ -71.789131466181118, 5.143633666497037 ], [ -71.778813629470733, 5.150791473008877 ], [ -71.772874258581538, 5.15146183757636 ], [ -71.765970500561053, 5.152531501940218 ], [ -71.758631381705285, 5.153392922094429 ], [ -71.755189094064434, 5.15407941594849 ], [ -71.748209164633394, 5.1547506653415 ], [ -71.737465513926011, 5.156336183835486 ], [ -71.730637072568172, 5.157215728293028 ], [ -71.719249765791361, 5.158479166742211 ], [ -71.706292977484651, 5.16054058988084 ], [ -71.701791240379208, 5.161322690881577 ], [ -71.699466977999975, 5.16184305000008 ], [ -71.698052526999945, 5.160513346000084 ], [ -71.696760497999932, 5.158735059000038 ], [ -71.695096566999936, 5.156922843000078 ], [ -71.694666237999954, 5.15629572900004 ], [ -71.694246912999958, 5.155387227000067 ], [ -71.693135130999963, 5.152311566000057 ], [ -71.692579684999941, 5.151595474000043 ], [ -71.691904699999938, 5.151058120000087 ], [ -71.691220937999944, 5.150714397000073 ], [ -71.690746456999975, 5.150326235000046 ], [ -71.690400829999987, 5.149885989000035 ], [ -71.690084236999937, 5.149282950000065 ], [ -71.689917941, 5.148492549 ] ] ] } },
{ "type": "Feature", "properties": { "OBJECTID": 0, "Id": 0, "nombre": "Mano de Oso", "observac": "Vectorizado a partir de plano escaneado", "año_reg": 2013, "acto_ad": "0032 (4 junio de 2013)" }, "geometry": { "type": "Polygon", "coordinates": [ [ [ -75.4812090154076, 6.189869085265606 ], [ -75.480571126843813, 6.190154837713854 ], [ -75.480137200863851, 6.189994583236301 ], [ -75.479409376383629, 6.18944515906519 ], [ -75.47906160420861, 6.188685554338488 ], [ -75.479356758442464, 6.188572439845986 ], [ -75.479817483958001, 6.188621580436158 ], [ -75.480078120385187, 6.189118007828132 ], [ -75.480290063611221, 6.189251733696572 ], [ -75.480686508607036, 6.189876277076692 ], [ -75.480795940668415, 6.18990988205875 ], [ -75.481049159043366, 6.189794940598085 ], [ -75.4812090154076, 6.189869085265606 ] ] ] } },
{ "type": "Feature", "properties": { "OBJECTID": 0, "Id": 0, "nombre": "Pintura", "observac": "Informacion Suministrada por Catastro IGAC", "año_reg": 2006, "acto_ad": "083 (26 mayo de 2006)" }, "geometry": { "type": "Polygon", "coordinates": [ [ [ -75.141114, 9.918350000320643 ], [ -75.140956, 9.918260000320657 ], [ -75.140776, 9.91829700032061 ], [ -75.14219, 9.913534000320452 ], [ -75.144383, 9.913047000320466 ], [ -75.144575, 9.9131150003205 ], [ -75.144429, 9.913511000320504 ], [ -75.143509, 9.915202000320495 ], [ -75.142331, 9.918497000320643 ], [ -75.141114, 9.918350000320643 ] ] ] } },
{ "type": "Feature", "properties": { "OBJECTID": 0, "Id": 0, "nombre": "Las piedras", "observac": "Informacion Suministrada por Catastro IGAC", "año_reg": 2005, "acto_ad": "075 (27 abril de 2005)" }, "geometry": { "type": "Polygon", "coordinates": [ [ [ -76.514055, 2.448475000080665 ], [ -76.514721, 2.448424000080707 ], [ -76.514456, 2.449050000080743 ], [ -76.514261, 2.450118000080771 ], [ -76.513698, 2.449962000080736 ], [ -76.513603, 2.449239000080754 ], [ -76.513627, 2.449128000080716 ], [ -76.514052, 2.448720000080693 ], [ -76.514106, 2.448586000080704 ], [ -76.514055, 2.448475000080665 ] ] ] } },
{ "type": "Feature", "properties": { "OBJECTID": 0, "Id": 0, "nombre": "Santa Elena", "observac": "Informacion Suministrada por Catastro IGAC", "año_reg": 2006, "acto_ad": "022 (14 febrero de 2006)" }, "geometry": { "type": "Polygon", "coordinates": [ [ [ -76.517859, 2.396943000078984 ], [ -76.517878999999894, 2.396551000078956 ], [ -76.518867, 2.396352000079003 ], [ -76.519073, 2.396391000079034 ], [ -76.519391, 2.39665000007898 ], [ -76.519523, 2.396655000079038 ], [ -76.520114, 2.396288000078947 ], [ -76.521451, 2.396237000078988 ], [ -76.522014, 2.396113000079028 ], [ -76.522351, 2.396721000078994 ], [ -76.522788, 2.397138000079049 ], [ -76.522586, 2.397311000079069 ], [ -76.522239, 2.397954000079002 ], [ -76.522143, 2.399778000079078 ], [ -76.521591, 2.400317000079106 ], [ -76.521287, 2.401241000079117 ], [ -76.520459, 2.401320000079172 ], [ -76.520349, 2.401264000079156 ], [ -76.519829, 2.400082000079106 ], [ -76.519404, 2.39947900007911 ], [ -76.519246, 2.399098000079103 ], [ -76.519176, 2.397853000079079 ], [ -76.519002, 2.397377000079025 ], [ -76.518096, 2.397149000079071 ], [ -76.517859, 2.396943000078984 ] ] ] } },
{ "type": "Feature", "properties": { "OBJECTID": 0, "Id": 0, "nombre": "El Sauce", "observac": "Informacion Suministrada por Catastro IGAC", "año_reg": 2006, "acto_ad": "021 (14 febrero de 2006)" }, "geometry": { "type": "Polygon", "coordinates": [ [ [ -76.529042, 2.398706000079075 ], [ -76.527145, 2.3983490000791 ], [ -76.526305, 2.398751000079069 ], [ -76.525819, 2.39784800007902 ], [ -76.525722, 2.397486000079077 ], [ -76.525757, 2.397365000079009 ], [ -76.526494, 2.396820000079017 ], [ -76.526621, 2.396605000078984 ], [ -76.526982, 2.396638000078962 ], [ -76.527473, 2.396477000079048 ], [ -76.528388, 2.395742000078962 ], [ -76.529405, 2.395656000078947 ], [ -76.529696, 2.395300000078968 ], [ -76.529945, 2.395200000078951 ], [ -76.530382, 2.395168000078966 ], [ -76.531143, 2.395749000078919 ], [ -76.531127, 2.396625000078953 ], [ -76.530942, 2.398071000079094 ], [ -76.53062, 2.398091000079062 ], [ -76.530328999999895, 2.398286000079037 ], [ -76.530346, 2.398722000079067 ], [ -76.529508, 2.398750000079075 ], [ -76.529177, 2.398860000079121 ], [ -76.529041, 2.398987000079063 ], [ -76.529042, 2.398706000079075 ] ] ] } },
{ "type": "Feature", "properties": { "OBJECTID": 0, "Id": 0, "nombre": "El Pedregal", "observac": "Informacion Suministrada por Catastro IGAC", "año_reg": 2006, "acto_ad": "076 (26 mayo de 2006)" }, "geometry": { "type": "Polygon", "coordinates": [ [ [ -76.519159, 2.378513000078387 ], [ -76.519052, 2.377899000078367 ], [ -76.51941, 2.377109000078347 ], [ -76.519424, 2.376846000078338 ], [ -76.519293, 2.376354000078293 ], [ -76.518811, 2.375827000078369 ], [ -76.519052, 2.375425000078313 ], [ -76.519797, 2.374621000078287 ], [ -76.520838, 2.373762000078239 ], [ -76.521024, 2.374220000078224 ], [ -76.520941, 2.374781000078297 ], [ -76.521113, 2.374961000078275 ], [ -76.521451, 2.374864000078328 ], [ -76.521643, 2.374906000078341 ], [ -76.521898, 2.375086000078319 ], [ -76.521822, 2.375710000078277 ], [ -76.522064, 2.37559200007828 ], [ -76.522298, 2.375731000078328 ], [ -76.521601, 2.377062000078364 ], [ -76.521332, 2.377429000078367 ], [ -76.52138, 2.377831000078423 ], [ -76.521194, 2.378260000078408 ], [ -76.521001, 2.378371000078446 ], [ -76.520429, 2.378392000078407 ], [ -76.519714, 2.379513000078381 ], [ -76.519159, 2.378513000078387 ] ] ] } },
{ "type": "Feature", "properties": { "OBJECTID": 0, "Id": 0, "nombre": "Villa de Santa Helena", "observac": "Informacion Suministrada por Catastro IGAC", "año_reg": 2006, "acto_ad": "031 (27 febrero de 2006)" }, "geometry": { "type": "Polygon", "coordinates": [ [ [ -76.526192, 2.376443000078376 ], [ -76.527833, 2.375857000078278 ], [ -76.529135, 2.376171000078332 ], [ -76.529232, 2.377120000078369 ], [ -76.529105, 2.379314000078431 ], [ -76.529582, 2.380705000078461 ], [ -76.529882, 2.3809040000785 ], [ -76.530002, 2.381128000078478 ], [ -76.529256, 2.382063000078512 ], [ -76.529059, 2.382589000078529 ], [ -76.52902, 2.383084000078557 ], [ -76.52887, 2.383261000078553 ], [ -76.527112, 2.383239000078597 ], [ -76.527666, 2.382347000078482 ], [ -76.527898, 2.381140000078495 ], [ -76.527859, 2.380541000078474 ], [ -76.527493, 2.379728000078415 ], [ -76.527282, 2.378038000078416 ], [ -76.527137, 2.3774970000784 ], [ -76.526192, 2.376443000078376 ] ] ] } },
{ "type": "Feature", "properties": { "OBJECTID": 0, "Id": 0, "nombre": "Los Naranjos", "observac": "Informacion Suministrada por Catastro IGAC", "año_reg": 2006, "acto_ad": "020 (14 febrero de 2006)" }, "geometry": { "type": "Polygon", "coordinates": [ [ [ -76.537695, 2.391179000078831 ], [ -76.536932, 2.391045000078753 ], [ -76.536491, 2.391174000078773 ], [ -76.535749, 2.391596000078797 ], [ -76.535591, 2.39214400007886 ], [ -76.535371999999896, 2.39212600007888 ], [ -76.535291, 2.392001000078837 ], [ -76.535097, 2.392114000078863 ], [ -76.53486, 2.39142600007876 ], [ -76.534766, 2.390650000078831 ], [ -76.535366, 2.390361000078801 ], [ -76.536296, 2.390081000078807 ], [ -76.536519, 2.390107000078828 ], [ -76.536943, 2.390366000078771 ], [ -76.538244, 2.390482000078781 ], [ -76.538244, 2.390102000078769 ], [ -76.538677, 2.391403000078809 ], [ -76.538997, 2.39188100007885 ], [ -76.539325, 2.392677000078836 ], [ -76.539165, 2.393063000078901 ], [ -76.538522, 2.392903000078891 ], [ -76.538243, 2.392403000078893 ], [ -76.538244, 2.392081000078886 ], [ -76.537695, 2.391179000078831 ] ] ] } },
{ "type": "Feature", "properties": { "OBJECTID": 0, "Id": 0, "nombre": "La Palma", "observac": "Informacion Suministrada por Catastro IGAC", "año_reg": 2006, "acto_ad": "038 (27 febrero de 2006)" }, "geometry": { "type": "Polygon", "coordinates": [ [ [ -76.538677, 2.391403000078809 ], [ -76.538244, 2.390102000078769 ], [ -76.538244, 2.390482000078781 ], [ -76.536943, 2.390366000078771 ], [ -76.536519, 2.390107000078828 ], [ -76.536296, 2.390081000078807 ], [ -76.535366, 2.390361000078801 ], [ -76.534766, 2.390650000078831 ], [ -76.53468, 2.390095000078722 ], [ -76.53424, 2.389353000078767 ], [ -76.534235, 2.38900300007875 ], [ -76.534309, 2.388888000078735 ], [ -76.5346, 2.388836000078694 ], [ -76.534846, 2.388658000078704 ], [ -76.534817, 2.38784900007871 ], [ -76.53492, 2.387159000078706 ], [ -76.534376, 2.386314000078663 ], [ -76.534248, 2.385853000078606 ], [ -76.53439, 2.385120000078596 ], [ -76.534193, 2.384400000078596 ], [ -76.534172, 2.383288000078568 ], [ -76.534412, 2.382577000078514 ], [ -76.534485, 2.380995000078483 ], [ -76.533637, 2.380913000078445 ], [ -76.532707, 2.380995000078483 ], [ -76.533011, 2.380543000078462 ], [ -76.533545, 2.379989000078436 ], [ -76.534038, 2.378819000078402 ], [ -76.534115, 2.378289000078408 ], [ -76.534282, 2.37791500007836 ], [ -76.534548, 2.377666000078356 ], [ -76.534758, 2.377845000078339 ], [ -76.535288, 2.378053000078325 ], [ -76.535502, 2.378046000078368 ], [ -76.535964, 2.377742000078429 ], [ -76.536501, 2.377846000078333 ], [ -76.537734, 2.378546000078365 ], [ -76.537734, 2.37875400007844 ], [ -76.537955, 2.379024000078406 ], [ -76.538579, 2.379482000078481 ], [ -76.539003, 2.379992000078506 ], [ -76.539295, 2.380907000078482 ], [ -76.539359, 2.381392000078483 ], [ -76.539031, 2.382217000078469 ], [ -76.538994, 2.382629000078553 ], [ -76.539458, 2.384067000078566 ], [ -76.539321, 2.385936000078637 ], [ -76.539621, 2.386577000078671 ], [ -76.540031, 2.386990000078661 ], [ -76.540095, 2.387310000078681 ], [ -76.540489, 2.387708000078674 ], [ -76.540489, 2.387873000078742 ], [ -76.540394, 2.388058000078689 ], [ -76.540223, 2.38814100007872 ], [ -76.540086, 2.388498000078695 ], [ -76.540092, 2.389680000078743 ], [ -76.539751, 2.390573000078853 ], [ -76.539702, 2.391686000078876 ], [ -76.539325, 2.392677000078836 ], [ -76.538997, 2.39188100007885 ], [ -76.538677, 2.391403000078809 ] ] ] } },
{ "type": "Feature", "properties": { "OBJECTID": 0, "Id": 0, "nombre": "El Carmen", "observac": "Informacion Suministrada por Catastro IGAC", "año_reg": 2006, "acto_ad": "080 (26 mayo de 2006)" }, "geometry": { "type": "Polygon", "coordinates": [ [ [ -76.509327, 2.393975000078895 ], [ -76.509269, 2.393840000078911 ], [ -76.510167, 2.394539000078949 ], [ -76.510475, 2.394889000078965 ], [ -76.510618, 2.395263000078925 ], [ -76.510098, 2.396153000078963 ], [ -76.50992, 2.397130000079009 ], [ -76.509628, 2.39794100007908 ], [ -76.509457, 2.398067000079029 ], [ -76.508617, 2.398314000079046 ], [ -76.508119, 2.398701000079105 ], [ -76.508114, 2.398009000079024 ], [ -76.50796, 2.397038000079031 ], [ -76.508138, 2.39660700007906 ], [ -76.508566, 2.396153000078963 ], [ -76.508658, 2.395958000078987 ], [ -76.508829, 2.395314000078971 ], [ -76.50927, 2.39446400007887 ], [ -76.509327, 2.393975000078895 ] ] ] } },
{ "type": "Feature", "properties": { "OBJECTID": 0, "Id": 0, "nombre": "San Antonio", "observac": "Informacion Suministrada por Catastro IGAC", "año_reg": 2006, "acto_ad": "081 (26 mayo de 2006)" }, "geometry": { "type": "Polygon", "coordinates": [ [ [ -76.513449, 2.388213000078728 ], [ -76.514068, 2.388239000078749 ], [ -76.514168, 2.388431000078743 ], [ -76.514763, 2.388888000078735 ], [ -76.514763, 2.389181000078739 ], [ -76.514579, 2.389866000078774 ], [ -76.514047, 2.391409000078862 ], [ -76.513894, 2.391631000078853 ], [ -76.513699, 2.391661000078849 ], [ -76.512893, 2.391540000078781 ], [ -76.512876, 2.39103400007882 ], [ -76.513185, 2.390994000078796 ], [ -76.513334, 2.390184000078805 ], [ -76.51286, 2.389931000078736 ], [ -76.512597, 2.388695000078747 ], [ -76.513449, 2.388213000078728 ] ] ] } },
{ "type": "Feature", "properties": { "OBJECTID": 0, "Id": 0, "nombre": "La Estrella 2", "observac": "Informacion Suministrada por Catastro IGAC", "año_reg": 2006, "acto_ad": "033 (27 febrero de 2006)" }, "geometry": { "type": "Polygon", "coordinates": [ [ [ -76.511289, 2.391850000078862 ], [ -76.511084, 2.388406000078718 ], [ -76.511952, 2.38843000007875 ], [ -76.51226, 2.388655000078722 ], [ -76.512597, 2.388695000078747 ], [ -76.51286, 2.389931000078736 ], [ -76.513334, 2.390184000078805 ], [ -76.513185, 2.390994000078796 ], [ -76.512876, 2.39103400007882 ], [ -76.512893, 2.391540000078781 ], [ -76.513527, 2.391649000078833 ], [ -76.513894, 2.391631000078853 ], [ -76.513824, 2.391832000078792 ], [ -76.513171999999898, 2.392387000078813 ], [ -76.512893, 2.393090000078826 ], [ -76.512302, 2.39391700007889 ], [ -76.511664, 2.392821000078853 ], [ -76.511499, 2.392239000078907 ], [ -76.511289, 2.391850000078862 ] ] ] } },
{ "type": "Feature", "properties": { "OBJECTID": 0, "Id": 0, "nombre": "El Umuy", "observac": "Informacion Suministrada por Catastro IGAC", "año_reg": 2006, "acto_ad": "030 (27 febrero de 2006)" }, "geometry": { "type": "Polygon", "coordinates": [ [ [ -76.508217, 2.389894000078783 ], [ -76.507448, 2.389605000078753 ], [ -76.506896, 2.389023000078807 ], [ -76.50663, 2.388273000078721 ], [ -76.506589, 2.387671000078719 ], [ -76.50725, 2.387624000078736 ], [ -76.507421, 2.387687000078711 ], [ -76.507804, 2.388072000078693 ], [ -76.508598, 2.388481000078708 ], [ -76.510529, 2.388476000078739 ], [ -76.511084, 2.388406000078718 ], [ -76.511289, 2.391850000078862 ], [ -76.510593, 2.390667000078817 ], [ -76.510128, 2.390246000078786 ], [ -76.509691, 2.390078000078824 ], [ -76.508217, 2.389894000078783 ] ] ] } },
{ "type": "Feature", "properties": { "OBJECTID": 0, "Id": 0, "nombre": "El Portal", "observac": "Informacion Suministrada por Catastro IGAC", "año_reg": 2006, "acto_ad": "034 (27 febrero de 2006)" }, "geometry": { "type": "Polygon", "coordinates": [ [ [ -76.511918, 2.388396000078778 ], [ -76.511622, 2.387908000078708 ], [ -76.511578, 2.387642000078718 ], [ -76.511259, 2.387181000078662 ], [ -76.511382, 2.38596500007864 ], [ -76.511031, 2.384965000078556 ], [ -76.51089, 2.384051000078574 ], [ -76.510941, 2.38366300007861 ], [ -76.511117, 2.383702000078552 ], [ -76.511237, 2.383577000078596 ], [ -76.51125, 2.382343000078507 ], [ -76.511912, 2.38275400007851 ], [ -76.512623, 2.383599000078553 ], [ -76.512717, 2.383758000078569 ], [ -76.512630999999899, 2.384620000078598 ], [ -76.512755, 2.384922000078638 ], [ -76.513149, 2.385375000078653 ], [ -76.51407, 2.386754000078667 ], [ -76.514018, 2.387724000078665 ], [ -76.514068, 2.388239000078749 ], [ -76.513449, 2.388213000078728 ], [ -76.512597, 2.388695000078747 ], [ -76.51226, 2.388655000078722 ], [ -76.511918, 2.388396000078778 ] ] ] } },
{ "type": "Feature", "properties": { "OBJECTID": 0, "Id": 0, "nombre": "El Guavito", "observac": "Informacion Suministrada por Catastro IGAC", "año_reg": 2006, "acto_ad": "077 (26 mayo de 2006)" }, "geometry": { "type": "Polygon", "coordinates": [ [ [ -76.515185, 2.381316000078497 ], [ -76.515566, 2.381295000078446 ], [ -76.516616, 2.381450000078486 ], [ -76.516492, 2.381744000078485 ], [ -76.513347, 2.385686000078639 ], [ -76.512755, 2.384922000078638 ], [ -76.512630999999899, 2.384620000078598 ], [ -76.512717, 2.383842000078594 ], [ -76.513587, 2.38371700007855 ], [ -76.514989, 2.381850000078466 ], [ -76.515185, 2.381316000078497 ] ] ] } },
{ "type": "Feature", "properties": { "OBJECTID": 0, "Id": 0, "nombre": "Buena Vista", "observac": "Informacion Suministrada por Catastro IGAC", "año_reg": 2006, "acto_ad": "035 (27 febrero de 2006)" }, "geometry": { "type": "Polygon", "coordinates": [ [ [ -76.509253, 2.381491000078504 ], [ -76.509612, 2.380534000078516 ], [ -76.509772, 2.380534000078517 ], [ -76.510032, 2.380198000078504 ], [ -76.510659, 2.380316000078502 ], [ -76.511559, 2.380776000078474 ], [ -76.513428, 2.38081100007844 ], [ -76.514524, 2.381199000078494 ], [ -76.515185, 2.381316000078497 ], [ -76.514989, 2.381850000078466 ], [ -76.513587, 2.38371700007855 ], [ -76.512717, 2.383842000078594 ], [ -76.512623, 2.383599000078553 ], [ -76.511689, 2.382572000078544 ], [ -76.510841, 2.382111000078576 ], [ -76.510027, 2.381899000078527 ], [ -76.509714, 2.381671000078483 ], [ -76.509253, 2.381491000078504 ] ] ] } },
{ "type": "Feature", "properties": { "OBJECTID": 0, "Id": 0, "nombre": "La Pradera", "observac": "Informacion Suministrada por Catastro IGAC", "año_reg": 2006, "acto_ad": "037 (27 febrero de 2006)" }, "geometry": { "type": "Polygon", "coordinates": [ [ [ -76.513428, 2.38081100007844 ], [ -76.511559, 2.380776000078474 ], [ -76.510659, 2.380316000078502 ], [ -76.509811, 2.380149000078446 ], [ -76.509481, 2.379997000078477 ], [ -76.510594, 2.37823500007838 ], [ -76.511569, 2.378549000078347 ], [ -76.513484, 2.378727000078425 ], [ -76.513428, 2.38081100007844 ] ] ] } },
{ "type": "Feature", "properties": { "OBJECTID": 0, "Id": 0, "nombre": "Parcela No. 6", "observac": "Informacion Suministrada por Catastro IGAC", "año_reg": 2006, "acto_ad": "085 (26 mayo de 2006)" }, "geometry": { "type": "Polygon", "coordinates": [ [ [ -76.514881, 2.364091000077899 ], [ -76.513414, 2.363516000077911 ], [ -76.513489, 2.364306000077933 ], [ -76.512883, 2.365193000077988 ], [ -76.512338999999898, 2.364416000077977 ], [ -76.511367, 2.363945000077893 ], [ -76.511209, 2.364132000077918 ], [ -76.511278, 2.364305000077938 ], [ -76.511243, 2.364547000077985 ], [ -76.511091, 2.364839000077996 ], [ -76.510471, 2.365358000077968 ], [ -76.50972, 2.365288000077946 ], [ -76.510058, 2.364436000077945 ], [ -76.509893, 2.363840000077906 ], [ -76.508074, 2.36429000007794 ], [ -76.508701, 2.363493000077961 ], [ -76.509032, 2.362772000077878 ], [ -76.509832, 2.361858000077808 ], [ -76.509845, 2.361747000077857 ], [ -76.509522, 2.361234000077849 ], [ -76.51092, 2.361761000077861 ], [ -76.51298, 2.363280000077916 ], [ -76.514613, 2.362567000077874 ], [ -76.515288, 2.362470000077839 ], [ -76.51564, 2.362567000077874 ], [ -76.516005, 2.362824000077919 ], [ -76.51617, 2.363115000077936 ], [ -76.516466, 2.364231000077941 ], [ -76.517468, 2.366041000078014 ], [ -76.518198, 2.366263000078004 ], [ -76.518378, 2.366367000077997 ], [ -76.518592, 2.366687000078017 ], [ -76.519216, 2.367880000078089 ], [ -76.519227, 2.368267000078059 ], [ -76.517515, 2.369098000078098 ], [ -76.516447, 2.369368000078155 ], [ -76.515484, 2.3698030000781 ], [ -76.514749, 2.367938000078004 ], [ -76.514715, 2.367481000078013 ], [ -76.514922, 2.365159000078016 ], [ -76.514881, 2.364091000077899 ] ] ] } },
{ "type": "Feature", "properties": { "OBJECTID": 0, "Id": 0, "nombre": "El Cedro", "observac": "Informacion Suministrada por Catastro IGAC", "año_reg": 2006, "acto_ad": "036 (27 febrero de 2006)" }, "geometry": { "type": "Polygon", "coordinates": [ [ [ -76.515152, 2.371560000078137 ], [ -76.516145, 2.371524000078177 ], [ -76.51607, 2.37136200007818 ], [ -76.516677, 2.371099000078171 ], [ -76.517028, 2.370753000078131 ], [ -76.517462, 2.371030000078144 ], [ -76.518813, 2.371578000078206 ], [ -76.518468, 2.37196600007817 ], [ -76.518378, 2.372223000078215 ], [ -76.518474, 2.373741000078277 ], [ -76.518398, 2.374101000078233 ], [ -76.517992, 2.374794000078308 ], [ -76.51857, 2.375660000078312 ], [ -76.519293, 2.376354000078293 ], [ -76.519369, 2.376589000078293 ], [ -76.51941, 2.377109000078347 ], [ -76.519052, 2.377899000078367 ], [ -76.519159, 2.378513000078387 ], [ -76.518135, 2.377573000078384 ], [ -76.516365, 2.376595000078345 ], [ -76.516131, 2.376283000078367 ], [ -76.515821, 2.375555000078236 ], [ -76.515387, 2.374834000078243 ], [ -76.515327, 2.374575000078299 ], [ -76.515338, 2.373509000078259 ], [ -76.515028, 2.372428000078221 ], [ -76.515013, 2.372137000078202 ], [ -76.515121, 2.371960000078207 ], [ -76.515152, 2.371560000078137 ] ] ] } },
{ "type": "Feature", "properties": { "OBJECTID": 0, "Id": 0, "nombre": "El Abejero", "observac": "Informacion Suministrada por Catastro IGAC", "año_reg": 2006, "acto_ad": "007 (31 enero de 2006)" }, "geometry": { "type": "Polygon", "coordinates": [ [ [ -76.514219, 2.391621000078824 ], [ -76.513894, 2.391631000078853 ], [ -76.514227, 2.390897000078848 ], [ -76.514713, 2.391086000078772 ], [ -76.515121, 2.390866000078857 ], [ -76.515487, 2.391015000078846 ], [ -76.516835, 2.391205000078851 ], [ -76.517007, 2.391110000078803 ], [ -76.517208, 2.390611000078801 ], [ -76.517563, 2.39043800007878 ], [ -76.517752, 2.390230000078795 ], [ -76.518472, 2.38990900007878 ], [ -76.518776, 2.389933000078813 ], [ -76.518893, 2.390014000078768 ], [ -76.518904, 2.390462000078812 ], [ -76.518527, 2.39053600007881 ], [ -76.517887, 2.391214000078798 ], [ -76.51771, 2.391645000078856 ], [ -76.517658, 2.392484000078848 ], [ -76.517555, 2.392817000078878 ], [ -76.517161, 2.393323000078928 ], [ -76.516721, 2.393116000078847 ], [ -76.515099, 2.391943000078832 ], [ -76.514219, 2.391621000078824 ] ] ] } },
{ "type": "Feature", "properties": { "OBJECTID": 0, "Id": 0, "nombre": "Los Ciruelos", "observac": "Informacion Suministrada por Catastro IGAC", "año_reg": 2006, "acto_ad": "032 (27 febrero de 2006)" }, "geometry": { "type": "Polygon", "coordinates": [ [ [ -76.523046, 2.384049000078586 ], [ -76.523636, 2.382839000078528 ], [ -76.523469, 2.382686000078564 ], [ -76.523084, 2.382930000078511 ], [ -76.52296, 2.382925000078542 ], [ -76.522913, 2.3826380000785 ], [ -76.522613, 2.382389000078495 ], [ -76.522618, 2.382039000078479 ], [ -76.522765, 2.381915000078517 ], [ -76.52335, 2.381848000078479 ], [ -76.523583, 2.381676000078453 ], [ -76.523717, 2.381422000078479 ], [ -76.524093, 2.381810000078531 ], [ -76.524217, 2.38285000007855 ], [ -76.524749, 2.383045000078526 ], [ -76.525443, 2.382968000078548 ], [ -76.525785, 2.383626000078567 ], [ -76.525972, 2.384446000078585 ], [ -76.525286, 2.384363000078642 ], [ -76.524991, 2.384247000078633 ], [ -76.524589, 2.384254000078591 ], [ -76.524341, 2.384029000078618 ], [ -76.524149, 2.38400100007861 ], [ -76.523413, 2.384181000078587 ], [ -76.522951, 2.38454800007859 ], [ -76.523046, 2.384049000078586 ] ] ] } },
{ "type": "Feature", "properties": { "OBJECTID": 0, "Id": 0, "nombre": "El Naranjal", "observac": "Informacion Suministrada por Catastro IGAC", "año_reg": 2007, "acto_ad": "192 (10 de agosto de 2007)" }, "geometry": { "type": "Polygon", "coordinates": [ [ [ -76.433101, 2.941532000096851 ], [ -76.432638, 2.941584000096892 ], [ -76.432335, 2.941756000096919 ], [ -76.431992, 2.941211000096926 ], [ -76.431977, 2.94075500009684 ], [ -76.43037, 2.940564000096839 ], [ -76.431332999999896, 2.939232000096809 ], [ -76.431606, 2.938382000096797 ], [ -76.431738, 2.938200000096743 ], [ -76.432466, 2.937716000096736 ], [ -76.434589, 2.935687000096655 ], [ -76.435605, 2.93710800009668 ], [ -76.436543, 2.936285000096682 ], [ -76.436986, 2.935995000096747 ], [ -76.438643, 2.935956000096717 ], [ -76.439081, 2.935596000096673 ], [ -76.440188, 2.935186000096663 ], [ -76.440363, 2.93521600009666 ], [ -76.44127, 2.936228000096671 ], [ -76.44071, 2.937650000096779 ], [ -76.437556, 2.940728000096826 ], [ -76.437428, 2.941531000096858 ], [ -76.436819, 2.941874000096916 ], [ -76.435723, 2.943453000096963 ], [ -76.435508, 2.943627000096977 ], [ -76.435407, 2.944107000096919 ], [ -76.434656, 2.944951000097057 ], [ -76.433834, 2.944748000097039 ], [ -76.433582, 2.944549000097 ], [ -76.434315, 2.943634000096936 ], [ -76.433101, 2.941532000096851 ] ] ] } },
{ "type": "Feature", "properties": { "OBJECTID": 0, "Id": 0, "nombre": "Parcela 16 El Arrayan", "observac": "Informacion Suministrada por Catastro IGAC", "año_reg": 2005, "acto_ad": "299 (28 octubre de 2005)" }, "geometry": { "type": "Polygon", "coordinates": [ [ [ -76.584587, 2.220323000073217 ], [ -76.585073, 2.219849000073241 ], [ -76.585333, 2.219367000073134 ], [ -76.586216, 2.2189610000731 ], [ -76.586832, 2.218404000073093 ], [ -76.585852, 2.217155000073094 ], [ -76.586698, 2.216484000073064 ], [ -76.587621, 2.215817000073099 ], [ -76.588004, 2.215625000073016 ], [ -76.589755, 2.215020000073031 ], [ -76.590255, 2.214910000072985 ], [ -76.590521, 2.214944000073046 ], [ -76.590816, 2.215034000073035 ], [ -76.591281, 2.215350000073079 ], [ -76.590018, 2.215720000073063 ], [ -76.589491, 2.216085000073077 ], [ -76.588985, 2.216580000073016 ], [ -76.587966, 2.217226000073109 ], [ -76.587899, 2.220470000073218 ], [ -76.586713, 2.220322000073224 ], [ -76.585864, 2.221603000073297 ], [ -76.584175, 2.221079000073177 ], [ -76.584587, 2.220323000073217 ] ] ] } },
{ "type": "Feature", "properties": { "OBJECTID": 0, "Id": 0, "nombre": "Parcela 15 La Palma Argelia Ullucos", "observac": "Informacion Suministrada por Catastro IGAC", "año_reg": 2005, "acto_ad": "297 (28 octubre de 2005)" }, "geometry": { "type": "Polygon", "coordinates": [ [ [ -76.588224, 2.222167000073262 ], [ -76.588792, 2.220578000073186 ], [ -76.589471, 2.220748000073224 ], [ -76.589662, 2.22092000007325 ], [ -76.590552, 2.221031000073202 ], [ -76.591489, 2.221327000073189 ], [ -76.591317, 2.222256000073257 ], [ -76.591632, 2.222442000073288 ], [ -76.593004, 2.222958000073277 ], [ -76.592497, 2.22356800007332 ], [ -76.591794, 2.223379000073308 ], [ -76.589339, 2.222477000073254 ], [ -76.589127, 2.222470000073296 ], [ -76.588224, 2.222167000073262 ] ] ] } },
{ "type": "Feature", "properties": { "OBJECTID": 0, "Id": 0, "nombre": "Parcela 6 La Cuchilla/Las Brisas", "observac": "Informacion Suministrada por Catastro IGAC", "año_reg": 2005, "acto_ad": "290 (28 octubre de 2005)" }, "geometry": { "type": "Polygon", "coordinates": [ [ [ -76.555452, 2.250956000074217 ], [ -76.556949, 2.248356000074122 ], [ -76.557207, 2.24874800007415 ], [ -76.557376, 2.248868000074136 ], [ -76.557544, 2.249398000074129 ], [ -76.557125, 2.251227000074176 ], [ -76.556348, 2.251337000074223 ], [ -76.555452, 2.250956000074217 ] ] ] } },
{ "type": "Feature", "properties": { "OBJECTID": 0, "Id": 0, "nombre": "Parcela 20 Boca de Monte", "observac": "Informacion Suministrada por Catastro IGAC", "año_reg": 2005, "acto_ad": "298 (28 octubre de 2005)" }, "geometry": { "type": "Polygon", "coordinates": [ [ [ -76.560736, 2.248630000074153 ], [ -76.561123, 2.248860000074095 ], [ -76.56163, 2.248965000074171 ], [ -76.561525, 2.250170000074171 ], [ -76.561311, 2.251030000074213 ], [ -76.561249, 2.251651000074189 ], [ -76.559947, 2.251211000074273 ], [ -76.560364, 2.250044000074221 ], [ -76.560736, 2.248630000074153 ] ] ] } },
{ "type": "Feature", "properties": { "OBJECTID": 0, "Id": 0, "nombre": "Parcela 19 Las Brisas", "observac": "Informacion Suministrada por Catastro IGAC", "año_reg": 2005, "acto_ad": "302 (28 octubre de 2005)" }, "geometry": { "type": "Polygon", "coordinates": [ [ [ -76.561525, 2.250170000074171 ], [ -76.563292, 2.249855000074122 ], [ -76.562821, 2.250349000074155 ], [ -76.562632, 2.250688000074148 ], [ -76.562477, 2.251183000074175 ], [ -76.562455, 2.251678000074204 ], [ -76.561249, 2.251651000074189 ], [ -76.561311, 2.251030000074213 ], [ -76.561525, 2.250170000074171 ] ] ] } },
{ "type": "Feature", "properties": { "OBJECTID": 0, "Id": 0, "nombre": "Parcela 14 Las Brisas", "observac": "Informacion Suministrada por Catastro IGAC", "año_reg": 2005, "acto_ad": "293 (28 octubre de 2005)" }, "geometry": { "type": "Polygon", "coordinates": [ [ [ -76.561525, 2.250170000074171 ], [ -76.56163, 2.248965000074171 ], [ -76.561801, 2.248293000074147 ], [ -76.563756, 2.248651000074116 ], [ -76.564326, 2.249690000074141 ], [ -76.563146, 2.249840000074211 ], [ -76.561525, 2.250170000074171 ] ] ] } },
{ "type": "Feature", "properties": { "OBJECTID": 0, "Id": 0, "nombre": "Parcela 12 Las Brisas", "observac": "Informacion Suministrada por Catastro IGAC", "año_reg": 2005, "acto_ad": "304 (28 ocubre de 2005)" }, "geometry": { "type": "Polygon", "coordinates": [ [ [ -76.560513, 2.248258000074092 ], [ -76.561705, 2.245866000073985 ], [ -76.562608, 2.246088000074065 ], [ -76.562886, 2.246314000074031 ], [ -76.561804, 2.248245000074082 ], [ -76.56163, 2.248965000074171 ], [ -76.561009, 2.24879400007414 ], [ -76.560513, 2.248258000074092 ] ] ] } },
{ "type": "Feature", "properties": { "OBJECTID": 0, "Id": 0, "nombre": "Parcela 18 Bosque Bajo Parcelación Las Brisas", "observac": "Informacion Suministrada por Catastro IGAC", "año_reg": 2005, "acto_ad": "294 (28 octubre de 2005)" }, "geometry": { "type": "Polygon", "coordinates": [ [ [ -76.559549, 2.245819000074003 ], [ -76.55941, 2.245709000074046 ], [ -76.559231, 2.245314000074036 ], [ -76.559045, 2.244174000073999 ], [ -76.559968, 2.244386000073961 ], [ -76.560677, 2.244305000074006 ], [ -76.561268, 2.244081000074028 ], [ -76.561508, 2.245441000073979 ], [ -76.561468, 2.245814000074033 ], [ -76.561244, 2.245790000074089 ], [ -76.561144, 2.245685000074014 ], [ -76.560662, 2.245729000074014 ], [ -76.560409, 2.245649000074053 ], [ -76.559996, 2.245839000074059 ], [ -76.559549, 2.245819000074003 ] ] ] } },
{ "type": "Feature", "properties": { "OBJECTID": 0, "Id": 0, "nombre": "Parcela 2 La Josefina", "observac": "Informacion Suministrada por Catastro IGAC", "año_reg": 2005, "acto_ad": "307 (28 octubre de 2005)" }, "geometry": { "type": "Polygon", "coordinates": [ [ [ -76.552102, 2.241509000073943 ], [ -76.550973, 2.241481000073845 ], [ -76.551043, 2.240897000073912 ], [ -76.550988, 2.240471000073911 ], [ -76.550542, 2.23830800007384 ], [ -76.550404, 2.23812700007378 ], [ -76.551024, 2.237730000073782 ], [ -76.551219, 2.237694000073733 ], [ -76.553035, 2.237720000073753 ], [ -76.553881, 2.238448000073793 ], [ -76.554278, 2.239427000073826 ], [ -76.553922, 2.239438000073849 ], [ -76.55332, 2.239624000073879 ], [ -76.552375, 2.24139200007394 ], [ -76.552102, 2.241509000073943 ] ] ] } },
{ "type": "Feature", "properties": { "OBJECTID": 0, "Id": 0, "nombre": "Parcela 6 La Josefina", "observac": "Informacion Suministrada por Catastro IGAC", "año_reg": 2005, "acto_ad": "288 (28 octubre de 2005)" }, "geometry": { "type": "Polygon", "coordinates": [ [ [ -76.562627, 2.239690000073836 ], [ -76.561892, 2.239715000073863 ], [ -76.561676, 2.23597200007375 ], [ -76.563056, 2.236359000073719 ], [ -76.563174, 2.236592000073733 ], [ -76.563518, 2.236649000073743 ], [ -76.563446, 2.237268000073732 ], [ -76.565900999999897, 2.239056000073849 ], [ -76.565226, 2.239655000073781 ], [ -76.564117, 2.239597000073865 ], [ -76.563376, 2.239806000073845 ], [ -76.562627, 2.239690000073836 ] ] ] } },
{ "type": "Feature", "properties": { "OBJECTID": 0, "Id": 0, "nombre": "Parcela 7 La Josefina", "observac": "Informacion Suministrada por Catastro IGAC", "año_reg": 2005, "acto_ad": "291 (28 octubre de 2005)" }, "geometry": { "type": "Polygon", "coordinates": [ [ [ -76.565900999999897, 2.239056000073849 ], [ -76.563446, 2.237268000073732 ], [ -76.563518, 2.236649000073743 ], [ -76.563174, 2.236592000073733 ], [ -76.563056, 2.236359000073719 ], [ -76.565657, 2.234504000073653 ], [ -76.566218, 2.234779000073678 ], [ -76.567168, 2.237732000073769 ], [ -76.567586, 2.238534000073807 ], [ -76.567052, 2.238557000073845 ], [ -76.56622, 2.238844000073798 ], [ -76.565900999999897, 2.239056000073849 ] ] ] } },
{ "type": "Feature", "properties": { "OBJECTID": 0, "Id": 0, "nombre": "Parcela 9 La Josefina", "observac": "Informacion Suministrada por Catastro IGAC", "año_reg": 2005, "acto_ad": "301 (28 octubre de 2005)" }, "geometry": { "type": "Polygon", "coordinates": [ [ [ -76.562354, 2.231439000073527 ], [ -76.562428, 2.23194300007359 ], [ -76.562798, 2.232315000073562 ], [ -76.562661, 2.232576000073582 ], [ -76.5629, 2.232673000073619 ], [ -76.562886, 2.233175000073692 ], [ -76.562729, 2.233395000073605 ], [ -76.563168, 2.234022000073635 ], [ -76.561806, 2.234929000073659 ], [ -76.561054, 2.235170000073713 ], [ -76.559029, 2.234928000073665 ], [ -76.558435, 2.233662000073591 ], [ -76.561313, 2.232225000073573 ], [ -76.562354, 2.231439000073527 ] ] ] } },
{ "type": "Feature", "properties": { "OBJECTID": 0, "Id": 0, "nombre": "Parcela 16 La Josefina", "observac": "Informacion Suministrada por Catastro IGAC", "año_reg": 2005, "acto_ad": "300 (28 octubre de 2005)" }, "geometry": { "type": "Polygon", "coordinates": [ [ [ -76.554583, 2.235512000073688 ], [ -76.555076, 2.234225000073652 ], [ -76.555585, 2.235915000073739 ], [ -76.555754, 2.236766000073746 ], [ -76.555098, 2.236849000073777 ], [ -76.554533, 2.237318000073785 ], [ -76.553569, 2.237442000073746 ], [ -76.55409, 2.236750000073755 ], [ -76.553523, 2.236138000073723 ], [ -76.554583, 2.235512000073688 ] ] ] } },
{ "type": "Feature", "properties": { "OBJECTID": 0, "Id": 0, "nombre": "Parcela 18 Cerro de Peñas Blancas", "observac": "Informacion Suministrada por Catastro IGAC", "año_reg": 2005, "acto_ad": "295 (28 octubre de 2005)" }, "geometry": { "type": "Polygon", "coordinates": [ [ [ -76.566218, 2.234779000073678 ], [ -76.564433, 2.233981000073616 ], [ -76.564885, 2.2333960000736 ], [ -76.564646, 2.232639000073647 ], [ -76.563982, 2.232364000073621 ], [ -76.563168, 2.234022000073635 ], [ -76.562729, 2.233395000073605 ], [ -76.562886, 2.233175000073692 ], [ -76.5629, 2.232673000073619 ], [ -76.562661, 2.232576000073582 ], [ -76.562798, 2.232315000073562 ], [ -76.562428, 2.23194300007359 ], [ -76.562374, 2.231420000073553 ], [ -76.562577, 2.23122800007356 ], [ -76.562468, 2.230306000073537 ], [ -76.561668, 2.229487000073514 ], [ -76.561278, 2.229253000073506 ], [ -76.561079, 2.228913000073431 ], [ -76.560459, 2.228754000073504 ], [ -76.559392, 2.228058000073448 ], [ -76.558291, 2.227817000073483 ], [ -76.558442, 2.227521000073407 ], [ -76.55862, 2.227377000073389 ], [ -76.558763, 2.227000000073447 ], [ -76.55957, 2.226711000073418 ], [ -76.560273999999893, 2.226980000073391 ], [ -76.562764, 2.226403000073415 ], [ -76.563217, 2.226154000073409 ], [ -76.565616, 2.226008000073404 ], [ -76.567394, 2.225394000073385 ], [ -76.570126, 2.226277000073377 ], [ -76.570779, 2.227999000073448 ], [ -76.571351, 2.228548000073506 ], [ -76.570432, 2.230232000073539 ], [ -76.570539, 2.233078000073568 ], [ -76.570425, 2.234588000073678 ], [ -76.568708, 2.2345550000737 ], [ -76.568939, 2.23674100007372 ], [ -76.568875, 2.238791000073852 ], [ -76.567949, 2.238552000073786 ], [ -76.567586, 2.238534000073807 ], [ -76.567168, 2.237732000073769 ], [ -76.566314, 2.234993000073628 ], [ -76.566218, 2.234779000073678 ] ] ] } },
{ "type": "Feature", "properties": { "OBJECTID": 0, "Id": 0, "nombre": "Parcela 3 La Josefina", "observac": "Informacion Suministrada por Catastro IGAC", "año_reg": 2005, "acto_ad": "296 (28 octubre de 2005)" }, "geometry": { "type": "Polygon", "coordinates": [ [ [ -76.556104, 2.239992000073787 ], [ -76.55518, 2.239549000073889 ], [ -76.554278, 2.239427000073826 ], [ -76.553881, 2.238448000073793 ], [ -76.553035, 2.237720000073753 ], [ -76.55341, 2.237596000073792 ], [ -76.553569, 2.237442000073746 ], [ -76.554533, 2.237318000073785 ], [ -76.555098, 2.236849000073777 ], [ -76.555754, 2.236766000073746 ], [ -76.555585, 2.235915000073739 ], [ -76.556119, 2.235616000073681 ], [ -76.55636, 2.236612000073701 ], [ -76.556811, 2.236504000073731 ], [ -76.557264, 2.239839000073911 ], [ -76.556637, 2.239746000073852 ], [ -76.556104, 2.239992000073787 ] ] ] } },
{ "type": "Feature", "properties": { "OBJECTID": 0, "Id": 0, "nombre": "El Recuerdo", "observac": "Informacion Suministrada por Catastro IGAC", "año_reg": 2005, "acto_ad": "308 (11 noviembre de 2005)" }, "geometry": { "type": "Polygon", "coordinates": [ [ [ -76.434985, 2.472640000081503 ], [ -76.434615, 2.472559000081457 ], [ -76.434218, 2.472590000081449 ], [ -76.433709, 2.472756000081512 ], [ -76.433464, 2.472742000081507 ], [ -76.433187, 2.47248200008148 ], [ -76.43288, 2.472383000081456 ], [ -76.431483, 2.472135000081446 ], [ -76.431623, 2.471720000081469 ], [ -76.431414, 2.471708000081451 ], [ -76.430824, 2.471935000081412 ], [ -76.430462, 2.471822000081472 ], [ -76.430533, 2.471670000081503 ], [ -76.4309, 2.47166400008145 ], [ -76.431951, 2.470441000081383 ], [ -76.431591, 2.469254000081364 ], [ -76.430937, 2.468758000081341 ], [ -76.430417, 2.467203000081326 ], [ -76.431048, 2.467067000081348 ], [ -76.43234, 2.46723000008134 ], [ -76.432678, 2.46757300008131 ], [ -76.432728, 2.468017000081291 ], [ -76.433662, 2.468380000081317 ], [ -76.434583, 2.468925000081397 ], [ -76.435086, 2.470010000081412 ], [ -76.435449, 2.470596000081422 ], [ -76.435655, 2.47123300008148 ], [ -76.436008, 2.471626000081503 ], [ -76.436289, 2.472595000081507 ], [ -76.436734, 2.473349000081479 ], [ -76.436296, 2.473259000081491 ], [ -76.434985, 2.472640000081503 ] ] ] } },
{ "type": "Feature", "properties": { "OBJECTID": 0, "Id": 0, "nombre": "El Lucero", "observac": "Informacion Suministrada por Catastro IGAC", "año_reg": 2005, "acto_ad": "258 (30 septiembre de 2005)" }, "geometry": { "type": "Polygon", "coordinates": [ [ [ -73.92532, 10.161587000328193 ], [ -73.920539, 10.160968000328118 ], [ -73.920829, 10.160523000328141 ], [ -73.92096, 10.159648000328108 ], [ -73.920889, 10.157337000328045 ], [ -73.921208, 10.156404000328003 ], [ -73.921657, 10.155888000328018 ], [ -73.922644, 10.153018000327874 ], [ -73.923035, 10.152430000327875 ], [ -73.923716, 10.151913000327891 ], [ -73.925542, 10.151110000327863 ], [ -73.927193, 10.150838000327818 ], [ -73.927613, 10.150508000327861 ], [ -73.927629, 10.148183000327796 ], [ -73.930029, 10.148513000327755 ], [ -73.930004, 10.149261000327764 ], [ -73.931321, 10.152691000327895 ], [ -73.93132, 10.153610000327937 ], [ -73.931532, 10.154303000327916 ], [ -73.92832, 10.158000000328034 ], [ -73.931216, 10.161303000328138 ], [ -73.929202, 10.16105800032811 ], [ -73.928217, 10.161029000328105 ], [ -73.92532, 10.161587000328193 ] ] ] } },
{ "type": "Feature", "properties": { "OBJECTID": 0, "Id": 0, "nombre": "El Paraiso de los Deseos", "observac": "Informacion Suministrada por Catastro IGAC", "año_reg": 2007, "acto_ad": "233 (18 octubre de 2007)" }, "geometry": { "type": "Polygon", "coordinates": [ [ [ -76.132557, 8.692833000282398 ], [ -76.126364, 8.690905000282243 ], [ -76.126494, 8.690276000282227 ], [ -76.137169, 8.690952000282314 ], [ -76.136671, 8.692666000282344 ], [ -76.13313, 8.691539000282321 ], [ -76.132557, 8.692833000282398 ] ] ] } },
{ "type": "Feature", "properties": { "OBJECTID": 0, "Id": 0, "nombre": "Villa Paz", "observac": "Informacion Suministrada por Catastro IGAC", "año_reg": 2001, "acto_ad": "060 (2 Abril de 2001)" }, "geometry": { "type": "Polygon", "coordinates": [ [ [ -73.957585, 4.544439000149352 ], [ -73.953216, 4.544348000149281 ], [ -73.952813, 4.542985000149261 ], [ -73.952485, 4.543446000149316 ], [ -73.951984, 4.543804000149283 ], [ -73.95053, 4.544324000149336 ], [ -73.948074, 4.545030000149333 ], [ -73.948146, 4.544336000149265 ], [ -73.948277, 4.544037000149297 ], [ -73.948611, 4.543768000149323 ], [ -73.948766, 4.543792000149266 ], [ -73.949207, 4.5441390001493 ], [ -73.949326, 4.544127000149285 ], [ -73.95028, 4.543774000149287 ], [ -73.950912, 4.543367000149262 ], [ -73.951114, 4.543314000149315 ], [ -73.948808, 4.541279000149181 ], [ -73.950471999999891, 4.540057000149108 ], [ -73.951341, 4.539925000149106 ], [ -73.952689, 4.540776000149202 ], [ -73.95486, 4.541357000149243 ], [ -73.954845, 4.541870000149251 ], [ -73.955717999999891, 4.542296000149162 ], [ -73.960172, 4.543051000149218 ], [ -73.960458, 4.545803000149368 ], [ -73.95954, 4.544983000149353 ], [ -73.958711, 4.544588000149253 ], [ -73.957585, 4.544439000149352 ] ] ] } },
{ "type": "Feature", "properties": { "OBJECTID": 0, "Id": 0, "nombre": "La Gioconda", "observac": "Informacion Suministrada por Catastro IGAC", "año_reg": 2004, "acto_ad": "154 (31 agosto de 2004)" }, "geometry": { "type": "Polygon", "coordinates": [ [ [ -74.122595, 4.796168000157468 ], [ -74.123841, 4.795981000157444 ], [ -74.125571, 4.797649000157485 ], [ -74.126006, 4.800247000157679 ], [ -74.129099, 4.804479000157764 ], [ -74.128486, 4.805313000157788 ], [ -74.125173, 4.800931000157629 ], [ -74.124804, 4.798410000157594 ], [ -74.122595, 4.796168000157468 ] ] ] } },
{ "type": "Feature", "properties": { "OBJECTID": 0, "Id": 0, "nombre": "Bosques y Montes del Soche", "observac": "Informacion Suministrada por Catastro IGAC", "año_reg": 2005, "acto_ad": "207 (29 julio de 2005)\n215 (9 agosto de 2005)" }, "geometry": { "type": "Polygon", "coordinates": [ [ [ -74.3158, 4.531848000148904 ], [ -74.316476, 4.531578000148847 ], [ -74.316628, 4.533218000148882 ], [ -74.316247, 4.533421000148898 ], [ -74.316087, 4.533594000148919 ], [ -74.316161, 4.534235000148952 ], [ -74.315983, 4.534581000148993 ], [ -74.31495, 4.534699000148988 ], [ -74.31428, 4.534890000148989 ], [ -74.313758, 4.53517400014896 ], [ -74.313383, 4.535482000149052 ], [ -74.312845, 4.536153000149081 ], [ -74.311761, 4.536340000149017 ], [ -74.311792, 4.533782000148937 ], [ -74.311455, 4.532994000148904 ], [ -74.311815, 4.532940000148963 ], [ -74.312714, 4.532461000148928 ], [ -74.313915, 4.532055000148894 ], [ -74.3158, 4.531848000148904 ] ] ] } },
{ "type": "Feature", "properties": { "OBJECTID": 0, "Id": 0, "nombre": "La Argelia", "observac": "Informacion Suministrada por Catastro IGAC", "año_reg": 2005, "acto_ad": "347 (26 diciembre de 2005)" }, "geometry": { "type": "Polygon", "coordinates": [ [ [ -76.139358, 2.15999600007123 ], [ -76.140192, 2.158554000071153 ], [ -76.140737, 2.159002000071198 ], [ -76.140892, 2.159047000071193 ], [ -76.141326, 2.158980000071153 ], [ -76.141926, 2.159506000071171 ], [ -76.142274, 2.159595000071166 ], [ -76.142416, 2.160174000071219 ], [ -76.141703, 2.160891000071238 ], [ -76.140105, 2.161866000071294 ], [ -76.139378, 2.162431000071254 ], [ -76.138501, 2.161148000071194 ], [ -76.13849, 2.160913000071282 ], [ -76.139358, 2.15999600007123 ] ] ] } },
{ "type": "Feature", "properties": { "OBJECTID": 0, "Id": 0, "nombre": "El Trébol", "observac": "Informacion Suministrada por Catastro IGAC", "año_reg": 2005, "acto_ad": "349 (26 diciembre de 2005)" }, "geometry": { "type": "Polygon", "coordinates": [ [ [ -76.156166, 2.141510000070615 ], [ -76.156518, 2.140905000070541 ], [ -76.156856, 2.140792000070603 ], [ -76.157069, 2.140426000070595 ], [ -76.157145, 2.139683000070557 ], [ -76.157684, 2.13919100007051 ], [ -76.157935, 2.138019000070489 ], [ -76.1586, 2.137061000070507 ], [ -76.158789, 2.136015000070435 ], [ -76.15983, 2.134137000070418 ], [ -76.160352, 2.133356000070342 ], [ -76.161155, 2.13260700007034 ], [ -76.16208, 2.132102000070284 ], [ -76.162712, 2.134000000070358 ], [ -76.162724, 2.134618000070352 ], [ -76.162135, 2.136206000070435 ], [ -76.162059, 2.136647000070433 ], [ -76.161457, 2.138172000070541 ], [ -76.160954, 2.140454000070603 ], [ -76.160973, 2.140668000070553 ], [ -76.159065, 2.141378000070614 ], [ -76.158902, 2.141347000070623 ], [ -76.158092, 2.142202000070606 ], [ -76.157168, 2.142371000070651 ], [ -76.156957, 2.14282500007066 ], [ -76.156453, 2.143406000070612 ], [ -76.156748, 2.144354000070654 ], [ -76.156575, 2.144473000070735 ], [ -76.156142, 2.144388000070715 ], [ -76.156106, 2.143797000070736 ], [ -76.155846, 2.142381000070679 ], [ -76.156166, 2.141510000070615 ] ] ] } },
{ "type": "Feature", "properties": { "OBJECTID": 0, "Id": 0, "nombre": "EL Rosario", "observac": "Informacion Suministrada por Catastro IGAC", "año_reg": 2005, "acto_ad": "115 (01 junio de 2005)" }, "geometry": { "type": "Polygon", "coordinates": [ [ [ -76.313551, 1.812847000059817 ], [ -76.313652, 1.81212500005974 ], [ -76.313772, 1.812137000059757 ], [ -76.31459, 1.81172500005976 ], [ -76.316097, 1.810849000059726 ], [ -76.316215999999898, 1.811039000059733 ], [ -76.316374, 1.810675000059712 ], [ -76.317026, 1.810209000059686 ], [ -76.3174, 1.809675000059628 ], [ -76.317927, 1.809820000059729 ], [ -76.318298, 1.809691000059709 ], [ -76.317566, 1.810370000059691 ], [ -76.317018, 1.811308000059793 ], [ -76.316923, 1.812203000059802 ], [ -76.316761, 1.812863000059808 ], [ -76.316361, 1.813582000059815 ], [ -76.315891, 1.813207000059773 ], [ -76.315187, 1.812465000059728 ], [ -76.314887, 1.812886000059759 ], [ -76.31413, 1.814499000059868 ], [ -76.313973, 1.816001000059849 ], [ -76.313685, 1.816649000059928 ], [ -76.313232, 1.81613300005985 ], [ -76.313001, 1.815526000059877 ], [ -76.313069, 1.814543000059868 ], [ -76.313551, 1.812847000059817 ] ] ] } },
{ "type": "Feature", "properties": { "OBJECTID": 0, "Id": 0, "nombre": "El Caucho", "observac": "Informacion Suministrada por Catastro IGAC", "año_reg": 2005, "acto_ad": "139 (01 junio de 2005)" }, "geometry": { "type": "Polygon", "coordinates": [ [ [ -76.342355, 1.842136000060769 ], [ -76.343383, 1.842025000060729 ], [ -76.343686, 1.843363000060813 ], [ -76.343821, 1.844357000060844 ], [ -76.343821, 1.844532000060852 ], [ -76.343055, 1.844724000060846 ], [ -76.342925, 1.844721000060864 ], [ -76.34285, 1.844451000060809 ], [ -76.34292, 1.843363000060813 ], [ -76.342617, 1.842555000060812 ], [ -76.342355, 1.842136000060769 ] ] ] } },
{ "type": "Feature", "properties": { "OBJECTID": 0, "Id": 0, "nombre": "Monte Cristo", "observac": "Informacion Suministrada por Catastro IGAC", "año_reg": 2005, "acto_ad": "107 (01 junio de 2005)" }, "geometry": { "type": "Polygon", "coordinates": [ [ [ -76.34997, 1.850561000061002 ], [ -76.349579, 1.850539000061046 ], [ -76.349553, 1.850058000061023 ], [ -76.349389, 1.849374000060983 ], [ -76.34961, 1.849114000060956 ], [ -76.349954, 1.849514000061025 ], [ -76.350176, 1.849473000061006 ], [ -76.35126, 1.849578000060994 ], [ -76.351093, 1.850339000061012 ], [ -76.351113, 1.850694000060998 ], [ -76.351375, 1.851252000061089 ], [ -76.350168, 1.852020000061066 ], [ -76.350023, 1.851155000061054 ], [ -76.350036, 1.850660000061025 ], [ -76.34997, 1.850561000061002 ] ] ] } },
{ "type": "Feature", "properties": { "OBJECTID": 0, "Id": 0, "nombre": "El mirador", "observac": "Informacion Suministrada por Catastro IGAC", "año_reg": 2005, "acto_ad": "132 (01 junio de 2005)" }, "geometry": { "type": "Polygon", "coordinates": [ [ [ -76.341659999999891, 1.835693000060545 ], [ -76.342607, 1.83524000006053 ], [ -76.342951, 1.836112000060588 ], [ -76.343732, 1.839105000060705 ], [ -76.344346, 1.840276000060732 ], [ -76.345049, 1.841127000060739 ], [ -76.3449, 1.841468000060722 ], [ -76.344976, 1.84170000006074 ], [ -76.344703, 1.841830000060754 ], [ -76.343846, 1.842048000060767 ], [ -76.343448, 1.842031000060693 ], [ -76.342864, 1.839904000060671 ], [ -76.342443, 1.838721000060627 ], [ -76.342295, 1.837624000060597 ], [ -76.341659999999891, 1.835693000060545 ] ] ] } },
{ "type": "Feature", "properties": { "OBJECTID": 0, "Id": 0, "nombre": "El Lion", "observac": "Informacion Suministrada por Catastro IGAC", "año_reg": 2005, "acto_ad": "128 (01 junio de 2005)" }, "geometry": { "type": "Polygon", "coordinates": [ [ [ -76.393319, 1.809040000059647 ], [ -76.39378, 1.808906000059658 ], [ -76.394657, 1.809620000059694 ], [ -76.394793, 1.809944000059689 ], [ -76.395015999999899, 1.811478000059743 ], [ -76.39524, 1.811895000059799 ], [ -76.395606, 1.812165000059765 ], [ -76.396169, 1.812379000059715 ], [ -76.397452, 1.813243000059821 ], [ -76.399422, 1.814810000059853 ], [ -76.399294, 1.815329000059824 ], [ -76.399468, 1.816527000059955 ], [ -76.399468, 1.816890000059981 ], [ -76.399353, 1.81734100005992 ], [ -76.398844999999895, 1.817940000059941 ], [ -76.398134, 1.818456000059931 ], [ -76.396975, 1.818893000060042 ], [ -76.393319, 1.809040000059647 ] ] ] } },
{ "type": "Feature", "properties": { "OBJECTID": 0, "Id": 0, "nombre": "El Paraiso", "observac": "Informacion Suministrada por Catastro IGAC", "año_reg": 2005, "acto_ad": "151 (01 junio de 2005)" }, "geometry": { "type": "Polygon", "coordinates": [ [ [ -76.405732, 1.873010000061733 ], [ -76.405484, 1.872953000061811 ], [ -76.405326, 1.873022000061749 ], [ -76.404741, 1.872869000061786 ], [ -76.404214, 1.872934000061747 ], [ -76.40404, 1.872856000061775 ], [ -76.403986, 1.872699000061747 ], [ -76.404569, 1.870989000061691 ], [ -76.404443, 1.870724000061694 ], [ -76.404455, 1.870530000061712 ], [ -76.404569, 1.870216000061657 ], [ -76.405128, 1.869522000061677 ], [ -76.405212, 1.868562000061618 ], [ -76.404918, 1.867921000061585 ], [ -76.402632, 1.864719000061488 ], [ -76.402434, 1.864230000061424 ], [ -76.402609, 1.863445000061462 ], [ -76.402921, 1.862817000061439 ], [ -76.403608, 1.861905000061356 ], [ -76.404032, 1.861597000061441 ], [ -76.408879, 1.861576000061391 ], [ -76.40938, 1.861727000061366 ], [ -76.409296, 1.862182000061458 ], [ -76.408223, 1.864050000061447 ], [ -76.408423, 1.864920000061516 ], [ -76.409127, 1.866120000061547 ], [ -76.409127, 1.866676000061561 ], [ -76.408974, 1.867272000061599 ], [ -76.408462, 1.867755000061611 ], [ -76.408126, 1.868761000061659 ], [ -76.408093, 1.870259000061663 ], [ -76.407837, 1.871040000061739 ], [ -76.407564, 1.871378000061739 ], [ -76.406291, 1.872425000061716 ], [ -76.405969, 1.873220000061796 ], [ -76.405732, 1.873010000061733 ] ] ] } },
{ "type": "Feature", "properties": { "OBJECTID": 0, "Id": 0, "nombre": "La Esperanza", "observac": "Informacion Suministrada por Catastro IGAC", "año_reg": 2005, "acto_ad": "129 (01 junio de 2005)" }, "geometry": { "type": "Polygon", "coordinates": [ [ [ -76.408879, 1.861576000061391 ], [ -76.406769, 1.86156800006135 ], [ -76.406734, 1.86140300006137 ], [ -76.407324, 1.860981000061345 ], [ -76.4076, 1.860570000061343 ], [ -76.407901, 1.860317000061362 ], [ -76.408297, 1.860148000061318 ], [ -76.408405, 1.859985000061326 ], [ -76.408303, 1.859085000061348 ], [ -76.408406, 1.858215000061278 ], [ -76.408718, 1.857279000061251 ], [ -76.408628, 1.856717000061274 ], [ -76.40831, 1.85614300006119 ], [ -76.408202, 1.855702000061192 ], [ -76.408215, 1.855128000061197 ], [ -76.408395, 1.854216000061203 ], [ -76.408569, 1.853830000061138 ], [ -76.408725, 1.853546000061167 ], [ -76.409294, 1.852937000061118 ], [ -76.409296, 1.853109000061145 ], [ -76.41024, 1.854100000061194 ], [ -76.411321, 1.855002000061248 ], [ -76.410872, 1.857071000061265 ], [ -76.413137, 1.855792000061269 ], [ -76.41401, 1.85553400006123 ], [ -76.414442, 1.855535000061224 ], [ -76.414426, 1.855833000061198 ], [ -76.413889, 1.85660500006124 ], [ -76.413441, 1.857443000061237 ], [ -76.41328, 1.858095000061293 ], [ -76.413368, 1.860624000061372 ], [ -76.413512, 1.860978000061363 ], [ -76.413079, 1.861018000061388 ], [ -76.412527, 1.86122000006141 ], [ -76.411726, 1.861678000061395 ], [ -76.411081, 1.862220000061405 ], [ -76.408879, 1.861576000061391 ] ] ] } },
{ "type": "Feature", "properties": { "OBJECTID": 0, "Id": 0, "nombre": "El Diviso", "observac": "Informacion Suministrada por Catastro IGAC", "año_reg": 2005, "acto_ad": "149 (01 junio de 2005)" }, "geometry": { "type": "Polygon", "coordinates": [ [ [ -76.407085, 1.963866000064728 ], [ -76.405581, 1.963270000064689 ], [ -76.403755, 1.963306000064738 ], [ -76.402447, 1.963776000064739 ], [ -76.401278, 1.96473100006474 ], [ -76.400869, 1.964892000064744 ], [ -76.400672, 1.964421000064837 ], [ -76.400117, 1.963928000064797 ], [ -76.399759, 1.963877000064751 ], [ -76.399533, 1.963568000064753 ], [ -76.399562, 1.963362000064754 ], [ -76.39973, 1.963230000064754 ], [ -76.399789, 1.962650000064706 ], [ -76.399905, 1.962459000064706 ], [ -76.400262999999896, 1.962349000064749 ], [ -76.400782, 1.962341000064709 ], [ -76.401007999999891, 1.962172000064753 ], [ -76.401129, 1.961886000064705 ], [ -76.401696, 1.962071000064653 ], [ -76.402127, 1.962093000064698 ], [ -76.40357, 1.961388000064696 ], [ -76.404895, 1.961499000064736 ], [ -76.406151, 1.961492000064689 ], [ -76.406801, 1.961323000064645 ], [ -76.407159, 1.961081000064687 ], [ -76.407225, 1.960897000064644 ], [ -76.407181, 1.960361000064598 ], [ -76.406736, 1.959839000064644 ], [ -76.406408, 1.958773000064605 ], [ -76.406495, 1.958384000064557 ], [ -76.407174999999896, 1.957686000064514 ], [ -76.407263, 1.957098000064516 ], [ -76.407183, 1.956253000064559 ], [ -76.406796, 1.95452600006443 ], [ -76.40583, 1.952143000064356 ], [ -76.406496, 1.952014000064337 ], [ -76.407682, 1.953070000064349 ], [ -76.408244, 1.953886000064479 ], [ -76.408945, 1.955893000064515 ], [ -76.409273, 1.956451000064518 ], [ -76.409989, 1.957091000064558 ], [ -76.410901, 1.957488000064555 ], [ -76.411223, 1.957730000064514 ], [ -76.41142, 1.958002000064557 ], [ -76.411449, 1.958392000064598 ], [ -76.411325, 1.958590000064644 ], [ -76.410791, 1.958994000064601 ], [ -76.41028, 1.959538000064599 ], [ -76.409366, 1.961463000064687 ], [ -76.409322, 1.961779000064642 ], [ -76.409475, 1.96245500006473 ], [ -76.409709, 1.962881000064731 ], [ -76.411132, 1.965026000064821 ], [ -76.410334, 1.965182000064767 ], [ -76.409757, 1.965403000064764 ], [ -76.409159, 1.965446000064769 ], [ -76.408479, 1.965270000064768 ], [ -76.407939, 1.964711000064771 ], [ -76.407523, 1.964483000064729 ], [ -76.407085, 1.963866000064728 ] ] ] } },
{ "type": "Feature", "properties": { "OBJECTID": 0, "Id": 0, "nombre": "El Tigre", "observac": "Informacion Suministrada por Catastro IGAC", "año_reg": 2005, "acto_ad": "141 (1 junio de 2005)" }, "geometry": { "type": "Polygon", "coordinates": [ [ [ -76.411921, 1.931730000063755 ], [ -76.412191, 1.931730000063755 ], [ -76.413312, 1.932768000063786 ], [ -76.413699, 1.932963000063763 ], [ -76.414355, 1.933522000063758 ], [ -76.414796, 1.933784000063774 ], [ -76.415974, 1.935049000063854 ], [ -76.416762, 1.935400000063864 ], [ -76.417069, 1.935723000063866 ], [ -76.417502, 1.937228000063917 ], [ -76.41667, 1.937549000063931 ], [ -76.415424, 1.937891000063906 ], [ -76.414303, 1.93806500006392 ], [ -76.4138, 1.936838000063876 ], [ -76.412756, 1.935412000063792 ], [ -76.412216, 1.934390000063841 ], [ -76.412099, 1.933803000063837 ], [ -76.412151, 1.932884000063795 ], [ -76.411921, 1.931730000063755 ] ] ] } },
{ "type": "Feature", "properties": { "OBJECTID": 0, "Id": 0, "nombre": "Cerro Pacande", "observac": "Informacion Suministrada por Catastro IGAC", "año_reg": 2003, "acto_ad": "374 (15 diciembre de 2003)" }, "geometry": { "type": "Polygon", "coordinates": [ [ [ -75.153811, 3.526560000116086 ], [ -75.153851, 3.525408000116033 ], [ -75.154405, 3.525544000116011 ], [ -75.156666, 3.526660000116104 ], [ -75.158826, 3.527339000116086 ], [ -75.158594, 3.528865000116099 ], [ -75.15706, 3.529728000116121 ], [ -75.154999, 3.530714000116201 ], [ -75.154069, 3.530343000116224 ], [ -75.153478, 3.529988000116148 ], [ -75.15347, 3.52852000011614 ], [ -75.153669, 3.527910000116097 ], [ -75.153666, 3.527249000116096 ], [ -75.153811, 3.526560000116086 ] ] ] } },
{ "type": "Feature", "properties": { "OBJECTID": 0, "Id": 0, "nombre": "La Cabañita", "observac": "Informacion Suministrada por Catastro IGAC", "año_reg": 2009, "acto_ad": "061 (27 marzo 2009)" }, "geometry": { "type": "Polygon", "coordinates": [ [ [ -76.298176, 4.290435000141035 ], [ -76.298671, 4.29021700014102 ], [ -76.298765, 4.290360000140955 ], [ -76.298476, 4.290536000141046 ], [ -76.298176, 4.290435000141035 ] ] ] } },
{ "type": "Feature", "properties": { "OBJECTID": 0, "Id": 0, "nombre": "Tierra Blanca No 2", "observac": "Informacion Suministrada por Catastro IGAC", "año_reg": 2009, "acto_ad": "060 (27 marzo 2009)" }, "geometry": { "type": "Polygon", "coordinates": [ [ [ -76.665141, 3.740152000123048 ], [ -76.665113, 3.739549000123052 ], [ -76.665499, 3.738903000123049 ], [ -76.665442, 3.738358000122967 ], [ -76.665514, 3.737827000122981 ], [ -76.665843, 3.737454000123014 ], [ -76.666229, 3.737181000122887 ], [ -76.6664, 3.737152000122975 ], [ -76.666672, 3.736865000122934 ], [ -76.66703, 3.736435000122867 ], [ -76.667124, 3.736089000122917 ], [ -76.669388, 3.736063000122896 ], [ -76.669588, 3.73467000012288 ], [ -76.670046, 3.734297000122823 ], [ -76.672426, 3.736137000122893 ], [ -76.671631, 3.73698300012293 ], [ -76.671359, 3.737126000122955 ], [ -76.671073, 3.737111000122955 ], [ -76.670673, 3.736925000122925 ], [ -76.670445, 3.736953000122933 ], [ -76.670387, 3.73755600012293 ], [ -76.671088, 3.737557000122925 ], [ -76.67153, 3.738346000122951 ], [ -76.671949, 3.738812000122976 ], [ -76.670744, 3.739681000123054 ], [ -76.670029, 3.739882000122992 ], [ -76.668214, 3.739866000123088 ], [ -76.668154, 3.740368000123075 ], [ -76.66687, 3.740770000123042 ], [ -76.66494, 3.742291000123086 ], [ -76.664783, 3.742147000123067 ], [ -76.664181, 3.74187900012309 ], [ -76.66424, 3.74167300012309 ], [ -76.664698, 3.741243000123115 ], [ -76.665041, 3.740755000123044 ], [ -76.665141, 3.740152000123048 ] ] ] } },
{ "type": "Feature", "properties": { "OBJECTID": 0, "Id": 0, "nombre": "Manga Bonita", "observac": "Informacion Suministrada por Catastro IGAC", "año_reg": 2009, "acto_ad": "062 (27 marzo de 2009)" }, "geometry": { "type": "Polygon", "coordinates": [ [ [ -76.238117, 4.685942000153914 ], [ -76.237846, 4.685907000153859 ], [ -76.237395, 4.686477000153878 ], [ -76.237075, 4.686713000153961 ], [ -76.236839, 4.686560000153908 ], [ -76.236264, 4.686566000153871 ], [ -76.235702, 4.686209000153898 ], [ -76.235647, 4.686347000153952 ], [ -76.235085, 4.685618000153918 ], [ -76.234762, 4.685344000153888 ], [ -76.234304, 4.684704000153848 ], [ -76.233825, 4.684385000153821 ], [ -76.232618, 4.68388600015382 ], [ -76.232653, 4.683718000153859 ], [ -76.232584, 4.683673000153863 ], [ -76.232868, 4.683461000153812 ], [ -76.233285, 4.682766000153837 ], [ -76.233452, 4.682002000153751 ], [ -76.233611, 4.681786000153723 ], [ -76.233903, 4.681627000153797 ], [ -76.234686, 4.681593000153734 ], [ -76.235163999999898, 4.681322000153687 ], [ -76.235435, 4.680989000153746 ], [ -76.236449, 4.67886300015363 ], [ -76.236436, 4.678261000153627 ], [ -76.236735, 4.678373000153661 ], [ -76.237197, 4.67836000015365 ], [ -76.237394, 4.678524000153636 ], [ -76.237469, 4.678852000153697 ], [ -76.237714, 4.679064000153658 ], [ -76.23817, 4.679024000153632 ], [ -76.238428, 4.679113000153628 ], [ -76.239188, 4.680189000153695 ], [ -76.238476, 4.681452000153699 ], [ -76.238288, 4.681938000153782 ], [ -76.238148, 4.682918000153808 ], [ -76.238002, 4.683363000153782 ], [ -76.23735, 4.684363000153867 ], [ -76.237342, 4.684558000153843 ], [ -76.238796, 4.685846000153875 ], [ -76.239634, 4.6863410001539 ], [ -76.239231, 4.686902000153884 ], [ -76.238117, 4.685942000153914 ] ] ] } },
{ "type": "Feature", "properties": { "OBJECTID": 1, "Id": 1, "nombre": "Bosque Peña Blanca", "observac": "Vectorizado a partir de plano enviado por Corpoguavio", "año_reg": 2013, "acto_ad": "0090 (20 septiembre de 2013)" }, "geometry": { "type": "Polygon", "coordinates": [ [ [ -73.708867545901001, 4.713491760019191 ], [ -73.708531470357428, 4.71338656652365 ], [ -73.708012880951898, 4.713392847099549 ], [ -73.707239117690378, 4.712615560247415 ], [ -73.706849173150701, 4.712386775188345 ], [ -73.706353775624549, 4.712138147783097 ], [ -73.705689025709447, 4.712133216842744 ], [ -73.705425665273637, 4.711986246483005 ], [ -73.70539744543477, 4.711307146312626 ], [ -73.70530626372603, 4.711009631552155 ], [ -73.705156146941576, 4.710826541119384 ], [ -73.70478927179991, 4.710643126525236 ], [ -73.703301994863637, 4.710270022903887 ], [ -73.702865500659883, 4.710410269195131 ], [ -73.702314918596826, 4.710228364002606 ], [ -73.701765988964468, 4.709487237964697 ], [ -73.701289163856856, 4.709236383674074 ], [ -73.700613398425006, 4.708637125429965 ], [ -73.700260729298236, 4.70842252739561 ], [ -73.69902639849704, 4.707929299967549 ], [ -73.697901080109787, 4.70764231680401 ], [ -73.697382690030636, 4.707356567991439 ], [ -73.696913403261533, 4.707271335485873 ], [ -73.696089999865194, 4.706538637098054 ], [ -73.695706313322148, 4.706318087808344 ], [ -73.695504008286065, 4.706062904178324 ], [ -73.695431382745923, 4.705761121368317 ], [ -73.694931920965544, 4.705263976767809 ], [ -73.694940964707328, 4.704596987687839 ], [ -73.694818506977015, 4.704260407564918 ], [ -73.693675181834948, 4.703277657914686 ], [ -73.693537829788227, 4.702885265785203 ], [ -73.693519050285516, 4.70159452860126 ], [ -73.69316117261522, 4.700796595283375 ], [ -73.693333661829143, 4.700242307415343 ], [ -73.693346657441666, 4.699619060983596 ], [ -73.693501266610767, 4.699373396781157 ], [ -73.693571704754362, 4.698712373659063 ], [ -73.69451197405769, 4.698032088243938 ], [ -73.695127457638804, 4.69619265999509 ], [ -73.697302843738228, 4.695616487895988 ], [ -73.698800452036792, 4.694834405281534 ], [ -73.699342025408342, 4.694364984157718 ], [ -73.700586345780735, 4.692995604981182 ], [ -73.701919785040346, 4.691231503541862 ], [ -73.703601100621952, 4.692022293844691 ], [ -73.703814174464142, 4.69226275906826 ], [ -73.704198817444862, 4.692130261268408 ], [ -73.704709598182035, 4.692256735989092 ], [ -73.705910255917516, 4.691704014079804 ], [ -73.706500797706155, 4.691561106715252 ], [ -73.707422138248361, 4.691613673760915 ], [ -73.710588466584724, 4.693130383885506 ], [ -73.713857836303731, 4.694464234358281 ], [ -73.714740896046067, 4.69488409046214 ], [ -73.716077904525292, 4.695679414495006 ], [ -73.716048027118276, 4.70405753420572 ], [ -73.715260222909663, 4.710284167785739 ], [ -73.714300473102952, 4.711426226983044 ], [ -73.712691669570944, 4.712630430666077 ], [ -73.710219521987227, 4.714920394485003 ], [ -73.709771424935639, 4.715250783818991 ], [ -73.709655623693621, 4.715128444470601 ], [ -73.709101596608733, 4.713758541045214 ], [ -73.708867545901001, 4.713491760019191 ] ] ] } },
{ "type": "Feature", "properties": { "OBJECTID": 2, "Id": 2, "nombre": "Pantanillo", "observac": "Información en formato DWG suministrado por el usuario", "año_reg": 2013, "acto_ad": "0142 (17 diciembre de 2013) Modificacion" }, "geometry": { "type": "MultiPolygon", "coordinates": [ [ [ [ -73.624468879528081, 5.794161550688784 ], [ -73.625032514132556, 5.794121491481235 ], [ -73.625077936511104, 5.794503743079076 ], [ -73.624894048621059, 5.795370324584155 ], [ -73.624468879528081, 5.794161550688784 ] ] ], [ [ [ -73.621505481134534, 5.79712081238722 ], [ -73.621322221048842, 5.796999543428058 ], [ -73.621177967513177, 5.797087819327203 ], [ -73.620970279125686, 5.796991564698544 ], [ -73.620980122443484, 5.7968845918939 ], [ -73.620790523436256, 5.796875691341597 ], [ -73.620764448691375, 5.79676420541125 ], [ -73.620530860734505, 5.796765539755825 ], [ -73.620377911699734, 5.796396952268708 ], [ -73.62045097727713, 5.796319885163655 ], [ -73.620500132316295, 5.796378324807677 ], [ -73.620626846207415, 5.796224230050143 ], [ -73.620666168839932, 5.795949321387013 ], [ -73.621068631276387, 5.795861682315717 ], [ -73.621209590227636, 5.795620110116829 ], [ -73.621616527717833, 5.795584475766248 ], [ -73.622513152331237, 5.794952487046771 ], [ -73.622627810471556, 5.794672251877671 ], [ -73.623375129333908, 5.794396746856364 ], [ -73.624371047342777, 5.794165176448701 ], [ -73.624833535044218, 5.79549003866083 ], [ -73.624746476725988, 5.79566226611945 ], [ -73.624773534255837, 5.795858218315402 ], [ -73.624280459048293, 5.795828241359402 ], [ -73.624059293105859, 5.796105720975731 ], [ -73.623787565789371, 5.796183714327981 ], [ -73.623697425182399, 5.796352396880877 ], [ -73.623440069524918, 5.796375736101197 ], [ -73.623022126146054, 5.796247243794653 ], [ -73.622867776092789, 5.796324240808701 ], [ -73.622562074773612, 5.796169555916606 ], [ -73.622584147758459, 5.796425962603792 ], [ -73.622179941052934, 5.796756522318503 ], [ -73.621505481134534, 5.79712081238722 ] ] ] ] } },
{ "type": "Feature", "properties": { "OBJECTID": 4, "Id": 4, "nombre": "Las Lagunas Encantadas", "observac": "Vectorizado a partir de plancha cartográfica IGAC suministrada por el usuario", "año_reg": 2013, "acto_ad": "0141 (17 diciembre de 2013)" }, "geometry": { "type": "Polygon", "coordinates": [ [ [ -73.08443633391137, 5.965999990941695 ], [ -73.083649014993455, 5.966357990015398 ], [ -73.083511055096253, 5.966302118048143 ], [ -73.08322940163751, 5.962297605646238 ], [ -73.082992115221828, 5.960856126561824 ], [ -73.082465064465154, 5.958939424115212 ], [ -73.081558014610792, 5.956520294788595 ], [ -73.081251630266081, 5.955491011155449 ], [ -73.080228859059972, 5.952889905041696 ], [ -73.0778324720916, 5.94806425691441 ], [ -73.078752842267789, 5.947618425062974 ], [ -73.078666307671256, 5.947175914792419 ], [ -73.082737234329457, 5.94481823574002 ], [ -73.081886048207139, 5.946716421348261 ], [ -73.082086065037174, 5.946840020112508 ], [ -73.08556998025928, 5.950468654929617 ], [ -73.088052683052069, 5.949686130913733 ], [ -73.088586920596796, 5.949707662904353 ], [ -73.089844657455316, 5.950208850197587 ], [ -73.091395982078538, 5.950283635242359 ], [ -73.092027068506326, 5.950732261493958 ], [ -73.093685170853817, 5.952277963893698 ], [ -73.094341908807863, 5.953471180287645 ], [ -73.094540974259459, 5.954196792685357 ], [ -73.094320401028313, 5.954732627267421 ], [ -73.093764459708765, 5.955356591875677 ], [ -73.093156958103279, 5.956806022512895 ], [ -73.092890379855746, 5.957210610402061 ], [ -73.090641651221603, 5.958568375016976 ], [ -73.088844764203529, 5.959340561966052 ], [ -73.088601700188335, 5.959521439945553 ], [ -73.088063905616323, 5.960205819801441 ], [ -73.086744417938007, 5.961183315903878 ], [ -73.086462448472545, 5.961572440853203 ], [ -73.085936415069924, 5.962697955167047 ], [ -73.086018334023919, 5.963993067429305 ], [ -73.085782350644251, 5.964596549034105 ], [ -73.08564898487495, 5.965251846295014 ], [ -73.085282245132532, 5.965640817390872 ], [ -73.085238620007132, 5.966331274450549 ], [ -73.084990366421721, 5.966449452448054 ], [ -73.084551378751215, 5.966303995514896 ], [ -73.084438848826451, 5.966208313455255 ], [ -73.08443633391137, 5.965999990941695 ] ] ] } },
{ "type": "Feature", "properties": { "OBJECTID": 5, "Id": 5, "nombre": "Aguas Calientes", "observac": "Vectorizado a partir de plano suministrado por el usuario", "año_reg": 2012, "acto_ad": "0003 (18 enero de 2012)" }, "geometry": { "type": "Polygon", "coordinates": [ [ [ -73.084655592286794, 4.601335799045289 ], [ -73.084622049287219, 4.59757711793071 ], [ -73.082866623831066, 4.596732216592701 ], [ -73.082077929999471, 4.59421239961603 ], [ -73.080922710657632, 4.59210681617822 ], [ -73.081260019558229, 4.591031541294686 ], [ -73.08106729839146, 4.590296826912118 ], [ -73.080607719270574, 4.58950989655851 ], [ -73.077650466478374, 4.582951921430617 ], [ -73.081631352544576, 4.580931275556841 ], [ -73.081756498337867, 4.580719756773965 ], [ -73.081744454987941, 4.580088980896369 ], [ -73.083102297653198, 4.578872554701772 ], [ -73.084077539836187, 4.577240847618038 ], [ -73.091841622395279, 4.579156830996953 ], [ -73.09188822940466, 4.579705570933772 ], [ -73.091775753856481, 4.580098561442594 ], [ -73.091744800499413, 4.580694717513659 ], [ -73.091976960631669, 4.580932653070242 ], [ -73.092481518796347, 4.580319868522746 ], [ -73.092783001021729, 4.580238198483301 ], [ -73.092756773363647, 4.580527621257776 ], [ -73.092593478228707, 4.580846971835757 ], [ -73.092833016317101, 4.580976266857939 ], [ -73.093022779933051, 4.58073459242135 ], [ -73.093401637418182, 4.580740874451015 ], [ -73.093693751449791, 4.58121362749511 ], [ -73.093715279887874, 4.582262045840622 ], [ -73.094197213536958, 4.58245280162054 ], [ -73.094374544151577, 4.582908115517404 ], [ -73.096553157181205, 4.580710643737501 ], [ -73.103205814707806, 4.585299254627548 ], [ -73.103912746446355, 4.584666575335931 ], [ -73.105871717265444, 4.58782018039225 ], [ -73.107426201090263, 4.588697875573473 ], [ -73.10826309795435, 4.58959763531038 ], [ -73.10562383363245, 4.594365862085143 ], [ -73.105204525367924, 4.595609535549517 ], [ -73.105034571144785, 4.597117086905655 ], [ -73.104014619490215, 4.599971408330396 ], [ -73.103681106500801, 4.601439852042872 ], [ -73.10383016426978, 4.60264109765037 ], [ -73.102243335654251, 4.601260751230533 ], [ -73.101036342975576, 4.599181036550013 ], [ -73.100404519456262, 4.598393877043877 ], [ -73.099452436163361, 4.598824598937305 ], [ -73.099412632496481, 4.599597875892727 ], [ -73.097992225530149, 4.599319424751989 ], [ -73.097436662863615, 4.599439628234117 ], [ -73.097147728037839, 4.599784853280946 ], [ -73.097061046699849, 4.600203801586765 ], [ -73.097133541366347, 4.600713695102729 ], [ -73.09574215937468, 4.601247492475061 ], [ -73.095197609918614, 4.599613674150896 ], [ -73.095104282193319, 4.598598278891347 ], [ -73.093339839869003, 4.60117072973515 ], [ -73.093352008492673, 4.601715101890711 ], [ -73.092494072996487, 4.602556369323111 ], [ -73.091885308982299, 4.603791125868647 ], [ -73.086990100672409, 4.60685603919119 ], [ -73.084655592286794, 4.601335799045289 ] ] ] } }
]
}
